sensor_id,station_id,parameter,original_parameter,original_unit,datetime_first_utc,datetime_last_utc,span_days_in_request,is_monitor,provider,owner,selected_for_variable
13866,13,NO2,no2,µg/m³,2016-11-02T19:00:00Z,2018-02-22T04:00:00Z,0,True,CPCB,Unknown Governmental Organization,True
13864,13,PM2.5,pm25,µg/m³,2016-11-02T19:00:00Z,2018-02-22T04:00:00Z,0,True,CPCB,Unknown Governmental Organization,True
24,13,O3,o3,µg/m³,,,0,True,CPCB,Unknown Governmental Organization,True
26,15,PM10,pm10,µg/m³,,,0,True,CPCB,Unknown Governmental Organization,True
27,15,CO,co,µg/m³,,,0,True,CPCB,Unknown Governmental Organization,True
29,15,O3,o3,µg/m³,,,0,True,CPCB,Unknown Governmental Organization,True
30,15,PM2.5,pm25,µg/m³,,,0,True,CPCB,Unknown Governmental Organization,True
28,15,NO2,no2,µg/m³,,,0,True,CPCB,Unknown Governmental Organization,True
31,16,PM10,pm10,µg/m³,,,0,True,CPCB,Unknown Governmental Organization,True
32,16,NO2,no2,µg/m³,,,0,True,CPCB,Unknown Governmental Organization,True
33,16,CO,co,µg/m³,,,0,True,CPCB,Unknown Governmental Organization,True
34,16,PM2.5,pm25,µg/m³,,,0,True,CPCB,Unknown Governmental Organization,True
12234785,17,O3,o3,µg/m³,2025-02-18T20:15:00Z,2026-09-29T14:30:00Z,589,True,CPCB,Delhi Pollution Control Committee,True
12234787,17,PM2.5,pm25,µg/m³,2025-02-18T20:15:00Z,2026-09-29T14:30:00Z,589,True,CPCB,Delhi Pollution Control Committee,True
12234784,17,NO2,no2,ppb,2025-02-18T20:15:00Z,2026-09-29T14:30:00Z,589,True,CPCB,Delhi Pollution Control Committee,True
12234786,17,PM10,pm10,µg/m³,2025-02-18T20:30:00Z,2026-09-29T14:30:00Z,589,True,CPCB,Delhi Pollution Control Committee,True
12234782,17,CO,co,ppb,2025-02-18T20:15:00Z,2026-09-29T14:30:00Z,589,True,CPCB,Delhi Pollution Control Committee,True
12234790,17,temperature,temperature,c,2025-02-18T20:15:00Z,2026-09-29T14:30:00Z,589,True,CPCB,Delhi Pollution Control Committee,True
12234788,17,relative_humidity,relativehumidity,%,2025-02-18T20:15:00Z,2026-09-29T14:30:00Z,589,True,CPCB,Delhi Pollution Control Committee,True
12234789,17,SO2,so2,ppb,2025-02-18T20:15:00Z,2026-09-29T14:30:00Z,589,True,CPCB,Delhi Pollution Control Committee,True
14340715,17,wind_speed,wind_speed,m/s,2025-10-10T18:15:00Z,2026-09-29T14:30:00Z,355,True,CPCB,Delhi Pollution Control Committee,True
14340714,17,wind_direction,wind_direction,deg,2025-10-10T18:15:00Z,2026-09-29T14:30:00Z,355,True,CPCB,Delhi Pollution Control Committee,True
14340713,17,NOx,nox,ppb,2025-10-10T18:15:00Z,2026-09-29T14:30:00Z,355,True,CPCB,Delhi Pollution Control Committee,True
399,17,PM10,pm10,µg/m³,2016-02-05T14:55:00Z,2018-02-21T21:15:00Z,0,True,CPCB,Delhi Pollution Control Committee,False
35,17,PM2.5,pm25,µg/m³,2016-02-05T14:55:00Z,2018-02-21T21:15:00Z,0,True,CPCB,Delhi Pollution Control Committee,False
394,17,O3,o3,µg/m³,2016-02-05T14:55:00Z,2018-01-24T09:30:00Z,0,True,CPCB,Delhi Pollution Control Committee,False
36,17,NO2,no2,µg/m³,2016-02-05T14:55:00Z,2018-02-21T20:45:00Z,0,True,CPCB,Delhi Pollution Control Committee,False
392,17,CO,co,µg/m³,2016-02-05T14:55:00Z,2018-02-21T20:45:00Z,0,True,CPCB,Delhi Pollution Control Committee,False
393,17,SO2,so2,µg/m³,2016-02-05T14:55:00Z,2018-02-21T21:15:00Z,0,True,CPCB,Delhi Pollution Control Committee,False
12234798,50,SO2,so2,ppb,2025-02-18T20:15:00Z,2026-09-29T14:30:00Z,589,True,CPCB,Delhi Pollution Control Committee,True
12234796,50,PM2.5,pm25,µg/m³,2025-02-18T20:15:00Z,2026-09-29T14:30:00Z,589,True,CPCB,Delhi Pollution Control Committee,True
12234794,50,O3,o3,µg/m³,2025-02-18T20:30:00Z,2026-09-29T14:30:00Z,589,True,CPCB,Delhi Pollution Control Committee,True
12234797,50,relative_humidity,relativehumidity,%,2025-02-18T20:15:00Z,2026-09-29T14:30:00Z,589,True,CPCB,Delhi Pollution Control Committee,True
12234793,50,NO2,no2,ppb,2025-02-18T20:15:00Z,2026-09-29T14:30:00Z,589,True,CPCB,Delhi Pollution Control Committee,True
12234791,50,CO,co,ppb,2025-02-18T20:15:00Z,2026-09-29T14:30:00Z,589,True,CPCB,Delhi Pollution Control Committee,True
12234795,50,PM10,pm10,µg/m³,2025-02-18T20:15:00Z,2026-09-29T14:30:00Z,589,True,CPCB,Delhi Pollution Control Committee,True
12234799,50,temperature,temperature,c,2025-02-18T20:15:00Z,2026-09-29T14:30:00Z,589,True,CPCB,Delhi Pollution Control Committee,True
14340717,50,wind_direction,wind_direction,deg,2025-10-10T18:15:00Z,2026-09-29T14:30:00Z,355,True,CPCB,Delhi Pollution Control Committee,True
14340716,50,NOx,nox,ppb,2025-10-10T18:15:00Z,2026-09-29T14:30:00Z,355,True,CPCB,Delhi Pollution Control Committee,True
14340718,50,wind_speed,wind_speed,m/s,2025-10-10T18:15:00Z,2026-09-29T14:30:00Z,355,True,CPCB,Delhi Pollution Control Committee,True
395,50,PM10,pm10,µg/m³,2016-02-05T14:55:00Z,2018-02-21T21:15:00Z,0,True,CPCB,Delhi Pollution Control Committee,False
71,50,O3,o3,µg/m³,2016-02-05T15:00:00Z,2018-01-24T09:30:00Z,0,True,CPCB,Delhi Pollution Control Committee,False
397,50,SO2,so2,µg/m³,2016-02-05T15:00:00Z,2018-02-21T21:15:00Z,0,True,CPCB,Delhi Pollution Control Committee,False
400,50,NO2,no2,µg/m³,2016-02-05T15:00:00Z,2018-02-21T20:45:00Z,0,True,CPCB,Delhi Pollution Control Committee,False
398,50,CO,co,µg/m³,2016-02-05T15:00:00Z,2018-02-21T21:15:00Z,0,True,CPCB,Delhi Pollution Control Committee,False
396,50,PM2.5,pm25,µg/m³,2016-02-05T14:55:00Z,2018-02-21T21:15:00Z,0,True,CPCB,Delhi Pollution Control Committee,False
169,103,CO,co,µg/m³,,,0,True,CPCB,Unknown Governmental Organization,True
13861,103,PM2.5,pm25,µg/m³,2016-11-02T18:30:00Z,2018-02-22T03:45:00Z,0,True,CPCB,Unknown Governmental Organization,True
13863,103,NO2,no2,µg/m³,2016-11-02T18:30:00Z,2018-02-22T03:45:00Z,0,True,CPCB,Unknown Governmental Organization,True
13862,103,PM10,pm10,µg/m³,2016-11-02T18:30:00Z,2018-02-22T03:45:00Z,0,True,CPCB,Unknown Governmental Organization,True
168,103,O3,o3,µg/m³,,,0,True,CPCB,Unknown Governmental Organization,True
380,235,O3,o3,µg/m³,2016-02-05T14:15:00Z,2018-01-23T04:30:00Z,0,True,CPCB,Delhi Pollution Control Committee,False
383,235,SO2,so2,µg/m³,2016-02-05T14:15:00Z,2018-02-21T21:15:00Z,0,True,CPCB,Delhi Pollution Control Committee,False
382,235,NO2,no2,µg/m³,2016-02-05T14:15:00Z,2018-02-21T21:15:00Z,0,True,CPCB,Delhi Pollution Control Committee,False
381,235,PM10,pm10,µg/m³,2016-02-05T14:15:00Z,2018-02-21T21:15:00Z,0,True,CPCB,Delhi Pollution Control Committee,False
385,235,CO,co,µg/m³,2016-02-05T14:15:00Z,2016-03-21T14:45:00Z,0,True,CPCB,Delhi Pollution Control Committee,False
384,235,PM2.5,pm25,µg/m³,2016-02-05T14:15:00Z,2018-02-21T21:15:00Z,0,True,CPCB,Delhi Pollution Control Committee,False
12235608,235,O3,o3,µg/m³,2025-02-18T22:30:00Z,2026-09-29T14:30:00Z,589,True,CPCB,Delhi Pollution Control Committee,True
12235613,235,temperature,temperature,c,2025-02-18T22:30:00Z,2026-09-29T14:30:00Z,589,True,CPCB,Delhi Pollution Control Committee,True
12235611,235,relative_humidity,relativehumidity,%,2025-02-18T22:30:00Z,2026-09-29T14:30:00Z,589,True,CPCB,Delhi Pollution Control Committee,True
12235605,235,CO,co,ppb,2025-02-18T22:15:00Z,2026-09-29T14:30:00Z,589,True,CPCB,Delhi Pollution Control Committee,True
12235612,235,SO2,so2,ppb,2025-02-18T22:30:00Z,2026-09-29T14:30:00Z,589,True,CPCB,Delhi Pollution Control Committee,True
12235607,235,NO2,no2,ppb,2025-02-18T22:30:00Z,2026-09-29T14:30:00Z,589,True,CPCB,Delhi Pollution Control Committee,True
12235609,235,PM10,pm10,µg/m³,2025-02-18T22:15:00Z,2026-09-29T14:30:00Z,589,True,CPCB,Delhi Pollution Control Committee,True
12235610,235,PM2.5,pm25,µg/m³,2025-02-18T22:15:00Z,2026-09-29T14:30:00Z,589,True,CPCB,Delhi Pollution Control Committee,True
14340866,235,wind_speed,wind_speed,m/s,2025-10-10T18:15:00Z,2026-09-29T14:30:00Z,355,True,CPCB,Delhi Pollution Control Committee,True
14340864,235,NOx,nox,ppb,2025-10-10T18:15:00Z,2026-09-29T14:30:00Z,355,True,CPCB,Delhi Pollution Control Committee,True
14340865,235,wind_direction,wind_direction,deg,2025-10-10T18:15:00Z,2026-09-29T14:30:00Z,355,True,CPCB,Delhi Pollution Control Committee,True
386,236,CO,co,µg/m³,2016-02-05T15:00:00Z,2018-02-21T16:45:00Z,0,True,CPCB,Unknown Governmental Organization,True
391,236,PM10,pm10,µg/m³,2016-02-05T15:00:00Z,2018-02-21T21:15:00Z,0,True,CPCB,Unknown Governmental Organization,True
387,236,SO2,so2,µg/m³,2016-02-05T15:00:00Z,2018-02-21T21:15:00Z,0,True,CPCB,Unknown Governmental Organization,True
388,236,PM2.5,pm25,µg/m³,2016-02-05T15:00:00Z,2018-02-21T21:15:00Z,0,True,CPCB,Unknown Governmental Organization,True
389,236,NO2,no2,µg/m³,2016-02-05T15:00:00Z,2018-02-21T20:45:00Z,0,True,CPCB,Unknown Governmental Organization,True
390,236,O3,o3,µg/m³,2016-02-05T15:00:00Z,2018-02-21T21:15:00Z,0,True,CPCB,Unknown Governmental Organization,True
14258983,301,CO,co,ppb,2025-10-01T06:45:00Z,2026-09-29T14:30:00Z,364,True,CPCB,Haryana State Pollution Control Board,True
14258990,301,SO2,so2,ppb,2025-10-01T06:45:00Z,2026-09-29T14:30:00Z,364,True,CPCB,Haryana State Pollution Control Board,True
14258985,301,NO2,no2,ppb,2025-10-01T06:45:00Z,2026-09-29T14:30:00Z,364,True,CPCB,Haryana State Pollution Control Board,True
14258988,301,PM2.5,pm25,µg/m³,2025-10-01T06:45:00Z,2026-09-29T14:30:00Z,364,True,CPCB,Haryana State Pollution Control Board,True
14341790,301,wind_direction,wind_direction,deg,2025-10-10T20:15:00Z,2026-09-29T14:30:00Z,355,True,CPCB,Haryana State Pollution Control Board,True
14258986,301,O3,o3,µg/m³,2025-10-01T06:45:00Z,2026-09-29T14:30:00Z,364,True,CPCB,Haryana State Pollution Control Board,True
14341789,301,NOx,nox,ppb,2025-10-10T20:15:00Z,2026-09-29T14:30:00Z,355,True,CPCB,Haryana State Pollution Control Board,True
14258987,301,PM10,pm10,µg/m³,2025-10-01T06:45:00Z,2026-09-29T14:30:00Z,364,True,CPCB,Haryana State Pollution Control Board,True
14341791,301,wind_speed,wind_speed,m/s,2025-10-10T20:15:00Z,2026-09-29T14:30:00Z,355,True,CPCB,Haryana State Pollution Control Board,True
14258991,301,temperature,temperature,c,2025-10-01T06:45:00Z,2026-06-23T04:00:00Z,266,True,CPCB,Haryana State Pollution Control Board,True
14258989,301,relative_humidity,relativehumidity,%,2025-10-01T06:45:00Z,2026-09-29T14:30:00Z,364,True,CPCB,Haryana State Pollution Control Board,True
5405,301,SO2,so2,µg/m³,2016-03-25T19:00:00Z,2022-10-31T02:00:00Z,0,True,CPCB,Haryana State Pollution Control Board,False
5409,301,NO2,no2,µg/m³,2016-03-25T08:00:00Z,2022-10-31T02:00:00Z,0,True,CPCB,Haryana State Pollution Control Board,False
1166,301,PM2.5,pm25,µg/m³,2016-03-25T08:00:00Z,2022-10-31T02:00:00Z,0,True,CPCB,Haryana State Pollution Control Board,False
5396,301,CO,co,µg/m³,2016-03-25T08:00:00Z,2022-10-31T02:00:00Z,0,True,CPCB,Haryana State Pollution Control Board,False
506,301,PM10,pm10,µg/m³,2016-04-10T18:30:00Z,2016-04-12T09:30:00Z,0,True,CPCB,Haryana State Pollution Control Board,False
5407,301,O3,o3,µg/m³,2016-03-25T08:00:00Z,2022-10-31T02:00:00Z,0,True,CPCB,Haryana State Pollution Control Board,False
14306,346,PM2.5,pm25,µg/m³,2016-09-15T13:00:00Z,2018-02-22T03:45:00Z,0,True,CPCB,Unknown Governmental Organization,True
613,346,SO2,so2,µg/m³,2016-03-22T00:30:00Z,2018-02-22T03:45:00Z,0,True,CPCB,Unknown Governmental Organization,True
593,346,NO2,no2,µg/m³,2016-03-22T00:30:00Z,2018-02-22T03:45:00Z,0,True,CPCB,Unknown Governmental Organization,True
13545,346,PM10,pm10,µg/m³,2016-10-19T18:30:00Z,2017-10-13T09:15:00Z,0,True,CPCB,Unknown Governmental Organization,True
612,346,O3,o3,µg/m³,2016-04-20T18:30:00Z,2018-02-22T03:45:00Z,0,True,CPCB,Unknown Governmental Organization,True
614,346,CO,co,µg/m³,2016-03-22T00:30:00Z,2018-02-22T03:45:00Z,0,True,CPCB,Unknown Governmental Organization,True
13868,431,PM2.5,pm25,µg/m³,2017-02-18T20:45:00Z,2018-02-22T02:45:00Z,0,True,CPCB,Unknown Governmental Organization,True
13867,431,SO2,so2,µg/m³,2017-06-19T16:45:00Z,2018-02-22T02:45:00Z,0,True,CPCB,Unknown Governmental Organization,True
5361,431,CO,co,µg/m³,2016-04-10T18:30:00Z,2018-02-22T02:45:00Z,0,True,CPCB,Unknown Governmental Organization,True
747,431,NO2,no2,µg/m³,2016-05-19T18:30:00Z,2018-02-22T02:45:00Z,0,True,CPCB,Unknown Governmental Organization,True
12235659,860,NO2,no2,ppb,2025-02-18T20:15:00Z,2026-09-29T14:30:00Z,589,True,CPCB,Uttar Pradesh Pollution Control Board,True
12235660,860,O3,o3,µg/m³,2025-02-18T20:15:00Z,2026-09-29T14:30:00Z,589,True,CPCB,Uttar Pradesh Pollution Control Board,True
12235657,860,CO,co,ppb,2025-02-18T20:15:00Z,2026-09-29T14:30:00Z,589,True,CPCB,Uttar Pradesh Pollution Control Board,True
12235661,860,PM10,pm10,µg/m³,2025-02-18T20:15:00Z,2026-09-29T14:30:00Z,589,True,CPCB,Uttar Pradesh Pollution Control Board,True
12235663,860,relative_humidity,relativehumidity,%,2025-02-18T20:15:00Z,2026-09-29T14:30:00Z,589,True,CPCB,Uttar Pradesh Pollution Control Board,True
12235662,860,PM2.5,pm25,µg/m³,2025-02-18T20:15:00Z,2026-09-29T14:30:00Z,589,True,CPCB,Uttar Pradesh Pollution Control Board,True
12235664,860,SO2,so2,ppb,2025-02-18T20:15:00Z,2026-09-29T14:30:00Z,589,True,CPCB,Uttar Pradesh Pollution Control Board,True
12235665,860,temperature,temperature,c,2025-02-18T20:15:00Z,2026-09-29T14:30:00Z,589,True,CPCB,Uttar Pradesh Pollution Control Board,True
14340873,860,NOx,nox,ppb,2025-10-10T18:15:00Z,2026-09-29T14:30:00Z,355,True,CPCB,Uttar Pradesh Pollution Control Board,True
14340875,860,wind_speed,wind_speed,m/s,2025-10-10T18:15:00Z,2026-09-29T14:30:00Z,355,True,CPCB,Uttar Pradesh Pollution Control Board,True
14340874,860,wind_direction,wind_direction,deg,2025-10-10T18:15:00Z,2026-09-29T14:30:00Z,355,True,CPCB,Uttar Pradesh Pollution Control Board,True
1546,860,CO,co,µg/m³,2016-03-22T01:00:00Z,2022-10-31T02:00:00Z,0,True,CPCB,Uttar Pradesh Pollution Control Board,False
15024,860,NO2,no2,µg/m³,2018-03-09T06:00:00Z,2022-10-31T02:00:00Z,0,True,CPCB,Uttar Pradesh Pollution Control Board,False
14322,860,SO2,so2,µg/m³,2017-06-19T20:00:00Z,2022-10-31T02:00:00Z,0,True,CPCB,Uttar Pradesh Pollution Control Board,False
1544,860,O3,o3,µg/m³,2016-03-22T01:00:00Z,2022-10-31T02:00:00Z,0,True,CPCB,Uttar Pradesh Pollution Control Board,False
1342956,860,PM10,pm10,µg/m³,2021-08-25T17:00:00Z,2022-10-31T02:00:00Z,0,True,CPCB,Uttar Pradesh Pollution Control Board,False
1545,860,PM2.5,pm25,µg/m³,2016-03-22T01:00:00Z,2022-10-31T02:00:00Z,0,True,CPCB,Uttar Pradesh Pollution Control Board,False
4298,2345,CO,co,µg/m³,2016-03-21T18:30:00Z,2017-06-12T05:30:00Z,0,True,CPCB,Unknown Governmental Organization,True
4921,2345,SO2,so2,µg/m³,2016-03-21T18:30:00Z,2017-06-12T05:30:00Z,0,True,CPCB,Unknown Governmental Organization,True
4922,2345,PM2.5,pm25,µg/m³,2016-03-21T18:30:00Z,2017-06-12T05:30:00Z,0,True,CPCB,Unknown Governmental Organization,True
4924,2345,PM10,pm10,µg/m³,2016-03-21T18:30:00Z,2017-06-12T05:30:00Z,0,True,CPCB,Unknown Governmental Organization,True
4926,2345,NO2,no2,µg/m³,2016-03-21T18:30:00Z,2017-06-08T12:15:00Z,0,True,CPCB,Unknown Governmental Organization,True
4925,2345,O3,o3,µg/m³,2016-03-21T18:30:00Z,2017-06-12T05:30:00Z,0,True,CPCB,Unknown Governmental Organization,True
13860,2503,PM2.5,pm25,µg/m³,2017-02-18T18:30:00Z,2018-02-22T02:45:00Z,0,True,CPCB,Unknown Governmental Organization,True
4852,2503,NO2,no2,µg/m³,2016-03-21T23:30:00Z,2018-02-22T02:45:00Z,0,True,CPCB,Unknown Governmental Organization,True
4851,2503,CO,co,µg/m³,2016-03-21T23:30:00Z,2018-02-22T02:45:00Z,0,True,CPCB,Unknown Governmental Organization,True
13859,2503,SO2,so2,µg/m³,2017-06-19T19:45:00Z,2018-02-22T02:45:00Z,0,True,CPCB,Unknown Governmental Organization,True
4853,2503,O3,o3,µg/m³,2016-03-21T23:30:00Z,2018-02-22T02:45:00Z,0,True,CPCB,Unknown Governmental Organization,True
12328445,2583,SO2,so2,ppb,2025-02-27T19:15:00Z,2026-09-29T14:30:00Z,580,True,CPCB,Haryana State Pollution Control Board,True
12328446,2583,temperature,temperature,c,2025-02-27T19:15:00Z,2026-09-29T14:30:00Z,580,True,CPCB,Haryana State Pollution Control Board,True
12328444,2583,relative_humidity,relativehumidity,%,2025-02-27T19:15:00Z,2026-09-29T14:30:00Z,580,True,CPCB,Haryana State Pollution Control Board,True
12328441,2583,NO2,no2,ppb,2025-02-27T19:15:00Z,2026-09-29T14:30:00Z,580,True,CPCB,Haryana State Pollution Control Board,True
14341814,2583,wind_direction,wind_direction,deg,2025-10-10T20:15:00Z,2026-09-29T14:30:00Z,355,True,CPCB,Haryana State Pollution Control Board,True
14341815,2583,wind_speed,wind_speed,m/s,2025-10-10T20:15:00Z,2026-09-29T14:30:00Z,355,True,CPCB,Haryana State Pollution Control Board,True
12328442,2583,O3,o3,µg/m³,2025-02-27T19:15:00Z,2026-09-29T14:30:00Z,580,True,CPCB,Haryana State Pollution Control Board,True
12328439,2583,CO,co,ppb,2025-02-27T19:15:00Z,2026-09-29T14:30:00Z,580,True,CPCB,Haryana State Pollution Control Board,True
14341813,2583,NOx,nox,ppb,2025-10-10T20:15:00Z,2026-09-29T14:30:00Z,355,True,CPCB,Haryana State Pollution Control Board,True
12328443,2583,PM2.5,pm25,µg/m³,2025-02-27T19:15:00Z,2026-09-29T14:30:00Z,580,True,CPCB,Haryana State Pollution Control Board,True
5336,2583,O3,o3,µg/m³,2016-03-21T18:30:00Z,2022-10-31T01:45:00Z,0,True,CPCB,Haryana State Pollution Control Board,False
5345,2583,SO2,so2,µg/m³,2016-03-21T18:30:00Z,2022-10-31T01:45:00Z,0,True,CPCB,Haryana State Pollution Control Board,False
5359,2583,CO,co,µg/m³,2016-03-21T18:30:00Z,2022-10-31T01:45:00Z,0,True,CPCB,Haryana State Pollution Control Board,False
5343,2583,PM2.5,pm25,µg/m³,2016-03-21T18:30:00Z,2022-10-31T01:45:00Z,0,True,CPCB,Haryana State Pollution Control Board,False
5357,2583,NO2,no2,µg/m³,2016-03-21T18:30:00Z,2022-10-31T01:45:00Z,0,True,CPCB,Haryana State Pollution Control Board,False
5341,2587,NO2,no2,µg/m³,2016-03-22T00:45:00Z,2018-02-22T03:25:00Z,0,True,CPCB,Unknown Governmental Organization,True
13900,2587,PM2.5,pm25,µg/m³,2017-02-18T21:25:00Z,2018-02-22T03:25:00Z,0,True,CPCB,Unknown Governmental Organization,True
40563,2587,PM10,pm10,µg/m³,2018-01-29T13:50:00Z,2018-01-29T13:50:00Z,0,True,CPCB,Unknown Governmental Organization,True
5347,2587,CO,co,µg/m³,2016-03-22T00:45:00Z,2018-02-07T06:35:00Z,0,True,CPCB,Unknown Governmental Organization,True
13901,2587,SO2,so2,µg/m³,2017-06-19T19:55:00Z,2018-02-22T03:25:00Z,0,True,CPCB,Unknown Governmental Organization,True
5344,2587,O3,o3,µg/m³,2016-03-22T00:45:00Z,2018-02-22T03:25:00Z,0,True,CPCB,Unknown Governmental Organization,True
5398,2597,PM2.5,pm25,µg/m³,2016-01-30T00:30:00Z,2016-11-09T16:30:00Z,0,True,StateAir NewDelhi,Unknown Governmental Organization,True
12234697,5404,CO,co,ppb,2025-02-18T20:16:00Z,2026-09-29T14:30:00Z,589,True,CPCB,India Meteorological Department,True
12234701,5404,PM10,pm10,µg/m³,2025-02-18T20:16:00Z,2026-09-29T14:30:00Z,589,True,CPCB,India Meteorological Department,True
12234702,5404,PM2.5,pm25,µg/m³,2025-02-18T20:16:00Z,2026-09-29T14:30:00Z,589,True,CPCB,India Meteorological Department,True
12234699,5404,NO2,no2,ppb,2025-02-18T20:16:00Z,2026-09-29T14:30:00Z,589,True,CPCB,India Meteorological Department,True
12234700,5404,O3,o3,µg/m³,2025-02-18T20:16:00Z,2026-09-29T14:30:00Z,589,True,CPCB,India Meteorological Department,True
14340700,5404,NOx,nox,ppb,2025-10-10T18:16:00Z,2026-09-29T14:30:00Z,355,True,CPCB,India Meteorological Department,True
14086,5404,CO,co,µg/m³,2017-09-15T06:00:00Z,2018-02-21T07:00:00Z,0,True,CPCB,India Meteorological Department,False
14087,5404,PM2.5,pm25,µg/m³,2017-09-15T06:00:00Z,2018-02-21T07:00:00Z,0,True,CPCB,India Meteorological Department,False
14084,5404,NO2,no2,µg/m³,2017-09-15T06:00:00Z,2018-02-21T07:00:00Z,0,True,CPCB,India Meteorological Department,False
14085,5404,PM10,pm10,µg/m³,2017-09-15T06:00:00Z,2018-02-21T07:00:00Z,0,True,CPCB,India Meteorological Department,False
14519,5509,CO,co,µg/m³,2018-03-09T03:30:00Z,2022-10-31T00:30:00Z,0,True,caaqm,Unknown Governmental Organization,True
14522,5509,PM10,pm10,µg/m³,2018-03-09T03:30:00Z,2022-10-31T00:30:00Z,0,True,caaqm,Unknown Governmental Organization,True
14523,5509,NO2,no2,µg/m³,2018-03-09T03:30:00Z,2022-10-31T00:30:00Z,0,True,caaqm,Unknown Governmental Organization,True
14524,5509,O3,o3,µg/m³,2018-03-09T03:30:00Z,2022-10-31T00:30:00Z,0,True,caaqm,Unknown Governmental Organization,True
14520,5509,SO2,so2,µg/m³,2018-03-09T03:30:00Z,2022-10-31T00:15:00Z,0,True,caaqm,Unknown Governmental Organization,True
14521,5509,PM2.5,pm25,µg/m³,2018-03-09T03:30:00Z,2022-10-31T00:30:00Z,0,True,caaqm,Unknown Governmental Organization,True
14614,5540,O3,o3,µg/m³,2018-03-09T04:00:00Z,2018-05-12T06:00:00Z,0,True,caaqm,Unknown Governmental Organization,True
14615,5540,SO2,so2,µg/m³,2018-03-09T04:00:00Z,2018-05-12T06:00:00Z,0,True,caaqm,Unknown Governmental Organization,True
14617,5540,PM2.5,pm25,µg/m³,2018-03-09T03:30:00Z,2018-05-13T11:30:00Z,0,True,caaqm,Unknown Governmental Organization,True
14616,5540,CO,co,µg/m³,2018-03-09T04:00:00Z,2018-05-12T06:00:00Z,0,True,caaqm,Unknown Governmental Organization,True
14612,5540,PM10,pm10,µg/m³,2018-03-09T03:30:00Z,2018-05-13T11:30:00Z,0,True,caaqm,Unknown Governmental Organization,True
14613,5540,NO2,no2,µg/m³,2018-03-09T04:00:00Z,2018-05-12T06:00:00Z,0,True,caaqm,Unknown Governmental Organization,True
14936,5541,NO2,no2,µg/m³,2018-03-09T06:00:00Z,2022-08-03T11:00:00Z,0,True,CPCB,India Meteorological Department,False
14931,5541,O3,o3,µg/m³,2018-03-09T06:00:00Z,2022-08-03T11:00:00Z,0,True,CPCB,India Meteorological Department,False
14912,5541,PM2.5,pm25,µg/m³,2018-03-09T06:00:00Z,2022-08-03T11:00:00Z,0,True,CPCB,India Meteorological Department,False
14620,5541,PM10,pm10,µg/m³,2018-03-09T06:00:00Z,2022-08-03T11:00:00Z,0,True,CPCB,India Meteorological Department,False
14958,5541,CO,co,µg/m³,2018-03-09T06:00:00Z,2022-08-03T11:00:00Z,0,True,CPCB,India Meteorological Department,False
12234683,5541,PM10,pm10,µg/m³,2025-02-18T20:17:00Z,2026-09-29T14:30:00Z,589,True,CPCB,India Meteorological Department,True
12234681,5541,NO2,no2,ppb,2025-02-18T20:17:00Z,2026-09-29T14:30:00Z,589,True,CPCB,India Meteorological Department,True
12234684,5541,PM2.5,pm25,µg/m³,2025-02-18T20:17:00Z,2026-09-29T14:30:00Z,589,True,CPCB,India Meteorological Department,True
12234679,5541,CO,co,ppb,2025-02-18T20:17:00Z,2026-09-29T14:30:00Z,589,True,CPCB,India Meteorological Department,True
12234682,5541,O3,o3,µg/m³,2025-02-18T20:17:00Z,2026-09-29T14:30:00Z,589,True,CPCB,India Meteorological Department,True
14340697,5541,NOx,nox,ppb,2025-10-10T18:15:00Z,2026-09-29T14:30:00Z,355,True,CPCB,India Meteorological Department,True
12235149,5542,O3,o3,µg/m³,2025-02-18T20:15:00Z,2026-09-29T14:30:00Z,589,True,CPCB,Punjab Pollution Control Board,True
12235150,5542,PM10,pm10,µg/m³,2025-02-18T20:15:00Z,2026-09-29T14:30:00Z,589,True,CPCB,Punjab Pollution Control Board,True
12235148,5542,NO2,no2,ppb,2025-02-18T20:15:00Z,2026-09-29T14:30:00Z,589,True,CPCB,Punjab Pollution Control Board,True
12235153,5542,SO2,so2,ppb,2025-02-18T20:15:00Z,2026-09-29T14:30:00Z,589,True,CPCB,Punjab Pollution Control Board,True
12235151,5542,PM2.5,pm25,µg/m³,2025-02-18T20:15:00Z,2026-09-29T14:30:00Z,589,True,CPCB,Punjab Pollution Control Board,True
12235152,5542,relative_humidity,relativehumidity,%,2025-02-18T20:15:00Z,2026-09-29T14:30:00Z,589,True,CPCB,Punjab Pollution Control Board,True
12235146,5542,CO,co,ppb,2025-02-18T20:15:00Z,2026-09-29T14:30:00Z,589,True,CPCB,Punjab Pollution Control Board,True
12235154,5542,temperature,temperature,c,2025-02-18T20:15:00Z,2026-08-06T11:15:00Z,535,True,CPCB,Punjab Pollution Control Board,True
14341782,5542,wind_speed,wind_speed,m/s,2025-10-10T20:15:00Z,2026-09-29T14:30:00Z,355,True,CPCB,Punjab Pollution Control Board,True
14341781,5542,wind_direction,wind_direction,deg,2025-10-10T20:15:00Z,2026-09-29T14:30:00Z,355,True,CPCB,Punjab Pollution Control Board,True
14341780,5542,NOx,nox,ppb,2025-10-10T20:15:00Z,2026-09-29T14:30:00Z,355,True,CPCB,Punjab Pollution Control Board,True
15150,5542,O3,o3,µg/m³,2018-03-09T06:00:00Z,2022-10-31T02:00:00Z,0,True,CPCB,Punjab Pollution Control Board,False
14623,5542,SO2,so2,µg/m³,2018-03-09T06:00:00Z,2022-10-31T02:00:00Z,0,True,CPCB,Punjab Pollution Control Board,False
15192,5542,PM2.5,pm25,µg/m³,2018-03-09T06:00:00Z,2022-10-31T02:00:00Z,0,True,CPCB,Punjab Pollution Control Board,False
15124,5542,CO,co,µg/m³,2018-03-09T06:00:00Z,2022-10-31T02:00:00Z,0,True,CPCB,Punjab Pollution Control Board,False
15187,5542,PM10,pm10,µg/m³,2018-03-09T04:00:00Z,2022-10-31T02:00:00Z,0,True,CPCB,Punjab Pollution Control Board,False
15133,5542,NO2,no2,µg/m³,2018-03-09T06:00:00Z,2022-10-31T02:00:00Z,0,True,CPCB,Punjab Pollution Control Board,False
12235141,5544,PM10,pm10,µg/m³,2025-02-18T20:15:00Z,2026-09-29T14:15:00Z,589,True,CPCB,Punjab Pollution Control Board,True
12235144,5544,SO2,so2,ppb,2025-02-18T20:15:00Z,2026-09-29T14:15:00Z,589,True,CPCB,Punjab Pollution Control Board,True
12235145,5544,temperature,temperature,c,2025-02-18T20:15:00Z,2026-06-23T11:15:00Z,491,True,CPCB,Punjab Pollution Control Board,True
12235142,5544,PM2.5,pm25,µg/m³,2025-02-18T20:15:00Z,2026-09-29T14:15:00Z,589,True,CPCB,Punjab Pollution Control Board,True
12235140,5544,O3,o3,µg/m³,2025-02-18T20:15:00Z,2026-09-29T14:15:00Z,589,True,CPCB,Punjab Pollution Control Board,True
12235143,5544,relative_humidity,relativehumidity,%,2025-02-18T20:15:00Z,2026-09-29T14:15:00Z,589,True,CPCB,Punjab Pollution Control Board,True
12235139,5544,NO2,no2,ppb,2025-02-18T20:15:00Z,2026-09-29T14:30:00Z,589,True,CPCB,Punjab Pollution Control Board,True
12235137,5544,CO,co,ppb,2025-02-18T20:15:00Z,2026-09-29T14:15:00Z,589,True,CPCB,Punjab Pollution Control Board,True
14341779,5544,wind_speed,wind_speed,m/s,2025-10-10T20:15:00Z,2026-09-29T14:15:00Z,355,True,CPCB,Punjab Pollution Control Board,True
14341777,5544,NOx,nox,ppb,2025-10-10T20:15:00Z,2026-09-29T14:15:00Z,355,True,CPCB,Punjab Pollution Control Board,True
14341778,5544,wind_direction,wind_direction,deg,2025-10-10T20:15:00Z,2026-09-29T14:15:00Z,355,True,CPCB,Punjab Pollution Control Board,True
14874,5544,CO,co,µg/m³,2018-03-09T05:30:00Z,2022-10-31T01:45:00Z,0,True,CPCB,Punjab Pollution Control Board,False
15243,5544,PM2.5,pm25,µg/m³,2018-03-09T05:30:00Z,2022-10-31T01:45:00Z,0,True,CPCB,Punjab Pollution Control Board,False
14852,5544,NO2,no2,µg/m³,2018-03-09T05:30:00Z,2022-10-31T01:45:00Z,0,True,CPCB,Punjab Pollution Control Board,False
14629,5544,SO2,so2,µg/m³,2018-03-09T05:30:00Z,2022-10-31T01:45:00Z,0,True,CPCB,Punjab Pollution Control Board,False
15260,5544,PM10,pm10,µg/m³,2018-03-09T05:30:00Z,2022-10-31T01:45:00Z,0,True,CPCB,Punjab Pollution Control Board,False
14848,5544,O3,o3,µg/m³,2018-03-09T05:30:00Z,2022-10-31T01:45:00Z,0,True,CPCB,Punjab Pollution Control Board,False
12235438,5551,CO,co,ppb,2025-02-18T20:15:00Z,2026-09-29T14:30:00Z,589,True,CPCB,Punjab Pollution Control Board,True
12235443,5551,PM2.5,pm25,µg/m³,2025-02-18T20:15:00Z,2026-09-29T14:30:00Z,589,True,CPCB,Punjab Pollution Control Board,True
12235444,5551,relative_humidity,relativehumidity,%,2025-02-18T20:15:00Z,2026-09-29T14:30:00Z,589,True,CPCB,Punjab Pollution Control Board,True
12235445,5551,SO2,so2,ppb,2025-02-18T20:15:00Z,2026-09-29T14:30:00Z,589,True,CPCB,Punjab Pollution Control Board,True
12235446,5551,temperature,temperature,c,2025-02-18T20:15:00Z,2026-08-23T12:15:00Z,552,True,CPCB,Punjab Pollution Control Board,True
12235442,5551,PM10,pm10,µg/m³,2025-02-18T20:15:00Z,2026-09-29T14:30:00Z,589,True,CPCB,Punjab Pollution Control Board,True
12235441,5551,O3,o3,µg/m³,2025-02-18T20:15:00Z,2026-09-29T14:30:00Z,589,True,CPCB,Punjab Pollution Control Board,True
12235440,5551,NO2,no2,ppb,2025-02-18T20:15:00Z,2026-09-29T14:30:00Z,589,True,CPCB,Punjab Pollution Control Board,True
14341836,5551,wind_speed,wind_speed,m/s,2025-10-10T20:15:00Z,2026-09-29T14:30:00Z,355,True,CPCB,Punjab Pollution Control Board,True
14341834,5551,NOx,nox,ppb,2025-10-10T20:15:00Z,2026-09-29T14:30:00Z,355,True,CPCB,Punjab Pollution Control Board,True
14341835,5551,wind_direction,wind_direction,deg,2025-10-10T20:15:00Z,2026-09-29T14:30:00Z,355,True,CPCB,Punjab Pollution Control Board,True
15062,5551,CO,co,µg/m³,2018-03-09T06:00:00Z,2022-10-31T02:00:00Z,0,True,CPCB,Punjab Pollution Control Board,False
15108,5551,SO2,so2,µg/m³,2018-03-09T06:00:00Z,2022-10-31T02:00:00Z,0,True,CPCB,Punjab Pollution Control Board,False
14659,5551,O3,o3,µg/m³,2018-03-09T06:00:00Z,2022-10-31T02:00:00Z,0,True,CPCB,Punjab Pollution Control Board,False
15088,5551,PM2.5,pm25,µg/m³,2018-03-09T06:00:00Z,2022-10-31T02:00:00Z,0,True,CPCB,Punjab Pollution Control Board,False
15083,5551,PM10,pm10,µg/m³,2018-03-09T06:00:00Z,2022-10-31T02:00:00Z,0,True,CPCB,Punjab Pollution Control Board,False
15067,5551,NO2,no2,µg/m³,2018-03-09T06:00:00Z,2022-10-31T02:00:00Z,0,True,CPCB,Punjab Pollution Control Board,False
14667,5552,O3,o3,µg/m³,2018-03-09T06:00:00Z,2020-01-01T11:00:00Z,0,True,caaqm,Unknown Governmental Organization,True
14670,5552,CO,co,µg/m³,2018-03-09T06:00:00Z,2020-01-01T11:00:00Z,0,True,caaqm,Unknown Governmental Organization,True
14669,5552,SO2,so2,µg/m³,2018-03-10T20:00:00Z,2020-01-01T11:00:00Z,0,True,caaqm,Unknown Governmental Organization,True
14660,5552,PM2.5,pm25,µg/m³,2018-03-09T06:00:00Z,2020-01-01T11:00:00Z,0,True,caaqm,Unknown Governmental Organization,True
14668,5552,NO2,no2,µg/m³,2018-03-09T06:00:00Z,2020-01-01T11:00:00Z,0,True,caaqm,Unknown Governmental Organization,True
12235426,5569,PM2.5,pm25,µg/m³,2025-02-18T20:15:00Z,2026-09-29T14:30:00Z,589,True,CPCB,Punjab Pollution Control Board,True
12235428,5569,SO2,so2,ppb,2025-02-18T20:15:00Z,2026-09-29T14:30:00Z,589,True,CPCB,Punjab Pollution Control Board,True
12235423,5569,NO2,no2,ppb,2025-02-18T20:15:00Z,2026-09-29T14:30:00Z,589,True,CPCB,Punjab Pollution Control Board,True
12235424,5569,O3,o3,µg/m³,2025-02-18T20:15:00Z,2026-09-29T14:30:00Z,589,True,CPCB,Punjab Pollution Control Board,True
12235421,5569,CO,co,ppb,2025-02-18T20:15:00Z,2026-09-29T14:30:00Z,589,True,CPCB,Punjab Pollution Control Board,True
12235427,5569,relative_humidity,relativehumidity,%,2025-02-18T20:15:00Z,2026-09-29T14:30:00Z,589,True,CPCB,Punjab Pollution Control Board,True
12235425,5569,PM10,pm10,µg/m³,2025-02-18T20:15:00Z,2026-09-29T14:30:00Z,589,True,CPCB,Punjab Pollution Control Board,True
14341828,5569,NOx,nox,ppb,2025-10-10T20:15:00Z,2026-09-29T14:30:00Z,355,True,CPCB,Punjab Pollution Control Board,True
14341830,5569,wind_speed,wind_speed,m/s,2025-10-10T20:15:00Z,2026-09-29T14:30:00Z,355,True,CPCB,Punjab Pollution Control Board,True
14341829,5569,wind_direction,wind_direction,deg,2025-10-10T20:15:00Z,2026-09-29T14:30:00Z,355,True,CPCB,Punjab Pollution Control Board,True
14827,5569,PM10,pm10,µg/m³,2018-03-09T06:00:00Z,2022-10-31T02:00:00Z,0,True,CPCB,Punjab Pollution Control Board,False
14831,5569,NO2,no2,µg/m³,2018-03-09T06:00:00Z,2022-10-31T02:00:00Z,0,True,CPCB,Punjab Pollution Control Board,False
14824,5569,SO2,so2,µg/m³,2018-03-09T06:00:00Z,2022-10-31T02:00:00Z,0,True,CPCB,Punjab Pollution Control Board,False
14832,5569,CO,co,µg/m³,2018-03-09T06:00:00Z,2022-10-31T02:00:00Z,0,True,CPCB,Punjab Pollution Control Board,False
14826,5569,PM2.5,pm25,µg/m³,2018-03-09T06:00:00Z,2022-10-31T02:00:00Z,0,True,CPCB,Punjab Pollution Control Board,False
14715,5569,O3,o3,µg/m³,2018-03-09T06:00:00Z,2022-10-31T02:00:00Z,0,True,CPCB,Punjab Pollution Control Board,False
12234707,5570,PM10,pm10,µg/m³,2025-02-18T20:15:00Z,2026-09-29T14:30:00Z,589,True,CPCB,India Meteorological Department,True
12234708,5570,PM2.5,pm25,µg/m³,2025-02-18T20:15:00Z,2026-09-29T14:30:00Z,589,True,CPCB,India Meteorological Department,True
12234705,5570,NO2,no2,ppb,2025-02-18T20:15:00Z,2026-09-29T14:30:00Z,589,True,CPCB,India Meteorological Department,True
12234706,5570,O3,o3,µg/m³,2025-02-18T20:15:00Z,2026-09-29T14:30:00Z,589,True,CPCB,India Meteorological Department,True
12234703,5570,CO,co,ppb,2025-02-18T20:15:00Z,2026-09-29T14:30:00Z,589,True,CPCB,India Meteorological Department,True
14340701,5570,NOx,nox,ppb,2025-10-10T18:15:00Z,2026-09-29T14:30:00Z,355,True,CPCB,India Meteorological Department,True
14717,5570,PM2.5,pm25,µg/m³,2018-03-09T05:30:00Z,2022-10-16T13:45:00Z,0,True,CPCB,India Meteorological Department,False
15027,5570,PM10,pm10,µg/m³,2018-03-09T05:30:00Z,2022-10-31T01:15:00Z,0,True,CPCB,India Meteorological Department,False
15010,5570,CO,co,µg/m³,2018-03-09T05:30:00Z,2022-10-31T01:15:00Z,0,True,CPCB,India Meteorological Department,False
15021,5570,O3,o3,µg/m³,2018-03-09T05:30:00Z,2022-10-31T01:15:00Z,0,True,CPCB,India Meteorological Department,False
15019,5570,NO2,no2,µg/m³,2018-03-09T05:30:00Z,2022-10-31T01:15:00Z,0,True,CPCB,India Meteorological Department,False
12234824,5576,relative_humidity,relativehumidity,%,2025-02-18T20:15:00Z,2026-09-29T14:30:00Z,589,True,CPCB,Rajasthan State Pollution Control Board,True
12234825,5576,SO2,so2,ppb,2025-02-18T20:15:00Z,2026-09-29T14:30:00Z,589,True,CPCB,Rajasthan State Pollution Control Board,True
12234821,5576,O3,o3,µg/m³,2025-02-18T20:15:00Z,2026-09-29T14:30:00Z,589,True,CPCB,Rajasthan State Pollution Control Board,True
12234818,5576,CO,co,ppb,2025-02-18T20:15:00Z,2026-09-29T14:30:00Z,589,True,CPCB,Rajasthan State Pollution Control Board,True
12234826,5576,temperature,temperature,c,2025-02-18T20:15:00Z,2026-08-06T11:00:00Z,535,True,CPCB,Rajasthan State Pollution Control Board,True
12234823,5576,PM2.5,pm25,µg/m³,2025-02-18T20:15:00Z,2026-09-29T14:30:00Z,589,True,CPCB,Rajasthan State Pollution Control Board,True
12234820,5576,NO2,no2,ppb,2025-02-18T20:15:00Z,2026-09-29T14:30:00Z,589,True,CPCB,Rajasthan State Pollution Control Board,True
12234822,5576,PM10,pm10,µg/m³,2025-02-18T20:15:00Z,2026-09-29T14:30:00Z,589,True,CPCB,Rajasthan State Pollution Control Board,True
14341731,5576,wind_direction,wind_direction,deg,2025-10-10T20:15:00Z,2026-09-29T14:30:00Z,355,True,CPCB,Rajasthan State Pollution Control Board,True
14341732,5576,wind_speed,wind_speed,m/s,2025-10-10T20:15:00Z,2026-09-29T14:30:00Z,355,True,CPCB,Rajasthan State Pollution Control Board,True
14341730,5576,NOx,nox,ppb,2025-10-10T20:15:00Z,2026-09-29T14:30:00Z,355,True,CPCB,Rajasthan State Pollution Control Board,True
15144,5576,PM10,pm10,µg/m³,2018-03-10T20:00:00Z,2022-10-31T02:00:00Z,0,True,CPCB,Rajasthan State Pollution Control Board,False
15131,5576,PM2.5,pm25,µg/m³,2018-03-10T20:00:00Z,2022-10-31T02:00:00Z,0,True,CPCB,Rajasthan State Pollution Control Board,False
15171,5576,CO,co,µg/m³,2018-03-09T06:00:00Z,2022-10-31T02:00:00Z,0,True,CPCB,Rajasthan State Pollution Control Board,False
14740,5576,SO2,so2,µg/m³,2018-03-13T02:00:00Z,2022-10-31T02:00:00Z,0,True,CPCB,Rajasthan State Pollution Control Board,False
15160,5576,NO2,no2,µg/m³,2018-03-10T20:00:00Z,2022-10-31T02:00:00Z,0,True,CPCB,Rajasthan State Pollution Control Board,False
17867,5576,O3,o3,µg/m³,2018-08-10T06:00:00Z,2022-10-31T02:00:00Z,0,True,CPCB,Rajasthan State Pollution Control Board,False
14853,5581,PM2.5,pm25,µg/m³,2018-03-09T06:00:00Z,2018-05-14T02:00:00Z,0,True,caaqm,Unknown Governmental Organization,True
15266,5581,CO,co,µg/m³,2018-03-09T06:00:00Z,2018-05-14T02:00:00Z,0,True,caaqm,Unknown Governmental Organization,True
14800,5581,NO2,no2,µg/m³,2018-03-09T06:00:00Z,2018-05-14T02:00:00Z,0,True,caaqm,Unknown Governmental Organization,True
14752,5581,O3,o3,µg/m³,2018-03-09T06:00:00Z,2018-05-14T02:00:00Z,0,True,caaqm,Unknown Governmental Organization,True
14851,5581,PM10,pm10,µg/m³,2018-03-09T06:00:00Z,2018-05-14T02:00:00Z,0,True,caaqm,Unknown Governmental Organization,True
12234768,5586,PM10,pm10,µg/m³,2025-02-18T20:15:00Z,2026-09-29T14:30:00Z,589,True,CPCB,Central Pollution Control Board,True
12234766,5586,NO2,no2,ppb,2025-02-18T20:15:00Z,2026-09-29T14:30:00Z,589,True,CPCB,Central Pollution Control Board,True
12234767,5586,O3,o3,µg/m³,2025-02-18T20:15:00Z,2026-09-29T14:30:00Z,589,True,CPCB,Central Pollution Control Board,True
12234772,5586,temperature,temperature,c,2025-02-18T20:15:00Z,2026-09-29T14:30:00Z,589,True,CPCB,Central Pollution Control Board,True
12234769,5586,PM2.5,pm25,µg/m³,2025-02-18T20:15:00Z,2026-09-29T14:30:00Z,589,True,CPCB,Central Pollution Control Board,True
12234764,5586,CO,co,ppb,2025-02-18T20:15:00Z,2026-09-29T14:30:00Z,589,True,CPCB,Central Pollution Control Board,True
12234771,5586,SO2,so2,ppb,2025-02-18T20:15:00Z,2026-09-29T14:30:00Z,589,True,CPCB,Central Pollution Control Board,True
12234770,5586,relative_humidity,relativehumidity,%,2025-02-18T20:15:00Z,2026-09-29T14:30:00Z,589,True,CPCB,Central Pollution Control Board,True
14340709,5586,wind_speed,wind_speed,m/s,2025-10-10T18:15:00Z,2026-09-29T14:30:00Z,355,True,CPCB,Central Pollution Control Board,True
14340707,5586,NOx,nox,ppb,2025-10-10T18:15:00Z,2026-09-29T14:30:00Z,355,True,CPCB,Central Pollution Control Board,True
14340708,5586,wind_direction,wind_direction,deg,2025-10-10T18:15:00Z,2026-09-29T14:30:00Z,355,True,CPCB,Central Pollution Control Board,True
12234827,5588,CO,co,ppb,2025-02-18T20:15:00Z,2026-09-29T14:15:00Z,589,True,CPCB,Rajasthan State Pollution Control Board,True
12234833,5588,relative_humidity,relativehumidity,%,2025-02-18T20:15:00Z,2026-09-29T14:30:00Z,589,True,CPCB,Rajasthan State Pollution Control Board,True
12234834,5588,SO2,so2,ppb,2025-02-18T20:15:00Z,2026-09-29T14:15:00Z,589,True,CPCB,Rajasthan State Pollution Control Board,True
12234830,5588,O3,o3,µg/m³,2025-02-18T20:15:00Z,2026-09-29T14:30:00Z,589,True,CPCB,Rajasthan State Pollution Control Board,True
12234831,5588,PM10,pm10,µg/m³,2025-02-18T20:15:00Z,2026-09-29T14:30:00Z,589,True,CPCB,Rajasthan State Pollution Control Board,True
12234832,5588,PM2.5,pm25,µg/m³,2025-02-18T20:15:00Z,2026-09-29T14:30:00Z,589,True,CPCB,Rajasthan State Pollution Control Board,True
12234835,5588,temperature,temperature,c,2025-02-18T20:15:00Z,2026-06-23T11:15:00Z,491,True,CPCB,Rajasthan State Pollution Control Board,True
12234829,5588,NO2,no2,ppb,2025-02-18T20:15:00Z,2026-09-29T04:00:00Z,589,True,CPCB,Rajasthan State Pollution Control Board,True
14341734,5588,wind_direction,wind_direction,deg,2025-10-10T20:15:00Z,2026-09-29T14:30:00Z,355,True,CPCB,Rajasthan State Pollution Control Board,True
14341733,5588,NOx,nox,ppb,2025-10-10T20:15:00Z,2026-09-29T04:00:00Z,355,True,CPCB,Rajasthan State Pollution Control Board,True
14341735,5588,wind_speed,wind_speed,m/s,2025-10-10T20:15:00Z,2026-09-29T14:30:00Z,355,True,CPCB,Rajasthan State Pollution Control Board,True
12235186,5598,PM10,pm10,µg/m³,2025-02-18T20:15:00Z,2026-09-29T14:30:00Z,589,True,CPCB,Uttar Pradesh Pollution Control Board,True
12235184,5598,NO2,no2,ppb,2025-02-18T20:15:00Z,2026-09-29T14:30:00Z,589,True,CPCB,Uttar Pradesh Pollution Control Board,True
12235188,5598,relative_humidity,relativehumidity,%,2025-02-18T20:15:00Z,2026-09-29T14:30:00Z,589,True,CPCB,Uttar Pradesh Pollution Control Board,True
12235182,5598,CO,co,ppb,2025-02-18T20:15:00Z,2026-09-29T14:30:00Z,589,True,CPCB,Uttar Pradesh Pollution Control Board,True
12235190,5598,temperature,temperature,c,2025-02-18T20:15:00Z,2026-09-29T14:30:00Z,589,True,CPCB,Uttar Pradesh Pollution Control Board,True
12235189,5598,SO2,so2,ppb,2025-02-18T20:15:00Z,2026-09-29T14:30:00Z,589,True,CPCB,Uttar Pradesh Pollution Control Board,True
12235187,5598,PM2.5,pm25,µg/m³,2025-02-18T20:15:00Z,2026-09-29T14:30:00Z,589,True,CPCB,Uttar Pradesh Pollution Control Board,True
12235185,5598,O3,o3,µg/m³,2025-02-18T20:15:00Z,2026-09-29T13:00:00Z,589,True,CPCB,Uttar Pradesh Pollution Control Board,True
14340784,5598,NOx,nox,ppb,2025-10-10T18:15:00Z,2026-09-29T14:30:00Z,355,True,CPCB,Uttar Pradesh Pollution Control Board,True
14340785,5598,wind_direction,wind_direction,deg,2025-10-10T18:15:00Z,2026-09-29T14:30:00Z,355,True,CPCB,Uttar Pradesh Pollution Control Board,True
14340786,5598,wind_speed,wind_speed,m/s,2025-10-10T18:15:00Z,2026-09-29T14:30:00Z,355,True,CPCB,Uttar Pradesh Pollution Control Board,True
15190,5601,NO2,no2,µg/m³,2018-03-09T05:30:00Z,2022-01-13T05:45:00Z,0,True,caaqm,Unknown Governmental Organization,True
15207,5601,PM2.5,pm25,µg/m³,2018-03-09T05:30:00Z,2022-01-13T04:45:00Z,0,True,caaqm,Unknown Governmental Organization,True
14819,5601,SO2,so2,µg/m³,2018-03-09T05:30:00Z,2022-01-13T05:45:00Z,0,True,caaqm,Unknown Governmental Organization,True
15194,5601,O3,o3,µg/m³,2018-03-09T05:30:00Z,2022-01-13T05:45:00Z,0,True,caaqm,Unknown Governmental Organization,True
15202,5601,PM10,pm10,µg/m³,2018-03-09T05:30:00Z,2022-01-13T05:45:00Z,0,True,caaqm,Unknown Governmental Organization,True
15189,5601,CO,co,µg/m³,2018-03-09T05:30:00Z,2022-01-13T05:45:00Z,0,True,caaqm,Unknown Governmental Organization,True
12234687,5610,NO2,no2,ppb,2025-02-18T20:12:00Z,2026-09-29T13:30:00Z,589,True,CPCB,India Meteorological Department,True
12234689,5610,PM10,pm10,µg/m³,2025-02-18T20:12:00Z,2026-09-29T13:30:00Z,589,True,CPCB,India Meteorological Department,True
12234685,5610,CO,co,ppb,2025-02-18T20:12:00Z,2026-09-29T13:30:00Z,589,True,CPCB,India Meteorological Department,True
12234688,5610,O3,o3,µg/m³,2025-02-18T20:12:00Z,2026-09-29T13:30:00Z,589,True,CPCB,India Meteorological Department,True
12234690,5610,PM2.5,pm25,µg/m³,2025-02-18T20:12:00Z,2026-09-29T13:30:00Z,589,True,CPCB,India Meteorological Department,True
14340698,5610,NOx,nox,ppb,2025-10-10T18:15:00Z,2026-09-29T13:30:00Z,355,True,CPCB,India Meteorological Department,True
14902,5610,NO2,no2,µg/m³,2018-03-09T06:00:00Z,2022-10-31T02:00:00Z,0,True,CPCB,India Meteorological Department,False
14886,5610,PM10,pm10,µg/m³,2018-03-09T06:00:00Z,2022-10-31T02:00:00Z,0,True,CPCB,India Meteorological Department,False
2007703,5610,O3,o3,ppm,2022-07-04T07:00:00Z,2022-10-31T02:00:00Z,0,True,CPCB,India Meteorological Department,False
14860,5610,PM2.5,pm25,µg/m³,2018-03-09T06:00:00Z,2022-10-31T02:00:00Z,0,True,CPCB,India Meteorological Department,False
14909,5610,CO,co,µg/m³,2018-03-09T06:00:00Z,2022-10-31T02:00:00Z,0,True,CPCB,India Meteorological Department,False
14889,5610,O3,o3,µg/m³,2018-03-09T05:30:00Z,2022-06-22T02:15:00Z,0,True,CPCB,India Meteorological Department,False
12234875,5612,PM10,pm10,µg/m³,2025-02-18T20:15:00Z,2026-09-29T14:30:00Z,589,True,CPCB,Rajasthan State Pollution Control Board,True
12234873,5612,NO2,no2,ppb,2025-02-18T20:15:00Z,2026-09-29T14:30:00Z,589,True,CPCB,Rajasthan State Pollution Control Board,True
12234874,5612,O3,o3,µg/m³,2025-02-18T20:15:00Z,2026-09-29T14:30:00Z,589,True,CPCB,Rajasthan State Pollution Control Board,True
12234879,5612,temperature,temperature,c,2025-02-18T20:15:00Z,2026-06-23T11:00:00Z,491,True,CPCB,Rajasthan State Pollution Control Board,True
12234871,5612,CO,co,ppb,2025-02-18T20:15:00Z,2026-09-29T14:15:00Z,589,True,CPCB,Rajasthan State Pollution Control Board,True
12234877,5612,relative_humidity,relativehumidity,%,2025-02-18T20:15:00Z,2026-09-22T05:30:00Z,582,True,CPCB,Rajasthan State Pollution Control Board,True
12234876,5612,PM2.5,pm25,µg/m³,2025-02-18T20:15:00Z,2026-09-29T14:30:00Z,589,True,CPCB,Rajasthan State Pollution Control Board,True
12234878,5612,SO2,so2,ppb,2025-02-18T20:15:00Z,2026-09-29T06:00:00Z,589,True,CPCB,Rajasthan State Pollution Control Board,True
14341748,5612,NOx,nox,ppb,2025-10-10T20:15:00Z,2026-09-29T14:30:00Z,355,True,CPCB,Rajasthan State Pollution Control Board,True
14341749,5612,wind_direction,wind_direction,deg,2025-10-10T20:15:00Z,2026-09-22T05:30:00Z,348,True,CPCB,Rajasthan State Pollution Control Board,True
14341750,5612,wind_speed,wind_speed,m/s,2025-10-10T20:15:00Z,2026-09-22T05:30:00Z,348,True,CPCB,Rajasthan State Pollution Control Board,True
14888,5612,O3,o3,µg/m³,2018-03-09T05:30:00Z,2022-10-31T01:45:00Z,0,True,CPCB,Rajasthan State Pollution Control Board,False
15005,5612,PM2.5,pm25,µg/m³,2018-03-09T05:30:00Z,2022-10-31T01:45:00Z,0,True,CPCB,Rajasthan State Pollution Control Board,False
14864,5612,CO,co,µg/m³,2018-03-09T05:30:00Z,2022-10-31T01:45:00Z,0,True,CPCB,Rajasthan State Pollution Control Board,False
15134,5612,SO2,so2,µg/m³,2018-03-09T05:30:00Z,2022-10-31T01:45:00Z,0,True,CPCB,Rajasthan State Pollution Control Board,False
14873,5612,NO2,no2,µg/m³,2018-03-09T05:30:00Z,2022-10-31T01:45:00Z,0,True,CPCB,Rajasthan State Pollution Control Board,False
14894,5612,PM10,pm10,µg/m³,2018-03-09T05:30:00Z,2022-10-31T01:45:00Z,0,True,CPCB,Rajasthan State Pollution Control Board,False
14866,5613,NO2,no2,µg/m³,2018-03-09T05:30:00Z,2020-01-20T07:15:00Z,0,True,CPCB,Central Pollution Control Board,False
14869,5613,PM10,pm10,µg/m³,2018-03-09T05:30:00Z,2020-01-20T07:15:00Z,0,True,CPCB,Central Pollution Control Board,False
14878,5613,PM2.5,pm25,µg/m³,2018-03-09T05:30:00Z,2020-01-20T07:15:00Z,0,True,CPCB,Central Pollution Control Board,False
17785,5613,O3,o3,µg/m³,2018-08-10T06:00:00Z,2020-01-20T07:15:00Z,0,True,CPCB,Central Pollution Control Board,False
17781,5613,SO2,so2,µg/m³,2018-08-10T06:00:00Z,2020-01-20T07:15:00Z,0,True,CPCB,Central Pollution Control Board,False
17782,5613,CO,co,µg/m³,2018-08-10T06:00:00Z,2020-01-20T07:15:00Z,0,True,CPCB,Central Pollution Control Board,False
12234753,5613,PM2.5,pm25,µg/m³,2025-02-18T20:15:00Z,2026-09-29T14:30:00Z,589,True,CPCB,Central Pollution Control Board,True
12234748,5613,CO,co,ppb,2025-02-18T20:15:00Z,2026-09-29T14:30:00Z,589,True,CPCB,Central Pollution Control Board,True
12234751,5613,O3,o3,µg/m³,2025-02-18T20:15:00Z,2026-09-29T14:30:00Z,589,True,CPCB,Central Pollution Control Board,True
12234752,5613,PM10,pm10,µg/m³,2025-02-18T20:15:00Z,2026-09-29T14:30:00Z,589,True,CPCB,Central Pollution Control Board,True
12234750,5613,NO2,no2,ppb,2025-02-18T20:15:00Z,2026-09-29T14:30:00Z,589,True,CPCB,Central Pollution Control Board,True
12234754,5613,SO2,so2,ppb,2025-02-18T20:15:00Z,2026-09-29T14:30:00Z,589,True,CPCB,Central Pollution Control Board,True
14341687,5613,NOx,nox,ppb,2025-10-10T20:15:00Z,2026-09-29T14:30:00Z,355,True,CPCB,Central Pollution Control Board,True
12234719,5616,PM10,pm10,µg/m³,2025-02-18T20:13:00Z,2026-09-29T14:30:00Z,589,True,CPCB,India Meteorological Department,True
12234718,5616,O3,o3,µg/m³,2025-02-18T20:13:00Z,2026-09-29T14:30:00Z,589,True,CPCB,India Meteorological Department,True
12234717,5616,NO2,no2,ppb,2025-02-18T20:13:00Z,2026-09-29T14:30:00Z,589,True,CPCB,India Meteorological Department,True
12234715,5616,CO,co,ppb,2025-02-18T20:13:00Z,2026-09-29T14:30:00Z,589,True,CPCB,India Meteorological Department,True
12234720,5616,PM2.5,pm25,µg/m³,2025-02-18T20:13:00Z,2026-09-29T14:30:00Z,589,True,CPCB,India Meteorological Department,True
14340703,5616,NOx,nox,ppb,2025-10-10T18:15:00Z,2026-09-29T14:30:00Z,355,True,CPCB,India Meteorological Department,True
14930,5617,PM2.5,pm25,µg/m³,2018-03-09T06:00:00Z,2022-10-31T02:00:00Z,0,True,caaqm,Unknown Governmental Organization,True
15107,5617,SO2,so2,µg/m³,2018-03-09T06:00:00Z,2022-10-31T02:00:00Z,0,True,caaqm,Unknown Governmental Organization,True
15229,5617,O3,o3,µg/m³,2018-03-09T06:00:00Z,2022-10-31T02:00:00Z,0,True,caaqm,Unknown Governmental Organization,True
17547,5617,PM10,pm10,µg/m³,2018-11-08T16:30:00Z,2018-11-08T16:30:00Z,0,True,caaqm,Unknown Governmental Organization,True
17865,5617,CO,co,µg/m³,2018-04-15T23:00:00Z,2022-02-06T14:45:00Z,0,True,caaqm,Unknown Governmental Organization,True
14887,5617,NO2,no2,µg/m³,2018-03-09T06:00:00Z,2022-10-31T02:00:00Z,0,True,caaqm,Unknown Governmental Organization,True
12234745,5622,relative_humidity,relativehumidity,%,2025-02-18T20:15:00Z,2026-09-29T14:30:00Z,589,True,CPCB,Central Pollution Control Board,True
12234742,5622,O3,o3,µg/m³,2025-02-18T20:15:00Z,2026-09-29T14:30:00Z,589,True,CPCB,Central Pollution Control Board,True
12234743,5622,PM10,pm10,µg/m³,2025-02-18T20:15:00Z,2026-09-29T14:30:00Z,589,True,CPCB,Central Pollution Control Board,True
12234741,5622,NO2,no2,ppb,2025-02-18T20:15:00Z,2026-09-29T14:30:00Z,589,True,CPCB,Central Pollution Control Board,True
12234747,5622,temperature,temperature,c,2025-02-18T20:15:00Z,2026-06-23T11:15:00Z,491,True,CPCB,Central Pollution Control Board,True
12234744,5622,PM2.5,pm25,µg/m³,2025-02-18T20:15:00Z,2026-09-29T14:30:00Z,589,True,CPCB,Central Pollution Control Board,True
12234746,5622,SO2,so2,ppb,2025-02-18T20:15:00Z,2026-09-29T14:30:00Z,589,True,CPCB,Central Pollution Control Board,True
12234739,5622,CO,co,ppb,2025-02-18T20:15:00Z,2026-09-29T14:30:00Z,589,True,CPCB,Central Pollution Control Board,True
14341692,5622,wind_speed,wind_speed,m/s,2025-10-10T20:15:00Z,2026-09-29T14:30:00Z,355,True,CPCB,Central Pollution Control Board,True
14341688,5622,NOx,nox,ppb,2025-10-10T20:15:00Z,2026-09-29T14:30:00Z,355,True,CPCB,Central Pollution Control Board,True
14341690,5622,wind_direction,wind_direction,deg,2025-10-10T20:15:00Z,2026-09-29T14:30:00Z,355,True,CPCB,Central Pollution Control Board,True
14923,5622,SO2,so2,µg/m³,2018-03-09T06:00:00Z,2022-10-31T02:00:00Z,0,True,CPCB,Central Pollution Control Board,False
14922,5622,PM2.5,pm25,µg/m³,2018-03-09T06:00:00Z,2022-10-31T02:00:00Z,0,True,CPCB,Central Pollution Control Board,False
14920,5622,O3,o3,µg/m³,2018-03-09T06:00:00Z,2022-10-31T02:00:00Z,0,True,CPCB,Central Pollution Control Board,False
14916,5622,CO,co,µg/m³,2018-03-09T06:00:00Z,2022-10-31T02:00:00Z,0,True,CPCB,Central Pollution Control Board,False
14919,5622,NO2,no2,µg/m³,2018-03-09T06:00:00Z,2022-10-31T02:00:00Z,0,True,CPCB,Central Pollution Control Board,False
34957,5622,PM10,pm10,µg/m³,2020-06-30T15:00:00Z,2022-10-31T02:00:00Z,0,True,CPCB,Central Pollution Control Board,False
12235436,5625,SO2,so2,ppb,2025-02-18T20:15:00Z,2026-09-29T14:30:00Z,589,True,CPCB,Punjab Pollution Control Board,True
12235429,5625,CO,co,ppb,2025-02-18T20:15:00Z,2026-09-29T14:30:00Z,589,True,CPCB,Punjab Pollution Control Board,True
12235435,5625,relative_humidity,relativehumidity,%,2025-02-18T20:15:00Z,2026-09-29T14:30:00Z,589,True,CPCB,Punjab Pollution Control Board,True
12235431,5625,NO2,no2,ppb,2025-02-18T20:15:00Z,2026-09-29T14:30:00Z,589,True,CPCB,Punjab Pollution Control Board,True
12235433,5625,PM10,pm10,µg/m³,2025-02-18T20:15:00Z,2026-09-29T14:30:00Z,589,True,CPCB,Punjab Pollution Control Board,True
12235432,5625,O3,o3,µg/m³,2025-02-18T20:15:00Z,2026-09-29T14:30:00Z,589,True,CPCB,Punjab Pollution Control Board,True
12235437,5625,temperature,temperature,c,2025-02-18T20:15:00Z,2026-09-29T14:30:00Z,589,True,CPCB,Punjab Pollution Control Board,True
12235434,5625,PM2.5,pm25,µg/m³,2025-02-18T20:15:00Z,2026-09-29T14:30:00Z,589,True,CPCB,Punjab Pollution Control Board,True
14341833,5625,wind_speed,wind_speed,m/s,2025-10-10T20:15:00Z,2026-09-29T14:30:00Z,355,True,CPCB,Punjab Pollution Control Board,True
14341831,5625,NOx,nox,ppb,2025-10-10T20:15:00Z,2026-09-29T14:30:00Z,355,True,CPCB,Punjab Pollution Control Board,True
14341832,5625,wind_direction,wind_direction,deg,2025-10-10T20:15:00Z,2026-09-29T14:30:00Z,355,True,CPCB,Punjab Pollution Control Board,True
14960,5625,PM10,pm10,µg/m³,2018-03-09T06:00:00Z,2022-10-31T02:00:00Z,0,True,CPCB,Punjab Pollution Control Board,False
14945,5625,PM2.5,pm25,µg/m³,2018-03-09T06:00:00Z,2022-10-31T02:00:00Z,0,True,CPCB,Punjab Pollution Control Board,False
15101,5625,CO,co,µg/m³,2018-03-09T06:00:00Z,2022-10-31T02:00:00Z,0,True,CPCB,Punjab Pollution Control Board,False
14932,5625,SO2,so2,µg/m³,2018-03-09T06:00:00Z,2022-10-31T02:00:00Z,0,True,CPCB,Punjab Pollution Control Board,False
14992,5625,O3,o3,µg/m³,2018-03-09T06:00:00Z,2022-10-31T02:00:00Z,0,True,CPCB,Punjab Pollution Control Board,False
15009,5625,NO2,no2,µg/m³,2018-03-09T23:00:00Z,2022-10-31T02:00:00Z,0,True,CPCB,Punjab Pollution Control Board,False
12234761,5626,relative_humidity,relativehumidity,%,2025-02-18T20:15:00Z,2026-09-29T14:30:00Z,589,True,CPCB,Central Pollution Control Board,True
12234762,5626,SO2,so2,ppb,2025-02-18T20:15:00Z,2026-09-29T14:30:00Z,589,True,CPCB,Central Pollution Control Board,True
12234763,5626,temperature,temperature,c,2025-02-18T20:15:00Z,2026-08-06T11:15:00Z,535,True,CPCB,Central Pollution Control Board,True
12234760,5626,PM2.5,pm25,µg/m³,2025-02-18T20:15:00Z,2026-09-29T14:30:00Z,589,True,CPCB,Central Pollution Control Board,True
12234755,5626,CO,co,ppb,2025-02-18T20:15:00Z,2026-09-29T14:30:00Z,589,True,CPCB,Central Pollution Control Board,True
12234759,5626,PM10,pm10,µg/m³,2025-02-18T20:15:00Z,2026-09-29T14:30:00Z,589,True,CPCB,Central Pollution Control Board,True
12234757,5626,NO2,no2,ppb,2025-02-18T20:15:00Z,2026-09-29T14:30:00Z,589,True,CPCB,Central Pollution Control Board,True
12234758,5626,O3,o3,µg/m³,2025-02-18T20:15:00Z,2026-09-29T14:30:00Z,589,True,CPCB,Central Pollution Control Board,True
14340704,5626,NOx,nox,ppb,2025-10-10T18:15:00Z,2026-09-29T14:30:00Z,355,True,CPCB,Central Pollution Control Board,True
14340705,5626,wind_direction,wind_direction,deg,2025-10-10T18:15:00Z,2026-09-29T14:30:00Z,355,True,CPCB,Central Pollution Control Board,True
14340706,5626,wind_speed,wind_speed,m/s,2025-10-10T18:15:00Z,2026-09-29T13:30:00Z,355,True,CPCB,Central Pollution Control Board,True
14949,5626,O3,o3,µg/m³,2018-04-03T22:30:00Z,2022-10-31T01:45:00Z,0,True,CPCB,Central Pollution Control Board,False
14985,5626,PM2.5,pm25,µg/m³,2018-03-09T05:30:00Z,2022-10-31T01:45:00Z,0,True,CPCB,Central Pollution Control Board,False
14941,5626,NO2,no2,µg/m³,2018-03-09T05:30:00Z,2022-10-31T01:45:00Z,0,True,CPCB,Central Pollution Control Board,False
14933,5626,CO,co,µg/m³,2018-04-04T20:30:00Z,2022-10-31T01:45:00Z,0,True,CPCB,Central Pollution Control Board,False
17766,5626,SO2,so2,µg/m³,2018-09-24T12:30:00Z,2022-10-31T01:45:00Z,0,True,CPCB,Central Pollution Control Board,False
14974,5626,PM10,pm10,µg/m³,2018-03-28T20:30:00Z,2022-10-31T01:45:00Z,0,True,CPCB,Central Pollution Control Board,False
12234675,5627,NO2,no2,ppb,2025-02-18T20:16:00Z,2026-09-29T14:30:00Z,589,True,CPCB,India Meteorological Department,True
12234677,5627,PM10,pm10,µg/m³,2025-02-18T20:16:00Z,2026-09-29T14:30:00Z,589,True,CPCB,India Meteorological Department,True
12234678,5627,PM2.5,pm25,µg/m³,2025-02-18T20:16:00Z,2026-09-29T14:30:00Z,589,True,CPCB,India Meteorological Department,True
12234676,5627,O3,o3,µg/m³,2025-02-18T20:16:00Z,2026-09-29T14:30:00Z,589,True,CPCB,India Meteorological Department,True
12234673,5627,CO,co,ppb,2025-02-18T20:16:00Z,2026-09-29T14:30:00Z,589,True,CPCB,India Meteorological Department,True
14340696,5627,NOx,nox,ppb,2025-10-10T18:15:00Z,2026-09-29T14:30:00Z,355,True,CPCB,India Meteorological Department,True
15063,5627,O3,o3,µg/m³,2018-03-09T05:30:00Z,2022-10-31T01:15:00Z,0,True,CPCB,India Meteorological Department,False
15098,5627,CO,co,µg/m³,2018-03-09T05:30:00Z,2022-10-31T01:15:00Z,0,True,CPCB,India Meteorological Department,False
14935,5627,PM2.5,pm25,µg/m³,2018-03-09T05:30:00Z,2022-10-31T01:15:00Z,0,True,CPCB,India Meteorological Department,False
14946,5627,PM10,pm10,µg/m³,2018-03-09T05:30:00Z,2022-10-31T01:15:00Z,0,True,CPCB,India Meteorological Department,False
15082,5627,NO2,no2,µg/m³,2018-03-09T05:30:00Z,2022-10-31T01:15:00Z,0,True,CPCB,India Meteorological Department,False
12234724,5630,O3,o3,µg/m³,2025-02-18T20:30:00Z,2026-09-29T14:30:00Z,589,True,CPCB,Central Pollution Control Board,True
12234729,5630,temperature,temperature,c,2025-02-18T20:30:00Z,2026-06-23T11:00:00Z,491,True,CPCB,Central Pollution Control Board,True
12234723,5630,NO2,no2,ppb,2025-02-18T20:30:00Z,2026-09-29T14:30:00Z,589,True,CPCB,Central Pollution Control Board,True
12234721,5630,CO,co,ppb,2025-02-18T20:30:00Z,2026-09-29T14:30:00Z,589,True,CPCB,Central Pollution Control Board,True
12234728,5630,SO2,so2,ppb,2025-02-18T20:30:00Z,2026-09-29T14:15:00Z,589,True,CPCB,Central Pollution Control Board,True
12234727,5630,relative_humidity,relativehumidity,%,2025-02-18T20:30:00Z,2026-09-29T14:30:00Z,589,True,CPCB,Central Pollution Control Board,True
12234726,5630,PM2.5,pm25,µg/m³,2025-02-18T20:30:00Z,2026-09-29T14:30:00Z,589,True,CPCB,Central Pollution Control Board,True
12234725,5630,PM10,pm10,µg/m³,2025-02-18T20:30:00Z,2026-09-29T14:30:00Z,589,True,CPCB,Central Pollution Control Board,True
14341722,5630,wind_direction,wind_direction,deg,2025-10-10T20:30:00Z,2026-09-29T14:30:00Z,355,True,CPCB,Central Pollution Control Board,True
14341721,5630,NOx,nox,ppb,2025-10-10T20:30:00Z,2026-09-29T14:30:00Z,355,True,CPCB,Central Pollution Control Board,True
14341723,5630,wind_speed,wind_speed,m/s,2025-10-10T20:30:00Z,2026-09-29T14:30:00Z,355,True,CPCB,Central Pollution Control Board,True
15053,5630,NO2,no2,µg/m³,2018-03-09T06:00:00Z,2022-10-31T02:00:00Z,0,True,CPCB,Central Pollution Control Board,False
36210,5630,PM10,pm10,µg/m³,2020-06-04T07:00:00Z,2022-10-31T02:00:00Z,0,True,CPCB,Central Pollution Control Board,False
15119,5630,CO,co,µg/m³,2018-03-09T06:00:00Z,2022-10-31T02:00:00Z,0,True,CPCB,Central Pollution Control Board,False
14959,5630,PM2.5,pm25,µg/m³,2018-03-09T06:00:00Z,2022-10-31T02:00:00Z,0,True,CPCB,Central Pollution Control Board,False
15011,5630,O3,o3,µg/m³,2018-03-09T06:00:00Z,2022-10-31T02:00:00Z,0,True,CPCB,Central Pollution Control Board,False
14952,5630,SO2,so2,µg/m³,2018-03-09T06:00:00Z,2022-10-31T02:00:00Z,0,True,CPCB,Central Pollution Control Board,False
12234804,5633,PM10,pm10,µg/m³,2025-02-18T20:15:00Z,2026-09-29T14:30:00Z,589,True,CPCB,Rajasthan State Pollution Control Board,True
12234807,5633,SO2,so2,ppb,2025-02-18T20:15:00Z,2026-09-29T14:30:00Z,589,True,CPCB,Rajasthan State Pollution Control Board,True
12234805,5633,PM2.5,pm25,µg/m³,2025-02-18T20:15:00Z,2026-09-29T14:30:00Z,589,True,CPCB,Rajasthan State Pollution Control Board,True
12234806,5633,relative_humidity,relativehumidity,%,2025-02-18T20:15:00Z,2026-09-22T02:15:00Z,582,True,CPCB,Rajasthan State Pollution Control Board,True
12234800,5633,CO,co,ppb,2025-02-18T20:15:00Z,2026-09-29T14:15:00Z,589,True,CPCB,Rajasthan State Pollution Control Board,True
12234803,5633,O3,o3,µg/m³,2025-02-18T20:15:00Z,2026-09-29T14:30:00Z,589,True,CPCB,Rajasthan State Pollution Control Board,True
12234808,5633,temperature,temperature,c,2025-02-18T20:15:00Z,2026-06-23T11:00:00Z,491,True,CPCB,Rajasthan State Pollution Control Board,True
12234802,5633,NO2,no2,ppb,2025-02-18T20:15:00Z,2026-09-29T14:30:00Z,589,True,CPCB,Rajasthan State Pollution Control Board,True
14341726,5633,wind_speed,wind_speed,m/s,2025-10-10T20:15:00Z,2026-09-22T06:30:00Z,348,True,CPCB,Rajasthan State Pollution Control Board,True
14341725,5633,wind_direction,wind_direction,deg,2025-10-10T20:15:00Z,2026-09-22T06:30:00Z,348,True,CPCB,Rajasthan State Pollution Control Board,True
14341724,5633,NOx,nox,ppb,2025-10-10T20:15:00Z,2026-09-29T14:30:00Z,355,True,CPCB,Rajasthan State Pollution Control Board,True
14977,5633,NO2,no2,µg/m³,2018-03-09T05:30:00Z,2022-10-31T01:45:00Z,0,True,CPCB,Rajasthan State Pollution Control Board,False
14973,5633,PM10,pm10,µg/m³,2018-03-09T05:30:00Z,2022-10-31T01:45:00Z,0,True,CPCB,Rajasthan State Pollution Control Board,False
14982,5633,CO,co,µg/m³,2018-03-09T05:30:00Z,2022-10-31T01:45:00Z,0,True,CPCB,Rajasthan State Pollution Control Board,False
14975,5633,O3,o3,µg/m³,2018-03-11T20:30:00Z,2022-10-31T01:45:00Z,0,True,CPCB,Rajasthan State Pollution Control Board,False
14970,5633,SO2,so2,µg/m³,2018-03-09T05:30:00Z,2022-10-31T01:45:00Z,0,True,CPCB,Rajasthan State Pollution Control Board,False
14971,5633,PM2.5,pm25,µg/m³,2018-03-09T05:30:00Z,2022-10-31T01:45:00Z,0,True,CPCB,Rajasthan State Pollution Control Board,False
12234713,5634,PM10,pm10,µg/m³,2025-02-18T20:16:00Z,2026-09-29T14:30:00Z,589,True,CPCB,India Meteorological Department,True
12234711,5634,NO2,no2,ppb,2025-02-18T20:16:00Z,2026-09-29T14:30:00Z,589,True,CPCB,India Meteorological Department,True
12234712,5634,O3,o3,µg/m³,2025-02-18T20:16:00Z,2026-09-29T14:30:00Z,589,True,CPCB,India Meteorological Department,True
12234709,5634,CO,co,ppb,2025-02-18T20:16:00Z,2026-09-29T14:30:00Z,589,True,CPCB,India Meteorological Department,True
12234714,5634,PM2.5,pm25,µg/m³,2025-02-18T20:16:00Z,2026-09-29T14:30:00Z,589,True,CPCB,India Meteorological Department,True
14340702,5634,NOx,nox,ppb,2025-10-10T18:15:00Z,2026-09-29T14:30:00Z,355,True,CPCB,India Meteorological Department,True
14984,5634,PM2.5,pm25,µg/m³,2018-03-09T05:30:00Z,2022-10-16T10:15:00Z,0,True,CPCB,India Meteorological Department,False
14980,5634,NO2,no2,µg/m³,2018-03-09T05:30:00Z,2022-10-16T10:15:00Z,0,True,CPCB,India Meteorological Department,False
14981,5634,O3,o3,µg/m³,2018-03-09T05:30:00Z,2022-10-16T10:15:00Z,0,True,CPCB,India Meteorological Department,False
14983,5634,PM10,pm10,µg/m³,2018-03-09T05:30:00Z,2022-10-16T10:15:00Z,0,True,CPCB,India Meteorological Department,False
14978,5634,CO,co,µg/m³,2018-03-09T05:30:00Z,2022-10-16T10:15:00Z,0,True,CPCB,India Meteorological Department,False
15705691,5635,relative_humidity,relativehumidity,%,2026-03-17T07:15:00Z,2026-09-22T07:45:00Z,190,True,CPCB,Rajasthan State Pollution Control Board,True
12234849,5635,PM10,pm10,µg/m³,2025-02-18T20:15:00Z,2026-09-29T14:30:00Z,589,True,CPCB,Rajasthan State Pollution Control Board,True
12234845,5635,CO,co,ppb,2025-02-18T20:15:00Z,2026-09-29T14:15:00Z,589,True,CPCB,Rajasthan State Pollution Control Board,True
12234848,5635,O3,o3,µg/m³,2025-02-18T20:15:00Z,2026-09-29T14:30:00Z,589,True,CPCB,Rajasthan State Pollution Control Board,True
12234847,5635,NO2,no2,ppb,2025-02-18T20:15:00Z,2026-09-29T10:15:00Z,589,True,CPCB,Rajasthan State Pollution Control Board,True
12234851,5635,SO2,so2,ppb,2025-02-18T20:15:00Z,2026-09-29T14:15:00Z,589,True,CPCB,Rajasthan State Pollution Control Board,True
12234850,5635,PM2.5,pm25,µg/m³,2025-02-18T20:15:00Z,2026-09-29T14:30:00Z,589,True,CPCB,Rajasthan State Pollution Control Board,True
12234852,5635,temperature,temperature,c,2025-02-18T20:15:00Z,2026-09-22T07:45:00Z,582,True,CPCB,Rajasthan State Pollution Control Board,True
14341740,5635,wind_direction,wind_direction,deg,2025-10-10T20:15:00Z,2026-09-22T07:45:00Z,348,True,CPCB,Rajasthan State Pollution Control Board,True
14341739,5635,NOx,nox,ppb,2025-10-10T20:15:00Z,2026-09-29T10:15:00Z,355,True,CPCB,Rajasthan State Pollution Control Board,True
14341741,5635,wind_speed,wind_speed,m/s,2025-10-10T20:15:00Z,2026-09-22T07:45:00Z,348,True,CPCB,Rajasthan State Pollution Control Board,True
15122,5635,NO2,no2,µg/m³,2018-03-09T06:00:00Z,2022-10-31T02:00:00Z,0,True,CPCB,Rajasthan State Pollution Control Board,False
15186,5635,SO2,so2,µg/m³,2018-03-09T06:00:00Z,2022-10-31T02:00:00Z,0,True,CPCB,Rajasthan State Pollution Control Board,False
15127,5635,O3,o3,µg/m³,2018-03-09T06:00:00Z,2022-10-31T02:00:00Z,0,True,CPCB,Rajasthan State Pollution Control Board,False
15162,5635,PM10,pm10,µg/m³,2018-03-09T06:00:00Z,2022-10-31T02:00:00Z,0,True,CPCB,Rajasthan State Pollution Control Board,False
14988,5635,CO,co,µg/m³,2018-03-09T06:00:00Z,2022-10-31T02:00:00Z,0,True,CPCB,Rajasthan State Pollution Control Board,False
15195,5635,PM2.5,pm25,µg/m³,2018-03-09T06:00:00Z,2022-10-31T02:00:00Z,0,True,CPCB,Rajasthan State Pollution Control Board,False
15008,5639,CO,co,µg/m³,2018-03-09T03:30:00Z,2018-05-06T19:30:00Z,0,True,caaqm,Unknown Governmental Organization,True
15059,5639,PM10,pm10,µg/m³,2018-03-09T03:30:00Z,2018-05-12T04:45:00Z,0,True,caaqm,Unknown Governmental Organization,True
15071,5639,PM2.5,pm25,µg/m³,2018-03-09T03:30:00Z,2018-05-12T04:45:00Z,0,True,caaqm,Unknown Governmental Organization,True
15092,5639,SO2,so2,µg/m³,2018-03-09T03:30:00Z,2018-05-06T19:30:00Z,0,True,caaqm,Unknown Governmental Organization,True
15042,5639,O3,o3,µg/m³,2018-03-09T03:30:00Z,2018-05-06T19:30:00Z,0,True,caaqm,Unknown Governmental Organization,True
15030,5639,NO2,no2,µg/m³,2018-03-09T03:30:00Z,2018-05-06T19:30:00Z,0,True,caaqm,Unknown Governmental Organization,True
15028,5641,CO,co,µg/m³,2018-03-09T03:30:00Z,2018-05-10T07:30:00Z,0,True,caaqm,Unknown Governmental Organization,True
15023,5641,O3,o3,µg/m³,2018-03-09T03:30:00Z,2018-05-10T07:30:00Z,0,True,caaqm,Unknown Governmental Organization,True
15022,5641,PM10,pm10,µg/m³,2018-03-09T03:30:00Z,2018-05-12T04:30:00Z,0,True,caaqm,Unknown Governmental Organization,True
15025,5641,NO2,no2,µg/m³,2018-03-09T03:30:00Z,2018-05-10T07:30:00Z,0,True,caaqm,Unknown Governmental Organization,True
15014,5641,PM2.5,pm25,µg/m³,2018-03-09T03:30:00Z,2018-05-12T04:30:00Z,0,True,caaqm,Unknown Governmental Organization,True
15013,5641,SO2,so2,µg/m³,2018-03-09T03:30:00Z,2018-05-10T07:30:00Z,0,True,caaqm,Unknown Governmental Organization,True
12234691,5650,CO,co,ppb,2025-02-18T20:16:00Z,2026-09-29T14:30:00Z,589,True,CPCB,India Meteorological Department,True
12234695,5650,PM10,pm10,µg/m³,2025-02-18T20:16:00Z,2026-09-29T14:30:00Z,589,True,CPCB,India Meteorological Department,True
12234696,5650,PM2.5,pm25,µg/m³,2025-02-18T20:16:00Z,2026-09-29T14:30:00Z,589,True,CPCB,India Meteorological Department,True
12234694,5650,O3,o3,µg/m³,2025-02-18T20:16:00Z,2026-09-29T14:30:00Z,589,True,CPCB,India Meteorological Department,True
12234693,5650,NO2,no2,ppb,2025-02-18T20:16:00Z,2026-09-29T14:30:00Z,589,True,CPCB,India Meteorological Department,True
14340699,5650,NOx,nox,ppb,2025-10-10T18:15:00Z,2026-09-29T14:30:00Z,355,True,CPCB,India Meteorological Department,True
15236,5665,NO2,no2,µg/m³,2018-03-09T06:00:00Z,2022-10-31T02:00:00Z,0,True,CPCB,Uttar Pradesh Pollution Control Board,False
15234,5665,CO,co,µg/m³,2018-03-09T06:00:00Z,2022-10-31T02:00:00Z,0,True,CPCB,Uttar Pradesh Pollution Control Board,False
15240,5665,SO2,so2,µg/m³,2018-03-09T06:00:00Z,2022-10-31T02:00:00Z,0,True,CPCB,Uttar Pradesh Pollution Control Board,False
15238,5665,PM10,pm10,µg/m³,2018-03-09T06:00:00Z,2022-10-31T02:00:00Z,0,True,CPCB,Uttar Pradesh Pollution Control Board,False
15237,5665,O3,o3,µg/m³,2018-03-09T06:00:00Z,2022-10-31T02:00:00Z,0,True,CPCB,Uttar Pradesh Pollution Control Board,False
15239,5665,PM2.5,pm25,µg/m³,2018-03-09T06:00:00Z,2022-10-31T02:00:00Z,0,True,CPCB,Uttar Pradesh Pollution Control Board,False
12235160,5665,PM2.5,pm25,µg/m³,2025-02-18T20:15:00Z,2026-09-29T14:30:00Z,589,True,CPCB,Uttar Pradesh Pollution Control Board,True
12235155,5665,CO,co,ppb,2025-02-18T20:15:00Z,2026-09-29T14:30:00Z,589,True,CPCB,Uttar Pradesh Pollution Control Board,True
12235161,5665,relative_humidity,relativehumidity,%,2025-02-18T20:15:00Z,2026-09-29T14:30:00Z,589,True,CPCB,Uttar Pradesh Pollution Control Board,True
12235159,5665,PM10,pm10,µg/m³,2025-02-18T20:15:00Z,2026-09-29T14:30:00Z,589,True,CPCB,Uttar Pradesh Pollution Control Board,True
12235162,5665,SO2,so2,ppb,2025-02-18T20:15:00Z,2026-09-29T14:30:00Z,589,True,CPCB,Uttar Pradesh Pollution Control Board,True
12235163,5665,temperature,temperature,c,2025-02-18T20:15:00Z,2026-09-29T14:30:00Z,589,True,CPCB,Uttar Pradesh Pollution Control Board,True
12235157,5665,NO2,no2,ppb,2025-02-18T20:15:00Z,2026-09-29T14:30:00Z,589,True,CPCB,Uttar Pradesh Pollution Control Board,True
12235158,5665,O3,o3,µg/m³,2025-02-18T20:15:00Z,2026-09-29T14:30:00Z,589,True,CPCB,Uttar Pradesh Pollution Control Board,True
14340783,5665,wind_speed,wind_speed,m/s,2025-10-10T18:15:00Z,2026-09-29T14:30:00Z,355,True,CPCB,Uttar Pradesh Pollution Control Board,True
14340781,5665,NOx,nox,ppb,2025-10-10T18:15:00Z,2026-09-29T14:30:00Z,355,True,CPCB,Uttar Pradesh Pollution Control Board,True
14340782,5665,wind_direction,wind_direction,deg,2025-10-10T18:15:00Z,2026-09-29T14:30:00Z,355,True,CPCB,Uttar Pradesh Pollution Control Board,True
15500,5742,O3,o3,µg/m³,2018-04-16T13:30:00Z,2018-05-08T06:30:00Z,0,True,caaqm,Unknown Governmental Organization,True
15628,5742,PM10,pm10,µg/m³,2018-04-16T07:30:00Z,2018-05-13T11:30:00Z,0,True,caaqm,Unknown Governmental Organization,True
15498,5742,NO2,no2,µg/m³,2018-04-16T13:30:00Z,2018-05-08T06:30:00Z,0,True,caaqm,Unknown Governmental Organization,True
15629,5742,PM2.5,pm25,µg/m³,2018-04-27T07:30:00Z,2018-05-13T11:30:00Z,0,True,caaqm,Unknown Governmental Organization,True
15499,5742,SO2,so2,µg/m³,2018-04-16T13:30:00Z,2018-05-08T06:30:00Z,0,True,caaqm,Unknown Governmental Organization,True
15503,5743,CO,co,µg/m³,2018-04-27T02:00:00Z,2018-05-09T11:00:00Z,0,True,caaqm,Unknown Governmental Organization,True
15508,5743,NO2,no2,µg/m³,2018-04-27T02:00:00Z,2018-05-09T11:00:00Z,0,True,caaqm,Unknown Governmental Organization,True
15506,5743,O3,o3,µg/m³,2018-04-27T02:00:00Z,2018-05-09T11:00:00Z,0,True,caaqm,Unknown Governmental Organization,True
15504,5743,SO2,so2,µg/m³,2018-04-27T02:00:00Z,2018-05-09T11:00:00Z,0,True,caaqm,Unknown Governmental Organization,True
15622,5743,PM10,pm10,µg/m³,2018-04-26T02:45:00Z,2018-05-12T06:30:00Z,0,True,caaqm,Unknown Governmental Organization,True
15618,5743,PM2.5,pm25,µg/m³,2018-04-27T06:45:00Z,2018-05-12T06:30:00Z,0,True,caaqm,Unknown Governmental Organization,True
15588,5744,PM10,pm10,µg/m³,2018-04-16T07:30:00Z,2018-05-12T04:45:00Z,0,True,caaqm,Unknown Governmental Organization,True
15507,5744,O3,o3,µg/m³,2018-04-27T05:00:00Z,2018-05-09T11:00:00Z,0,True,caaqm,Unknown Governmental Organization,True
15589,5744,PM2.5,pm25,µg/m³,2018-04-27T08:00:00Z,2018-05-12T04:45:00Z,0,True,caaqm,Unknown Governmental Organization,True
15505,5744,NO2,no2,µg/m³,2018-04-27T01:00:00Z,2018-05-09T11:00:00Z,0,True,caaqm,Unknown Governmental Organization,True
15510,5744,CO,co,µg/m³,2018-04-27T05:00:00Z,2018-05-09T11:00:00Z,0,True,caaqm,Unknown Governmental Organization,True
15509,5744,SO2,so2,µg/m³,2018-04-27T01:00:00Z,2018-05-09T11:00:00Z,0,True,caaqm,Unknown Governmental Organization,True
15546,5753,SO2,so2,µg/m³,2018-04-16T11:00:00Z,2018-05-10T09:00:00Z,0,True,caaqm,Unknown Governmental Organization,True
15543,5753,O3,o3,µg/m³,2018-04-16T11:00:00Z,2018-05-10T09:00:00Z,0,True,caaqm,Unknown Governmental Organization,True
15545,5753,CO,co,µg/m³,2018-04-16T14:00:00Z,2018-05-10T09:00:00Z,0,True,caaqm,Unknown Governmental Organization,True
15604,5753,PM2.5,pm25,µg/m³,2018-04-27T07:00:00Z,2018-05-12T06:00:00Z,0,True,caaqm,Unknown Governmental Organization,True
15544,5753,NO2,no2,µg/m³,2018-04-16T11:00:00Z,2018-05-10T09:00:00Z,0,True,caaqm,Unknown Governmental Organization,True
15615,5753,PM10,pm10,µg/m³,2018-04-16T06:00:00Z,2018-05-12T06:00:00Z,0,True,caaqm,Unknown Governmental Organization,True
15620,5754,PM2.5,pm25,µg/m³,2018-04-28T05:30:00Z,2018-05-12T06:30:00Z,0,True,caaqm,Unknown Governmental Organization,True
15550,5754,O3,o3,µg/m³,2018-04-27T05:00:00Z,2018-05-10T09:30:00Z,0,True,caaqm,Unknown Governmental Organization,True
15548,5754,CO,co,µg/m³,2018-04-27T05:00:00Z,2018-05-10T09:30:00Z,0,True,caaqm,Unknown Governmental Organization,True
15619,5754,PM10,pm10,µg/m³,2018-04-16T14:30:00Z,2018-05-12T06:30:00Z,0,True,caaqm,Unknown Governmental Organization,True
15547,5754,NO2,no2,µg/m³,2018-04-27T05:00:00Z,2018-05-10T09:30:00Z,0,True,caaqm,Unknown Governmental Organization,True
15552,5754,SO2,so2,µg/m³,2018-04-27T05:00:00Z,2018-05-10T09:30:00Z,0,True,caaqm,Unknown Governmental Organization,True
15586,5755,O3,o3,µg/m³,2018-04-26T23:00:00Z,2018-05-12T04:30:00Z,0,True,caaqm,Unknown Governmental Organization,True
15574,5755,NO2,no2,µg/m³,2018-04-26T23:00:00Z,2018-05-12T04:30:00Z,0,True,caaqm,Unknown Governmental Organization,True
15551,5755,PM2.5,pm25,µg/m³,2018-04-27T07:30:00Z,2018-05-10T09:30:00Z,0,True,caaqm,Unknown Governmental Organization,True
15582,5755,CO,co,µg/m³,2018-04-26T23:00:00Z,2018-05-12T04:30:00Z,0,True,caaqm,Unknown Governmental Organization,True
15549,5755,PM10,pm10,µg/m³,2018-04-27T07:30:00Z,2018-05-10T09:30:00Z,0,True,caaqm,Unknown Governmental Organization,True
15587,5755,SO2,so2,µg/m³,2018-04-26T23:00:00Z,2018-05-12T04:30:00Z,0,True,caaqm,Unknown Governmental Organization,True
15567,5759,NO2,no2,µg/m³,2018-04-16T14:30:00Z,2018-05-11T11:45:00Z,0,True,caaqm,Unknown Governmental Organization,True
15566,5759,O3,o3,µg/m³,2018-04-16T14:30:00Z,2018-05-11T11:45:00Z,0,True,caaqm,Unknown Governmental Organization,True
15595,5759,PM2.5,pm25,µg/m³,2018-04-27T07:00:00Z,2018-05-12T05:00:00Z,0,True,caaqm,Unknown Governmental Organization,True
15565,5759,SO2,so2,µg/m³,2018-04-16T14:30:00Z,2018-05-11T11:45:00Z,0,True,caaqm,Unknown Governmental Organization,True
15568,5759,CO,co,µg/m³,2018-04-16T14:30:00Z,2018-05-11T11:45:00Z,0,True,caaqm,Unknown Governmental Organization,True
15591,5759,PM10,pm10,µg/m³,2018-04-16T06:00:00Z,2018-05-12T05:00:00Z,0,True,caaqm,Unknown Governmental Organization,True
15570,5760,PM2.5,pm25,µg/m³,2018-04-27T06:45:00Z,2018-05-11T12:30:00Z,0,True,caaqm,Unknown Governmental Organization,True
15593,5760,NO2,no2,µg/m³,2018-04-16T09:00:00Z,2018-05-12T05:00:00Z,0,True,caaqm,Unknown Governmental Organization,True
15594,5760,CO,co,µg/m³,2018-04-16T09:00:00Z,2018-05-12T05:00:00Z,0,True,caaqm,Unknown Governmental Organization,True
15592,5760,O3,o3,µg/m³,2018-04-16T09:00:00Z,2018-05-12T05:00:00Z,0,True,caaqm,Unknown Governmental Organization,True
15569,5760,PM10,pm10,µg/m³,2018-04-16T15:30:00Z,2018-05-11T12:30:00Z,0,True,caaqm,Unknown Governmental Organization,True
15590,5760,SO2,so2,µg/m³,2018-04-16T09:00:00Z,2018-05-12T05:00:00Z,0,True,caaqm,Unknown Governmental Organization,True
15578,5761,CO,co,µg/m³,2018-04-16T08:30:00Z,2018-05-12T04:30:00Z,0,True,caaqm,Unknown Governmental Organization,True
15577,5761,O3,o3,µg/m³,2018-04-16T08:30:00Z,2018-05-12T04:30:00Z,0,True,caaqm,Unknown Governmental Organization,True
15621,5761,PM2.5,pm25,µg/m³,2018-04-27T06:45:00Z,2018-05-12T06:30:00Z,0,True,caaqm,Unknown Governmental Organization,True
15585,5761,SO2,so2,µg/m³,2018-04-16T08:30:00Z,2018-05-12T04:30:00Z,0,True,caaqm,Unknown Governmental Organization,True
15623,5761,PM10,pm10,µg/m³,2018-04-16T07:30:00Z,2018-05-12T06:30:00Z,0,True,caaqm,Unknown Governmental Organization,True
15572,5761,NO2,no2,µg/m³,2018-04-16T08:30:00Z,2018-05-12T04:30:00Z,0,True,caaqm,Unknown Governmental Organization,True
15605,5762,PM10,pm10,µg/m³,2018-04-16T15:00:00Z,2018-05-12T06:00:00Z,0,True,caaqm,Unknown Governmental Organization,True
15573,5762,O3,o3,µg/m³,2018-05-01T08:00:00Z,2018-05-12T04:30:00Z,0,True,caaqm,Unknown Governmental Organization,True
15583,5762,CO,co,µg/m³,2018-05-01T08:00:00Z,2018-05-12T04:30:00Z,0,True,caaqm,Unknown Governmental Organization,True
15602,5762,PM2.5,pm25,µg/m³,2018-04-27T07:00:00Z,2018-05-12T06:00:00Z,0,True,caaqm,Unknown Governmental Organization,True
15579,5762,SO2,so2,µg/m³,2018-05-01T08:00:00Z,2018-05-12T04:30:00Z,0,True,caaqm,Unknown Governmental Organization,True
15584,5762,NO2,no2,µg/m³,2018-05-01T08:00:00Z,2018-05-12T04:30:00Z,0,True,caaqm,Unknown Governmental Organization,True
15609,5763,PM10,pm10,µg/m³,2018-04-16T09:00:00Z,2018-05-12T06:00:00Z,0,True,caaqm,Unknown Governmental Organization,True
15581,5763,NO2,no2,µg/m³,2018-04-16T17:30:00Z,2018-05-12T04:30:00Z,0,True,caaqm,Unknown Governmental Organization,True
15576,5763,CO,co,µg/m³,2018-04-16T17:30:00Z,2018-05-12T04:30:00Z,0,True,caaqm,Unknown Governmental Organization,True
15606,5763,PM2.5,pm25,µg/m³,2018-04-27T09:00:00Z,2018-05-12T06:00:00Z,0,True,caaqm,Unknown Governmental Organization,True
15575,5763,SO2,so2,µg/m³,2018-04-16T17:30:00Z,2018-05-12T04:30:00Z,0,True,caaqm,Unknown Governmental Organization,True
15580,5763,O3,o3,µg/m³,2018-04-16T17:30:00Z,2018-05-12T04:30:00Z,0,True,caaqm,Unknown Governmental Organization,True
15627,5765,PM2.5,pm25,µg/m³,2018-04-27T08:00:00Z,2018-05-13T10:00:00Z,0,True,caaqm,Unknown Governmental Organization,True
15624,5765,PM10,pm10,µg/m³,2018-04-26T03:00:00Z,2018-05-13T10:00:00Z,0,True,caaqm,Unknown Governmental Organization,True
15599,5765,SO2,so2,µg/m³,2018-04-26T13:30:00Z,2018-05-12T05:30:00Z,0,True,caaqm,Unknown Governmental Organization,True
15597,5765,CO,co,µg/m³,2018-04-26T13:30:00Z,2018-05-12T05:30:00Z,0,True,caaqm,Unknown Governmental Organization,True
15598,5765,O3,o3,µg/m³,2018-04-26T13:30:00Z,2018-05-12T05:30:00Z,0,True,caaqm,Unknown Governmental Organization,True
15600,5765,NO2,no2,µg/m³,2018-04-26T13:30:00Z,2018-05-12T05:30:00Z,0,True,caaqm,Unknown Governmental Organization,True
15616,5766,O3,o3,µg/m³,2018-04-16T19:00:00Z,2018-05-12T06:00:00Z,0,True,caaqm,Unknown Governmental Organization,True
15607,5766,CO,co,µg/m³,2018-04-16T19:00:00Z,2018-05-12T06:00:00Z,0,True,caaqm,Unknown Governmental Organization,True
15608,5766,SO2,so2,µg/m³,2018-04-16T19:00:00Z,2018-05-12T06:00:00Z,0,True,caaqm,Unknown Governmental Organization,True
15612,5766,NO2,no2,µg/m³,2018-04-16T19:00:00Z,2018-05-12T06:00:00Z,0,True,caaqm,Unknown Governmental Organization,True
15625,5766,PM10,pm10,µg/m³,2018-04-15T20:00:00Z,2018-05-13T10:00:00Z,0,True,caaqm,Unknown Governmental Organization,True
15626,5766,PM2.5,pm25,µg/m³,2018-04-27T08:00:00Z,2018-05-13T10:00:00Z,0,True,caaqm,Unknown Governmental Organization,True
17562,6314,NO2,no2,µg/m³,2018-11-15T02:00:00Z,2018-11-16T04:00:00Z,0,True,caaqm,Unknown Governmental Organization,True
17561,6314,CO,co,µg/m³,2018-11-15T02:00:00Z,2018-11-16T04:00:00Z,0,True,caaqm,Unknown Governmental Organization,True
17563,6314,PM10,pm10,µg/m³,2018-11-15T02:00:00Z,2018-11-16T04:00:00Z,0,True,caaqm,Unknown Governmental Organization,True
17564,6314,PM2.5,pm25,µg/m³,2018-11-15T02:00:00Z,2018-11-16T04:00:00Z,0,True,caaqm,Unknown Governmental Organization,True
12235316,6356,CO,co,ppb,2025-02-18T20:15:00Z,2026-09-29T14:30:00Z,589,True,CPCB,Delhi Pollution Control Committee,True
12235320,6356,PM10,pm10,µg/m³,2025-02-18T20:15:00Z,2026-09-29T14:30:00Z,589,True,CPCB,Delhi Pollution Control Committee,True
12235318,6356,NO2,no2,ppb,2025-02-18T20:15:00Z,2026-09-29T14:30:00Z,589,True,CPCB,Delhi Pollution Control Committee,True
12235323,6356,SO2,so2,ppb,2025-02-18T20:15:00Z,2026-09-29T14:15:00Z,589,True,CPCB,Delhi Pollution Control Committee,True
12235321,6356,PM2.5,pm25,µg/m³,2025-02-18T20:15:00Z,2026-09-29T14:30:00Z,589,True,CPCB,Delhi Pollution Control Committee,True
12235322,6356,relative_humidity,relativehumidity,%,2025-02-18T20:15:00Z,2026-09-29T14:30:00Z,589,True,CPCB,Delhi Pollution Control Committee,True
12235324,6356,temperature,temperature,c,2025-02-18T20:15:00Z,2026-09-29T14:30:00Z,589,True,CPCB,Delhi Pollution Control Committee,True
12235319,6356,O3,o3,µg/m³,2025-02-18T20:30:00Z,2026-09-29T14:30:00Z,589,True,CPCB,Delhi Pollution Control Committee,True
14340817,6356,NOx,nox,ppb,2025-10-10T18:15:00Z,2026-09-29T14:30:00Z,355,True,CPCB,Delhi Pollution Control Committee,True
14340818,6356,wind_direction,wind_direction,deg,2025-10-10T18:15:00Z,2026-09-29T14:30:00Z,355,True,CPCB,Delhi Pollution Control Committee,True
14340819,6356,wind_speed,wind_speed,m/s,2025-10-10T18:15:00Z,2026-09-29T14:30:00Z,355,True,CPCB,Delhi Pollution Control Committee,True
17778,6357,SO2,so2,µg/m³,2018-08-10T06:00:00Z,2022-10-16T14:15:00Z,0,True,caaqm,Unknown Governmental Organization,True
17769,6357,CO,co,µg/m³,2018-08-10T06:00:00Z,2022-10-16T14:15:00Z,0,True,caaqm,Unknown Governmental Organization,True
17771,6357,NO2,no2,µg/m³,2018-08-10T06:00:00Z,2022-10-16T14:15:00Z,0,True,caaqm,Unknown Governmental Organization,True
17768,6357,PM10,pm10,µg/m³,2018-08-10T06:00:00Z,2022-10-16T14:15:00Z,0,True,caaqm,Unknown Governmental Organization,True
17776,6357,PM2.5,pm25,µg/m³,2018-08-10T06:00:00Z,2022-10-16T14:15:00Z,0,True,caaqm,Unknown Governmental Organization,True
17774,6357,O3,o3,µg/m³,2018-08-10T06:00:00Z,2022-10-16T14:15:00Z,0,True,caaqm,Unknown Governmental Organization,True
12234777,6358,PM10,pm10,µg/m³,2025-02-18T20:15:00Z,2026-09-29T14:30:00Z,589,True,CPCB,Delhi Pollution Control Committee,True
12234779,6358,relative_humidity,relativehumidity,%,2025-02-18T20:15:00Z,2026-09-29T14:30:00Z,589,True,CPCB,Delhi Pollution Control Committee,True
12234776,6358,O3,o3,µg/m³,2025-02-18T20:45:00Z,2026-09-29T14:30:00Z,589,True,CPCB,Delhi Pollution Control Committee,True
12234780,6358,SO2,so2,ppb,2025-02-18T20:15:00Z,2026-09-29T14:30:00Z,589,True,CPCB,Delhi Pollution Control Committee,True
12234778,6358,PM2.5,pm25,µg/m³,2025-02-18T20:15:00Z,2026-09-29T14:30:00Z,589,True,CPCB,Delhi Pollution Control Committee,True
12234775,6358,NO2,no2,ppb,2025-02-18T20:15:00Z,2026-09-29T14:30:00Z,589,True,CPCB,Delhi Pollution Control Committee,True
12234781,6358,temperature,temperature,c,2025-02-18T20:15:00Z,2026-09-29T14:30:00Z,589,True,CPCB,Delhi Pollution Control Committee,True
12234773,6358,CO,co,ppb,2025-02-18T20:15:00Z,2026-09-29T14:30:00Z,589,True,CPCB,Delhi Pollution Control Committee,True
14340712,6358,wind_speed,wind_speed,m/s,2025-10-10T18:15:00Z,2026-09-29T14:30:00Z,355,True,CPCB,Delhi Pollution Control Committee,True
14340711,6358,wind_direction,wind_direction,deg,2025-10-10T18:15:00Z,2026-09-28T13:45:00Z,354,True,CPCB,Delhi Pollution Control Committee,True
14340710,6358,NOx,nox,ppb,2025-10-10T18:15:00Z,2026-09-29T14:30:00Z,355,True,CPCB,Delhi Pollution Control Committee,True
17772,6358,CO,co,µg/m³,2018-08-10T06:00:00Z,2022-10-31T00:45:00Z,0,True,CPCB,Delhi Pollution Control Committee,False
17777,6358,O3,o3,µg/m³,2018-08-10T06:00:00Z,2022-10-31T00:45:00Z,0,True,CPCB,Delhi Pollution Control Committee,False
17770,6358,PM2.5,pm25,µg/m³,2018-08-10T06:00:00Z,2022-10-31T00:45:00Z,0,True,CPCB,Delhi Pollution Control Committee,False
17773,6358,NO2,no2,µg/m³,2018-08-10T06:00:00Z,2022-10-31T00:45:00Z,0,True,CPCB,Delhi Pollution Control Committee,False
17775,6358,PM10,pm10,µg/m³,2018-08-10T06:00:00Z,2022-10-31T00:45:00Z,0,True,CPCB,Delhi Pollution Control Committee,False
17779,6358,SO2,so2,µg/m³,2018-08-10T06:00:00Z,2022-10-31T00:45:00Z,0,True,CPCB,Delhi Pollution Control Committee,False
12234733,6359,O3,o3,µg/m³,2025-02-18T20:15:00Z,2026-09-29T14:30:00Z,589,True,CPCB,Central Pollution Control Board,True
12234730,6359,CO,co,ppb,2025-02-18T20:15:00Z,2026-09-29T14:30:00Z,589,True,CPCB,Central Pollution Control Board,True
12234732,6359,NO2,no2,ppb,2025-02-18T20:15:00Z,2026-09-29T14:30:00Z,589,True,CPCB,Central Pollution Control Board,True
12234736,6359,relative_humidity,relativehumidity,%,2025-02-18T20:15:00Z,2026-09-29T14:30:00Z,589,True,CPCB,Central Pollution Control Board,True
12234738,6359,temperature,temperature,c,2025-02-18T20:15:00Z,2026-06-23T11:15:00Z,491,True,CPCB,Central Pollution Control Board,True
12234735,6359,PM2.5,pm25,µg/m³,2025-02-18T20:15:00Z,2026-09-29T14:30:00Z,589,True,CPCB,Central Pollution Control Board,True
12234734,6359,PM10,pm10,µg/m³,2025-02-18T20:15:00Z,2026-09-29T14:30:00Z,589,True,CPCB,Central Pollution Control Board,True
12234737,6359,SO2,so2,ppb,2025-02-18T20:15:00Z,2026-09-29T14:30:00Z,589,True,CPCB,Central Pollution Control Board,True
14341689,6359,NOx,nox,ppb,2025-10-10T20:15:00Z,2026-09-29T14:30:00Z,355,True,CPCB,Central Pollution Control Board,True
14341693,6359,wind_speed,wind_speed,m/s,2025-10-10T20:15:00Z,2026-09-29T14:30:00Z,355,True,CPCB,Central Pollution Control Board,True
14341691,6359,wind_direction,wind_direction,deg,2025-10-10T20:15:00Z,2026-09-29T14:30:00Z,355,True,CPCB,Central Pollution Control Board,True
36050,6359,PM10,pm10,µg/m³,2020-06-05T08:45:00Z,2022-10-31T01:45:00Z,0,True,CPCB,Central Pollution Control Board,False
17792,6359,CO,co,µg/m³,2018-04-28T15:45:00Z,2022-10-31T01:45:00Z,0,True,CPCB,Central Pollution Control Board,False
17790,6359,PM2.5,pm25,µg/m³,2018-04-28T15:45:00Z,2022-10-31T01:45:00Z,0,True,CPCB,Central Pollution Control Board,False
17791,6359,NO2,no2,µg/m³,2018-04-28T15:45:00Z,2022-10-31T01:45:00Z,0,True,CPCB,Central Pollution Control Board,False
17780,6359,SO2,so2,µg/m³,2018-04-28T15:45:00Z,2022-10-31T01:45:00Z,0,True,CPCB,Central Pollution Control Board,False
36058,6359,O3,o3,µg/m³,2020-07-23T10:00:00Z,2022-10-31T01:45:00Z,0,True,CPCB,Central Pollution Control Board,False
12291454,6442,PM2.5,pm25,µg/m³,2025-02-24T06:15:00Z,2026-09-29T14:30:00Z,583,True,CPCB,Ambuja Cement,True
12291455,6442,relative_humidity,relativehumidity,%,2025-02-24T06:15:00Z,2026-09-29T14:30:00Z,583,True,CPCB,Ambuja Cement,True
12291456,6442,SO2,so2,ppb,2025-02-24T06:15:00Z,2026-09-29T14:15:00Z,583,True,CPCB,Ambuja Cement,True
12291457,6442,temperature,temperature,c,2025-02-24T06:15:00Z,2026-08-06T11:00:00Z,529,True,CPCB,Ambuja Cement,True
14341796,6442,wind_direction,wind_direction,deg,2025-10-10T20:15:00Z,2026-09-29T14:30:00Z,355,True,CPCB,Ambuja Cement,True
12291452,6442,NO2,no2,ppb,2025-02-24T06:15:00Z,2026-09-29T14:30:00Z,583,True,CPCB,Ambuja Cement,True
12291450,6442,CO,co,ppb,2025-02-24T06:15:00Z,2026-09-29T14:30:00Z,583,True,CPCB,Ambuja Cement,True
12291453,6442,PM10,pm10,µg/m³,2025-02-24T06:15:00Z,2026-09-29T14:30:00Z,583,True,CPCB,Ambuja Cement,True
14341795,6442,NOx,nox,ppb,2025-10-10T20:15:00Z,2026-09-29T14:30:00Z,355,True,CPCB,Ambuja Cement,True
14341797,6442,wind_speed,wind_speed,m/s,2025-10-10T20:15:00Z,2026-09-29T14:30:00Z,355,True,CPCB,Ambuja Cement,True
18101,6442,PM2.5,pm25,µg/m³,2018-05-02T04:45:00Z,2022-10-31T01:45:00Z,0,True,CPCB,Ambuja Cement,False
18102,6442,SO2,so2,µg/m³,2018-05-02T04:45:00Z,2022-10-31T01:45:00Z,0,True,CPCB,Ambuja Cement,False
18099,6442,NO2,no2,µg/m³,2018-05-02T04:45:00Z,2022-10-31T01:45:00Z,0,True,CPCB,Ambuja Cement,False
18100,6442,CO,co,µg/m³,2018-05-02T04:45:00Z,2022-10-31T01:45:00Z,0,True,CPCB,Ambuja Cement,False
18104,6442,PM10,pm10,µg/m³,2018-05-02T04:45:00Z,2022-10-31T01:45:00Z,0,True,CPCB,Ambuja Cement,False
12235224,6923,SO2,so2,ppb,2025-02-18T20:15:00Z,2026-09-29T14:30:00Z,589,True,CPCB,Uttar Pradesh Pollution Control Board,True
12235220,6923,O3,o3,µg/m³,2025-02-18T20:15:00Z,2026-09-29T14:30:00Z,589,True,CPCB,Uttar Pradesh Pollution Control Board,True
12235219,6923,NO2,no2,ppb,2025-02-18T20:15:00Z,2026-09-29T14:30:00Z,589,True,CPCB,Uttar Pradesh Pollution Control Board,True
12235217,6923,CO,co,ppb,2025-02-18T20:15:00Z,2026-09-29T14:30:00Z,589,True,CPCB,Uttar Pradesh Pollution Control Board,True
12235221,6923,PM10,pm10,µg/m³,2025-02-18T20:15:00Z,2026-09-29T14:30:00Z,589,True,CPCB,Uttar Pradesh Pollution Control Board,True
12235225,6923,temperature,temperature,c,2025-02-18T20:15:00Z,2026-09-29T14:30:00Z,589,True,CPCB,Uttar Pradesh Pollution Control Board,True
12235222,6923,PM2.5,pm25,µg/m³,2025-02-18T20:15:00Z,2026-09-29T14:30:00Z,589,True,CPCB,Uttar Pradesh Pollution Control Board,True
12235223,6923,relative_humidity,relativehumidity,%,2025-02-18T20:15:00Z,2026-09-29T14:30:00Z,589,True,CPCB,Uttar Pradesh Pollution Control Board,True
14341801,6923,NOx,nox,ppb,2025-10-10T20:15:00Z,2026-09-29T14:30:00Z,355,True,CPCB,Uttar Pradesh Pollution Control Board,True
14341802,6923,wind_direction,wind_direction,deg,2025-10-10T21:00:00Z,2026-09-29T14:30:00Z,355,True,CPCB,Uttar Pradesh Pollution Control Board,True
14341803,6923,wind_speed,wind_speed,m/s,2025-10-10T21:00:00Z,2026-09-29T14:30:00Z,355,True,CPCB,Uttar Pradesh Pollution Control Board,True
19877,6923,PM10,pm10,µg/m³,2018-08-10T06:00:00Z,2022-10-31T02:00:00Z,0,True,CPCB,Uttar Pradesh Pollution Control Board,False
19878,6923,CO,co,µg/m³,2018-08-10T06:00:00Z,2022-10-31T02:00:00Z,0,True,CPCB,Uttar Pradesh Pollution Control Board,False
19880,6923,NO2,no2,µg/m³,2018-08-10T06:00:00Z,2022-10-31T02:00:00Z,0,True,CPCB,Uttar Pradesh Pollution Control Board,False
19882,6923,SO2,so2,µg/m³,2018-08-10T06:00:00Z,2022-10-31T02:00:00Z,0,True,CPCB,Uttar Pradesh Pollution Control Board,False
19881,6923,PM2.5,pm25,µg/m³,2018-08-10T06:00:00Z,2022-10-31T02:00:00Z,0,True,CPCB,Uttar Pradesh Pollution Control Board,False
19879,6923,O3,o3,µg/m³,2018-08-10T06:00:00Z,2022-10-31T02:00:00Z,0,True,CPCB,Uttar Pradesh Pollution Control Board,False
12235779,6924,PM2.5,pm25,µg/m³,2025-02-18T20:15:00Z,2026-09-29T14:30:00Z,589,True,CPCB,Uttar Pradesh Pollution Control Board,True
12235780,6924,relative_humidity,relativehumidity,%,2025-02-18T20:15:00Z,2026-09-29T14:30:00Z,589,True,CPCB,Uttar Pradesh Pollution Control Board,True
12235776,6924,NO2,no2,ppb,2025-02-18T20:15:00Z,2026-09-29T14:30:00Z,589,True,CPCB,Uttar Pradesh Pollution Control Board,True
12235782,6924,temperature,temperature,c,2025-02-18T20:15:00Z,2026-09-29T14:30:00Z,589,True,CPCB,Uttar Pradesh Pollution Control Board,True
12235778,6924,PM10,pm10,µg/m³,2025-02-18T20:15:00Z,2026-09-29T14:30:00Z,589,True,CPCB,Uttar Pradesh Pollution Control Board,True
12235781,6924,SO2,so2,ppb,2025-02-18T20:15:00Z,2026-09-29T14:30:00Z,589,True,CPCB,Uttar Pradesh Pollution Control Board,True
12235777,6924,O3,o3,µg/m³,2025-02-18T20:15:00Z,2026-09-29T14:30:00Z,589,True,CPCB,Uttar Pradesh Pollution Control Board,True
12235774,6924,CO,co,ppb,2025-02-18T20:15:00Z,2026-09-29T14:30:00Z,589,True,CPCB,Uttar Pradesh Pollution Control Board,True
14340908,6924,wind_direction,wind_direction,deg,2025-10-10T18:15:00Z,2026-09-29T14:30:00Z,355,True,CPCB,Uttar Pradesh Pollution Control Board,True
14340909,6924,wind_speed,wind_speed,m/s,2025-10-10T18:15:00Z,2026-09-29T14:30:00Z,355,True,CPCB,Uttar Pradesh Pollution Control Board,True
14341933,6924,NOx,nox,ppb,2025-10-11T03:15:00Z,2026-09-29T14:30:00Z,354,True,CPCB,Uttar Pradesh Pollution Control Board,True
19884,6924,PM2.5,pm25,µg/m³,2019-04-27T12:00:00Z,2022-10-31T02:00:00Z,0,True,CPCB,Uttar Pradesh Pollution Control Board,False
19883,6924,O3,o3,µg/m³,2019-04-27T12:00:00Z,2022-10-31T02:00:00Z,0,True,CPCB,Uttar Pradesh Pollution Control Board,False
19886,6924,PM10,pm10,µg/m³,2019-04-27T12:00:00Z,2022-10-31T02:00:00Z,0,True,CPCB,Uttar Pradesh Pollution Control Board,False
19885,6924,NO2,no2,µg/m³,2019-04-27T12:00:00Z,2022-10-31T02:00:00Z,0,True,CPCB,Uttar Pradesh Pollution Control Board,False
19887,6924,SO2,so2,µg/m³,2019-04-27T12:00:00Z,2022-10-31T02:00:00Z,0,True,CPCB,Uttar Pradesh Pollution Control Board,False
19888,6924,CO,co,µg/m³,2019-04-27T12:00:00Z,2022-10-31T02:00:00Z,0,True,CPCB,Uttar Pradesh Pollution Control Board,False
12235047,6929,PM2.5,pm25,µg/m³,2025-02-18T20:15:00Z,2026-09-29T14:30:00Z,589,True,CPCB,Delhi Pollution Control Committee,True
12235048,6929,relative_humidity,relativehumidity,%,2025-02-18T20:15:00Z,2026-09-29T14:30:00Z,589,True,CPCB,Delhi Pollution Control Committee,True
12235042,6929,CO,co,ppb,2025-02-18T20:15:00Z,2026-09-29T14:30:00Z,589,True,CPCB,Delhi Pollution Control Committee,True
12235050,6929,temperature,temperature,c,2025-02-18T20:15:00Z,2026-09-29T14:30:00Z,589,True,CPCB,Delhi Pollution Control Committee,True
12235049,6929,SO2,so2,ppb,2025-02-18T20:15:00Z,2026-09-29T10:45:00Z,589,True,CPCB,Delhi Pollution Control Committee,True
12235045,6929,O3,o3,µg/m³,2025-02-18T20:30:00Z,2026-09-29T14:30:00Z,589,True,CPCB,Delhi Pollution Control Committee,True
12235046,6929,PM10,pm10,µg/m³,2025-02-18T20:15:00Z,2026-09-29T14:30:00Z,589,True,CPCB,Delhi Pollution Control Committee,True
12235044,6929,NO2,no2,ppb,2025-02-18T20:15:00Z,2026-09-29T14:30:00Z,589,True,CPCB,Delhi Pollution Control Committee,True
14340752,6929,NOx,nox,ppb,2025-10-10T18:15:00Z,2026-09-29T14:30:00Z,355,True,CPCB,Delhi Pollution Control Committee,True
14340753,6929,wind_direction,wind_direction,deg,2025-10-10T18:15:00Z,2026-09-29T14:30:00Z,355,True,CPCB,Delhi Pollution Control Committee,True
14340754,6929,wind_speed,wind_speed,m/s,2025-10-10T18:15:00Z,2026-09-29T14:30:00Z,355,True,CPCB,Delhi Pollution Control Committee,True
19899,6929,SO2,so2,µg/m³,2018-08-10T07:00:00Z,2022-10-31T00:30:00Z,0,True,CPCB,Delhi Pollution Control Committee,False
19901,6929,CO,co,µg/m³,2018-08-10T07:00:00Z,2022-10-31T00:00:00Z,0,True,CPCB,Delhi Pollution Control Committee,False
19900,6929,PM2.5,pm25,µg/m³,2018-08-10T07:00:00Z,2022-10-31T00:45:00Z,0,True,CPCB,Delhi Pollution Control Committee,False
19902,6929,NO2,no2,µg/m³,2018-08-10T07:00:00Z,2022-10-31T00:45:00Z,0,True,CPCB,Delhi Pollution Control Committee,False
19904,6929,PM10,pm10,µg/m³,2018-08-10T07:00:00Z,2022-10-31T00:45:00Z,0,True,CPCB,Delhi Pollution Control Committee,False
19903,6929,O3,o3,µg/m³,2018-08-10T07:00:00Z,2022-10-31T00:45:00Z,0,True,CPCB,Delhi Pollution Control Committee,False
12961441,6930,PM2.5,pm25,µg/m³,2025-05-06T08:30:00Z,2026-09-29T14:30:00Z,512,True,CPCB,Haryana State Pollution Control Board,True
12961442,6930,relative_humidity,relativehumidity,%,2025-05-06T08:30:00Z,2026-09-29T14:30:00Z,512,True,CPCB,Haryana State Pollution Control Board,True
12961443,6930,temperature,temperature,c,2025-05-06T08:30:00Z,2026-06-23T10:45:00Z,414,True,CPCB,Haryana State Pollution Control Board,True
13623425,6930,SO2,so2,ppb,2025-07-17T06:45:00Z,2026-09-29T14:30:00Z,440,True,CPCB,Haryana State Pollution Control Board,True
14341898,6930,wind_speed,wind_speed,m/s,2025-10-14T04:45:00Z,2026-09-29T14:30:00Z,351,True,CPCB,Haryana State Pollution Control Board,True
14341896,6930,NOx,nox,ppb,2025-10-14T04:45:00Z,2026-09-29T14:30:00Z,351,True,CPCB,Haryana State Pollution Control Board,True
13623424,6930,PM10,pm10,µg/m³,2025-07-17T06:45:00Z,2026-09-29T14:30:00Z,440,True,CPCB,Haryana State Pollution Control Board,True
13623423,6930,O3,o3,µg/m³,2025-07-17T06:45:00Z,2026-09-29T14:30:00Z,440,True,CPCB,Haryana State Pollution Control Board,True
14341897,6930,wind_direction,wind_direction,deg,2025-10-14T04:45:00Z,2026-09-29T14:30:00Z,351,True,CPCB,Haryana State Pollution Control Board,True
13623420,6930,CO,co,ppb,2025-07-17T06:45:00Z,2026-09-29T14:30:00Z,440,True,CPCB,Haryana State Pollution Control Board,True
13623422,6930,NO2,no2,ppb,2025-07-17T06:45:00Z,2026-09-29T14:30:00Z,440,True,CPCB,Haryana State Pollution Control Board,True
19911,6930,CO,co,µg/m³,2019-02-13T02:00:00Z,2022-10-31T01:30:00Z,0,True,CPCB,Haryana State Pollution Control Board,False
19910,6930,PM10,pm10,µg/m³,2019-02-13T02:00:00Z,2022-10-31T01:30:00Z,0,True,CPCB,Haryana State Pollution Control Board,False
19908,6930,O3,o3,µg/m³,2019-02-13T02:00:00Z,2022-10-31T01:30:00Z,0,True,CPCB,Haryana State Pollution Control Board,False
19905,6930,SO2,so2,µg/m³,2019-02-13T02:00:00Z,2022-10-31T01:30:00Z,0,True,CPCB,Haryana State Pollution Control Board,False
19909,6930,NO2,no2,µg/m³,2019-02-13T02:00:00Z,2022-10-31T01:30:00Z,0,True,CPCB,Haryana State Pollution Control Board,False
19907,6930,PM2.5,pm25,µg/m³,2019-02-13T02:00:00Z,2022-10-31T01:30:00Z,0,True,CPCB,Haryana State Pollution Control Board,False
12235022,6931,SO2,so2,ppb,2025-02-18T20:15:00Z,2026-09-29T14:30:00Z,589,True,CPCB,Delhi Pollution Control Committee,True
12235015,6931,CO,co,ppb,2025-02-18T20:15:00Z,2026-09-29T14:30:00Z,589,True,CPCB,Delhi Pollution Control Committee,True
12235017,6931,NO2,no2,ppb,2025-02-18T20:15:00Z,2026-09-29T14:30:00Z,589,True,CPCB,Delhi Pollution Control Committee,True
12235023,6931,temperature,temperature,c,2025-02-18T20:15:00Z,2026-09-29T14:30:00Z,589,True,CPCB,Delhi Pollution Control Committee,True
12235021,6931,relative_humidity,relativehumidity,%,2025-02-18T20:15:00Z,2026-09-29T14:30:00Z,589,True,CPCB,Delhi Pollution Control Committee,True
12235019,6931,PM10,pm10,µg/m³,2025-02-18T20:15:00Z,2026-09-29T14:30:00Z,589,True,CPCB,Delhi Pollution Control Committee,True
12235018,6931,O3,o3,µg/m³,2025-02-18T20:30:00Z,2026-09-29T14:30:00Z,589,True,CPCB,Delhi Pollution Control Committee,True
12235020,6931,PM2.5,pm25,µg/m³,2025-02-18T20:15:00Z,2026-09-29T14:30:00Z,589,True,CPCB,Delhi Pollution Control Committee,True
14340743,6931,NOx,nox,ppb,2025-10-10T18:15:00Z,2026-09-29T14:30:00Z,355,True,CPCB,Delhi Pollution Control Committee,True
14340744,6931,wind_direction,wind_direction,deg,2025-10-10T18:15:00Z,2026-09-29T14:30:00Z,355,True,CPCB,Delhi Pollution Control Committee,True
14340745,6931,wind_speed,wind_speed,m/s,2025-10-10T18:15:00Z,2026-09-29T14:30:00Z,355,True,CPCB,Delhi Pollution Control Committee,True
20147,6931,SO2,so2,µg/m³,2018-08-10T06:15:00Z,2022-10-31T00:45:00Z,0,True,CPCB,Delhi Pollution Control Committee,False
19954,6931,O3,o3,µg/m³,2018-08-10T06:15:00Z,2022-10-31T00:45:00Z,0,True,CPCB,Delhi Pollution Control Committee,False
19956,6931,NO2,no2,µg/m³,2018-08-10T06:15:00Z,2022-10-31T00:45:00Z,0,True,CPCB,Delhi Pollution Control Committee,False
19957,6931,CO,co,µg/m³,2018-08-10T06:15:00Z,2022-10-31T00:45:00Z,0,True,CPCB,Delhi Pollution Control Committee,False
20150,6931,PM2.5,pm25,µg/m³,2018-08-10T06:15:00Z,2022-10-31T00:45:00Z,0,True,CPCB,Delhi Pollution Control Committee,False
19906,6931,PM10,pm10,µg/m³,2018-08-10T06:15:00Z,2022-10-31T00:45:00Z,0,True,CPCB,Delhi Pollution Control Committee,False
12235699,6932,relative_humidity,relativehumidity,%,2025-02-18T20:15:00Z,2026-09-29T14:30:00Z,589,True,CPCB,Delhi Pollution Control Committee,True
12235698,6932,PM2.5,pm25,µg/m³,2025-02-18T20:15:00Z,2026-09-29T14:30:00Z,589,True,CPCB,Delhi Pollution Control Committee,True
12235697,6932,PM10,pm10,µg/m³,2025-02-18T20:15:00Z,2026-09-29T14:30:00Z,589,True,CPCB,Delhi Pollution Control Committee,True
12235693,6932,CO,co,ppb,2025-02-18T20:15:00Z,2026-09-29T14:30:00Z,589,True,CPCB,Delhi Pollution Control Committee,True
12235700,6932,SO2,so2,ppb,2025-02-18T20:15:00Z,2026-09-29T14:30:00Z,589,True,CPCB,Delhi Pollution Control Committee,True
12235695,6932,NO2,no2,ppb,2025-02-18T20:15:00Z,2026-09-29T14:30:00Z,589,True,CPCB,Delhi Pollution Control Committee,True
12235701,6932,temperature,temperature,c,2025-02-18T20:15:00Z,2026-09-29T14:30:00Z,589,True,CPCB,Delhi Pollution Control Committee,True
12235696,6932,O3,o3,µg/m³,2025-02-18T20:30:00Z,2026-09-29T14:30:00Z,589,True,CPCB,Delhi Pollution Control Committee,True
14340882,6932,NOx,nox,ppb,2025-10-10T18:15:00Z,2026-09-29T14:30:00Z,355,True,CPCB,Delhi Pollution Control Committee,True
14340884,6932,wind_speed,wind_speed,m/s,2025-10-10T18:15:00Z,2026-08-06T09:15:00Z,301,True,CPCB,Delhi Pollution Control Committee,True
14340883,6932,wind_direction,wind_direction,deg,2025-10-10T18:15:00Z,2026-09-29T14:30:00Z,355,True,CPCB,Delhi Pollution Control Committee,True
19935,6932,PM2.5,pm25,µg/m³,2018-12-15T15:00:00Z,2022-10-31T00:30:00Z,0,True,CPCB,Delhi Pollution Control Committee,False
19948,6932,NO2,no2,µg/m³,2018-12-15T15:00:00Z,2022-10-31T00:30:00Z,0,True,CPCB,Delhi Pollution Control Committee,False
19939,6932,CO,co,µg/m³,2018-12-15T15:00:00Z,2022-10-31T00:30:00Z,0,True,CPCB,Delhi Pollution Control Committee,False
19912,6932,SO2,so2,µg/m³,2018-12-15T15:00:00Z,2022-10-25T04:45:00Z,0,True,CPCB,Delhi Pollution Control Committee,False
19950,6932,O3,o3,µg/m³,2018-12-15T15:00:00Z,2022-10-31T00:30:00Z,0,True,CPCB,Delhi Pollution Control Committee,False
19936,6932,PM10,pm10,µg/m³,2018-12-15T15:00:00Z,2022-10-31T00:30:00Z,0,True,CPCB,Delhi Pollution Control Committee,False
12235006,6934,CO,co,ppb,2025-02-18T20:15:00Z,2026-09-29T14:30:00Z,589,True,CPCB,Delhi Pollution Control Committee,True
12235010,6934,PM10,pm10,µg/m³,2025-02-18T20:15:00Z,2026-09-29T14:30:00Z,589,True,CPCB,Delhi Pollution Control Committee,True
12235011,6934,PM2.5,pm25,µg/m³,2025-02-18T20:15:00Z,2026-09-29T14:30:00Z,589,True,CPCB,Delhi Pollution Control Committee,True
12235014,6934,temperature,temperature,c,2025-02-18T20:15:00Z,2026-09-29T14:30:00Z,589,True,CPCB,Delhi Pollution Control Committee,True
12235009,6934,O3,o3,µg/m³,2025-02-18T20:30:00Z,2026-09-29T14:30:00Z,589,True,CPCB,Delhi Pollution Control Committee,True
12235012,6934,relative_humidity,relativehumidity,%,2025-02-18T20:15:00Z,2026-09-29T14:30:00Z,589,True,CPCB,Delhi Pollution Control Committee,True
12235008,6934,NO2,no2,ppb,2025-02-18T20:15:00Z,2026-09-29T14:30:00Z,589,True,CPCB,Delhi Pollution Control Committee,True
12235013,6934,SO2,so2,ppb,2025-02-18T20:15:00Z,2026-09-29T14:30:00Z,589,True,CPCB,Delhi Pollution Control Committee,True
14340742,6934,wind_speed,wind_speed,m/s,2025-10-10T18:15:00Z,2026-09-29T14:30:00Z,355,True,CPCB,Delhi Pollution Control Committee,True
14340741,6934,wind_direction,wind_direction,deg,2025-10-10T18:15:00Z,2026-09-29T14:30:00Z,355,True,CPCB,Delhi Pollution Control Committee,True
14340740,6934,NOx,nox,ppb,2025-10-10T18:15:00Z,2026-09-29T14:30:00Z,355,True,CPCB,Delhi Pollution Control Committee,True
19925,6934,CO,co,µg/m³,2018-08-10T06:30:00Z,2022-10-31T00:30:00Z,0,True,CPCB,Delhi Pollution Control Committee,False
19919,6934,PM2.5,pm25,µg/m³,2018-08-10T06:30:00Z,2022-10-31T00:30:00Z,0,True,CPCB,Delhi Pollution Control Committee,False
19943,6934,SO2,so2,µg/m³,2018-08-10T06:30:00Z,2022-10-31T00:30:00Z,0,True,CPCB,Delhi Pollution Control Committee,False
19941,6934,PM10,pm10,µg/m³,2018-08-10T06:30:00Z,2022-10-31T00:30:00Z,0,True,CPCB,Delhi Pollution Control Committee,False
19930,6934,NO2,no2,µg/m³,2018-08-10T06:30:00Z,2022-10-31T00:30:00Z,0,True,CPCB,Delhi Pollution Control Committee,False
19917,6934,O3,o3,µg/m³,2018-08-10T06:30:00Z,2022-10-31T00:30:00Z,0,True,CPCB,Delhi Pollution Control Committee,False
14414779,6935,NOx,nox,ppb,2025-10-19T06:00:00Z,2026-09-29T14:30:00Z,346,True,CPCB,Haryana State Pollution Control Board,True
14414784,6935,SO2,so2,ppb,2025-10-19T06:00:00Z,2026-09-29T14:30:00Z,346,True,CPCB,Haryana State Pollution Control Board,True
14414786,6935,wind_direction,wind_direction,deg,2025-10-19T06:00:00Z,2026-09-29T14:30:00Z,346,True,CPCB,Haryana State Pollution Control Board,True
14414787,6935,wind_speed,wind_speed,m/s,2025-10-19T06:00:00Z,2026-06-12T10:30:00Z,237,True,CPCB,Haryana State Pollution Control Board,True
14414783,6935,relative_humidity,relativehumidity,%,2025-10-19T06:00:00Z,2026-06-12T10:30:00Z,237,True,CPCB,Haryana State Pollution Control Board,True
14414776,6935,CO,co,ppb,2025-10-19T06:00:00Z,2026-09-29T14:30:00Z,346,True,CPCB,Haryana State Pollution Control Board,True
14414781,6935,PM10,pm10,µg/m³,2025-10-19T06:00:00Z,2026-09-29T14:30:00Z,346,True,CPCB,Haryana State Pollution Control Board,True
14414780,6935,O3,o3,µg/m³,2025-10-19T06:00:00Z,2026-09-29T14:30:00Z,346,True,CPCB,Haryana State Pollution Control Board,True
14414785,6935,temperature,temperature,c,2025-10-19T06:00:00Z,2026-09-29T14:30:00Z,346,True,CPCB,Haryana State Pollution Control Board,True
14414778,6935,NO2,no2,ppb,2025-10-19T06:00:00Z,2026-09-29T14:30:00Z,346,True,CPCB,Haryana State Pollution Control Board,True
14414782,6935,PM2.5,pm25,µg/m³,2025-10-19T06:00:00Z,2026-09-29T14:30:00Z,346,True,CPCB,Haryana State Pollution Control Board,True
19947,6935,PM10,pm10,µg/m³,2019-02-13T00:15:00Z,2022-10-31T01:45:00Z,0,True,CPCB,Haryana State Pollution Control Board,False
19921,6935,NO2,no2,µg/m³,2019-02-13T00:15:00Z,2022-10-31T01:45:00Z,0,True,CPCB,Haryana State Pollution Control Board,False
19937,6935,O3,o3,µg/m³,2019-02-13T00:15:00Z,2022-10-31T01:45:00Z,0,True,CPCB,Haryana State Pollution Control Board,False
19944,6935,SO2,so2,µg/m³,2019-02-13T00:15:00Z,2022-10-31T01:45:00Z,0,True,CPCB,Haryana State Pollution Control Board,False
19946,6935,PM2.5,pm25,µg/m³,2019-02-13T00:15:00Z,2022-10-31T01:45:00Z,0,True,CPCB,Haryana State Pollution Control Board,False
19918,6935,CO,co,µg/m³,2019-02-13T00:15:00Z,2022-10-31T01:45:00Z,0,True,CPCB,Haryana State Pollution Control Board,False
14233902,6936,O3,o3,µg/m³,2025-09-28T09:45:00Z,2026-09-29T14:30:00Z,367,True,CPCB,Haryana State Pollution Control Board,True
14233904,6936,PM2.5,pm25,µg/m³,2025-09-28T09:45:00Z,2026-09-29T14:30:00Z,367,True,CPCB,Haryana State Pollution Control Board,True
14341895,6936,wind_speed,wind_speed,m/s,2025-10-10T20:15:00Z,2026-09-29T14:30:00Z,355,True,CPCB,Haryana State Pollution Control Board,True
14341893,6936,NOx,nox,ppb,2025-10-10T20:15:00Z,2026-09-29T14:30:00Z,355,True,CPCB,Haryana State Pollution Control Board,True
14233907,6936,temperature,temperature,c,2025-09-28T09:45:00Z,2026-06-23T11:15:00Z,269,True,CPCB,Haryana State Pollution Control Board,True
14233906,6936,SO2,so2,ppb,2025-09-28T09:45:00Z,2026-09-29T14:30:00Z,367,True,CPCB,Haryana State Pollution Control Board,True
14233899,6936,CO,co,ppb,2025-09-28T09:45:00Z,2026-09-29T14:30:00Z,367,True,CPCB,Haryana State Pollution Control Board,True
14341894,6936,wind_direction,wind_direction,deg,2025-10-10T20:15:00Z,2026-09-29T14:30:00Z,355,True,CPCB,Haryana State Pollution Control Board,True
14233901,6936,NO2,no2,ppb,2025-09-28T09:45:00Z,2026-09-29T14:30:00Z,367,True,CPCB,Haryana State Pollution Control Board,True
14233905,6936,relative_humidity,relativehumidity,%,2025-09-28T09:45:00Z,2026-09-29T14:30:00Z,367,True,CPCB,Haryana State Pollution Control Board,True
14233903,6936,PM10,pm10,µg/m³,2025-09-28T09:45:00Z,2026-09-29T14:30:00Z,367,True,CPCB,Haryana State Pollution Control Board,True
19940,6936,CO,co,µg/m³,2019-02-13T00:15:00Z,2022-10-31T01:30:00Z,0,True,CPCB,Haryana State Pollution Control Board,False
19931,6936,O3,o3,µg/m³,2019-02-13T00:15:00Z,2022-10-31T01:30:00Z,0,True,CPCB,Haryana State Pollution Control Board,False
19922,6936,PM2.5,pm25,µg/m³,2019-02-13T00:15:00Z,2022-10-31T01:30:00Z,0,True,CPCB,Haryana State Pollution Control Board,False
19945,6936,NO2,no2,µg/m³,2019-02-13T00:15:00Z,2022-10-31T01:30:00Z,0,True,CPCB,Haryana State Pollution Control Board,False
19928,6936,PM10,pm10,µg/m³,2019-02-13T00:15:00Z,2022-10-31T01:30:00Z,0,True,CPCB,Haryana State Pollution Control Board,False
19920,6936,SO2,so2,µg/m³,2019-02-13T00:15:00Z,2022-10-31T01:30:00Z,0,True,CPCB,Haryana State Pollution Control Board,False
12235128,6938,CO,co,ppb,2025-02-18T20:15:00Z,2026-09-29T14:30:00Z,589,True,CPCB,Delhi Pollution Control Committee,True
12235135,6938,SO2,so2,ppb,2025-02-18T20:15:00Z,2026-09-29T14:30:00Z,589,True,CPCB,Delhi Pollution Control Committee,True
12235134,6938,relative_humidity,relativehumidity,%,2025-02-18T20:15:00Z,2026-09-29T14:30:00Z,589,True,CPCB,Delhi Pollution Control Committee,True
12235133,6938,PM2.5,pm25,µg/m³,2025-02-18T20:15:00Z,2026-09-29T14:30:00Z,589,True,CPCB,Delhi Pollution Control Committee,True
12235132,6938,PM10,pm10,µg/m³,2025-02-18T20:15:00Z,2026-09-29T14:30:00Z,589,True,CPCB,Delhi Pollution Control Committee,True
12235131,6938,O3,o3,µg/m³,2025-02-18T20:15:00Z,2026-09-29T14:30:00Z,589,True,CPCB,Delhi Pollution Control Committee,True
12235136,6938,temperature,temperature,c,2025-02-18T20:15:00Z,2026-09-29T14:30:00Z,589,True,CPCB,Delhi Pollution Control Committee,True
12235130,6938,NO2,no2,ppb,2025-02-18T20:15:00Z,2026-09-29T14:30:00Z,589,True,CPCB,Delhi Pollution Control Committee,True
14340779,6938,wind_direction,wind_direction,deg,2025-10-10T18:15:00Z,2026-09-29T14:30:00Z,355,True,CPCB,Delhi Pollution Control Committee,True
14340780,6938,wind_speed,wind_speed,m/s,2025-10-10T18:15:00Z,2026-09-29T14:30:00Z,355,True,CPCB,Delhi Pollution Control Committee,True
14340778,6938,NOx,nox,ppb,2025-10-10T18:15:00Z,2026-09-29T14:30:00Z,355,True,CPCB,Delhi Pollution Control Committee,True
19932,6938,O3,o3,µg/m³,2018-12-15T16:00:00Z,2022-10-31T00:45:00Z,0,True,CPCB,Delhi Pollution Control Committee,False
19938,6938,SO2,so2,µg/m³,2018-12-15T15:15:00Z,2022-10-31T00:45:00Z,0,True,CPCB,Delhi Pollution Control Committee,False
19933,6938,PM10,pm10,µg/m³,2018-12-15T15:15:00Z,2022-10-31T00:45:00Z,0,True,CPCB,Delhi Pollution Control Committee,False
19934,6938,PM2.5,pm25,µg/m³,2018-12-15T15:15:00Z,2022-10-31T00:45:00Z,0,True,CPCB,Delhi Pollution Control Committee,False
19926,6938,CO,co,µg/m³,2018-12-15T16:00:00Z,2022-10-31T00:45:00Z,0,True,CPCB,Delhi Pollution Control Committee,False
19929,6938,NO2,no2,µg/m³,2018-12-15T15:15:00Z,2022-10-31T00:45:00Z,0,True,CPCB,Delhi Pollution Control Committee,False
20050,6939,NO2,no2,µg/m³,2018-08-10T06:00:00Z,2022-10-31T01:45:00Z,0,True,CPCB,Punjab Pollution Control Board,False
20048,6939,CO,co,µg/m³,2018-08-10T06:00:00Z,2022-10-31T01:45:00Z,0,True,CPCB,Punjab Pollution Control Board,False
20052,6939,SO2,so2,µg/m³,2018-08-10T06:00:00Z,2022-10-31T01:45:00Z,0,True,CPCB,Punjab Pollution Control Board,False
19952,6939,PM10,pm10,µg/m³,2018-08-10T06:00:00Z,2022-10-31T01:45:00Z,0,True,CPCB,Punjab Pollution Control Board,False
20051,6939,PM2.5,pm25,µg/m³,2018-08-10T06:00:00Z,2022-10-31T01:45:00Z,0,True,CPCB,Punjab Pollution Control Board,False
12235215,6939,SO2,so2,ppb,2025-02-18T20:15:00Z,2026-09-29T14:30:00Z,589,True,CPCB,Punjab Pollution Control Board,True
12235212,6939,PM10,pm10,µg/m³,2025-02-18T20:15:00Z,2026-09-29T14:30:00Z,589,True,CPCB,Punjab Pollution Control Board,True
12235216,6939,temperature,temperature,c,2025-02-18T20:15:00Z,2026-08-06T11:15:00Z,535,True,CPCB,Punjab Pollution Control Board,True
12235209,6939,CO,co,ppb,2025-02-18T20:15:00Z,2026-09-29T14:30:00Z,589,True,CPCB,Punjab Pollution Control Board,True
12235211,6939,NO2,no2,ppb,2025-02-18T20:15:00Z,2026-09-29T14:30:00Z,589,True,CPCB,Punjab Pollution Control Board,True
12235213,6939,PM2.5,pm25,µg/m³,2025-02-18T20:15:00Z,2026-09-29T14:30:00Z,589,True,CPCB,Punjab Pollution Control Board,True
12235214,6939,relative_humidity,relativehumidity,%,2025-02-18T20:15:00Z,2026-09-29T14:30:00Z,589,True,CPCB,Punjab Pollution Control Board,True
14341799,6939,wind_direction,wind_direction,deg,2025-10-10T20:15:00Z,2026-09-29T14:30:00Z,355,True,CPCB,Punjab Pollution Control Board,True
14341798,6939,NOx,nox,ppb,2025-10-10T20:15:00Z,2026-09-29T14:30:00Z,355,True,CPCB,Punjab Pollution Control Board,True
14341800,6939,wind_speed,wind_speed,m/s,2025-10-10T20:15:00Z,2026-09-29T14:30:00Z,355,True,CPCB,Punjab Pollution Control Board,True
12235181,6940,temperature,temperature,c,2025-02-18T20:15:00Z,2026-09-29T14:30:00Z,589,True,CPCB,Punjab Pollution Control Board,True
12235176,6940,O3,o3,µg/m³,2025-02-18T20:15:00Z,2026-09-29T14:30:00Z,589,True,CPCB,Punjab Pollution Control Board,True
12235180,6940,SO2,so2,ppb,2025-02-18T20:15:00Z,2026-09-29T14:30:00Z,589,True,CPCB,Punjab Pollution Control Board,True
12235179,6940,relative_humidity,relativehumidity,%,2025-02-18T20:15:00Z,2026-09-29T14:30:00Z,589,True,CPCB,Punjab Pollution Control Board,True
12235175,6940,NO2,no2,ppb,2025-02-18T20:15:00Z,2026-09-29T14:30:00Z,589,True,CPCB,Punjab Pollution Control Board,True
12235178,6940,PM2.5,pm25,µg/m³,2025-02-18T20:15:00Z,2026-09-29T14:30:00Z,589,True,CPCB,Punjab Pollution Control Board,True
12235173,6940,CO,co,ppb,2025-02-18T20:15:00Z,2026-09-29T14:30:00Z,589,True,CPCB,Punjab Pollution Control Board,True
12235177,6940,PM10,pm10,µg/m³,2025-02-18T20:15:00Z,2026-09-29T14:30:00Z,589,True,CPCB,Punjab Pollution Control Board,True
14341788,6940,wind_speed,wind_speed,m/s,2025-10-10T20:15:00Z,2026-09-29T14:30:00Z,355,True,CPCB,Punjab Pollution Control Board,True
14341786,6940,NOx,nox,ppb,2025-10-10T20:15:00Z,2026-09-29T14:30:00Z,355,True,CPCB,Punjab Pollution Control Board,True
14341787,6940,wind_direction,wind_direction,deg,2025-10-10T20:15:00Z,2026-09-29T14:30:00Z,355,True,CPCB,Punjab Pollution Control Board,True
19958,6940,SO2,so2,µg/m³,2018-04-19T01:00:00Z,2022-10-31T01:00:00Z,0,True,CPCB,Punjab Pollution Control Board,False
19953,6940,O3,o3,µg/m³,2018-04-19T06:00:00Z,2022-10-31T01:00:00Z,0,True,CPCB,Punjab Pollution Control Board,False
20124,6940,CO,co,µg/m³,2018-04-19T01:00:00Z,2022-10-31T01:00:00Z,0,True,CPCB,Punjab Pollution Control Board,False
19963,6940,PM10,pm10,µg/m³,2018-04-19T01:00:00Z,2022-10-31T01:00:00Z,0,True,CPCB,Punjab Pollution Control Board,False
19965,6940,PM2.5,pm25,µg/m³,2018-04-19T01:00:00Z,2022-10-31T01:00:00Z,0,True,CPCB,Punjab Pollution Control Board,False
20132,6940,NO2,no2,µg/m³,2018-04-19T06:00:00Z,2022-10-31T01:00:00Z,0,True,CPCB,Punjab Pollution Control Board,False
12251161,6944,NO2,no2,ppb,2025-02-20T04:15:00Z,2026-09-29T14:30:00Z,587,True,CPCB,Haryana State Pollution Control Board,True
12251167,6944,temperature,temperature,c,2025-02-20T04:15:00Z,2026-06-23T10:45:00Z,489,True,CPCB,Haryana State Pollution Control Board,True
14341900,6944,wind_direction,wind_direction,deg,2025-10-14T05:15:00Z,2026-09-29T07:00:00Z,351,True,CPCB,Haryana State Pollution Control Board,True
14341899,6944,NOx,nox,ppb,2025-10-14T05:15:00Z,2026-09-29T14:30:00Z,351,True,CPCB,Haryana State Pollution Control Board,True
14341901,6944,wind_speed,wind_speed,m/s,2025-10-14T05:15:00Z,2026-09-29T07:00:00Z,351,True,CPCB,Haryana State Pollution Control Board,True
12251163,6944,PM10,pm10,µg/m³,2025-02-20T04:15:00Z,2026-09-29T14:30:00Z,587,True,CPCB,Haryana State Pollution Control Board,True
12251162,6944,O3,o3,µg/m³,2025-02-20T04:15:00Z,2026-09-29T14:30:00Z,587,True,CPCB,Haryana State Pollution Control Board,True
12251159,6944,CO,co,ppb,2025-02-20T04:15:00Z,2026-09-29T14:30:00Z,587,True,CPCB,Haryana State Pollution Control Board,True
12251166,6944,SO2,so2,ppb,2025-02-20T04:15:00Z,2026-09-29T14:30:00Z,587,True,CPCB,Haryana State Pollution Control Board,True
12251164,6944,PM2.5,pm25,µg/m³,2025-02-20T04:15:00Z,2026-09-29T14:30:00Z,587,True,CPCB,Haryana State Pollution Control Board,True
12251165,6944,relative_humidity,relativehumidity,%,2025-02-20T04:15:00Z,2026-09-25T08:15:00Z,583,True,CPCB,Haryana State Pollution Control Board,True
19966,6944,CO,co,µg/m³,2019-02-13T00:15:00Z,2022-10-31T01:45:00Z,0,True,CPCB,Haryana State Pollution Control Board,False
19972,6944,PM2.5,pm25,µg/m³,2019-02-13T00:15:00Z,2022-10-31T01:45:00Z,0,True,CPCB,Haryana State Pollution Control Board,False
19969,6944,O3,o3,µg/m³,2019-02-13T00:15:00Z,2022-10-31T01:45:00Z,0,True,CPCB,Haryana State Pollution Control Board,False
19974,6944,SO2,so2,µg/m³,2019-02-13T00:15:00Z,2022-10-31T01:45:00Z,0,True,CPCB,Haryana State Pollution Control Board,False
19967,6944,NO2,no2,µg/m³,2019-02-13T00:15:00Z,2022-10-31T01:45:00Z,0,True,CPCB,Haryana State Pollution Control Board,False
19970,6944,PM10,pm10,µg/m³,2019-02-13T00:15:00Z,2022-10-31T01:45:00Z,0,True,CPCB,Haryana State Pollution Control Board,False
14216058,6947,temperature,temperature,c,2025-09-26T07:30:00Z,2026-06-23T03:45:00Z,271,True,CPCB,Haryana State Pollution Control Board,True
14216057,6947,SO2,so2,ppb,2025-09-26T07:30:00Z,2026-09-29T14:30:00Z,369,True,CPCB,Haryana State Pollution Control Board,True
14216050,6947,CO,co,ppb,2025-09-26T07:30:00Z,2026-09-29T11:45:00Z,369,True,CPCB,Haryana State Pollution Control Board,True
14341915,6947,wind_direction,wind_direction,deg,2025-10-10T20:15:00Z,2026-06-26T07:15:00Z,260,True,CPCB,Haryana State Pollution Control Board,True
14216055,6947,PM2.5,pm25,µg/m³,2025-09-26T07:30:00Z,2026-09-29T14:30:00Z,369,True,CPCB,Haryana State Pollution Control Board,True
14216052,6947,NO2,no2,ppb,2025-09-26T07:30:00Z,2026-09-29T14:30:00Z,369,True,CPCB,Haryana State Pollution Control Board,True
14341914,6947,NOx,nox,ppb,2025-10-10T20:15:00Z,2026-09-29T14:30:00Z,355,True,CPCB,Haryana State Pollution Control Board,True
14216054,6947,PM10,pm10,µg/m³,2025-09-26T07:30:00Z,2026-09-29T14:30:00Z,369,True,CPCB,Haryana State Pollution Control Board,True
14216056,6947,relative_humidity,relativehumidity,%,2025-09-26T07:30:00Z,2026-09-25T12:00:00Z,365,True,CPCB,Haryana State Pollution Control Board,True
14341916,6947,wind_speed,wind_speed,m/s,2025-10-10T20:15:00Z,2026-06-26T07:15:00Z,260,True,CPCB,Haryana State Pollution Control Board,True
14216053,6947,O3,o3,µg/m³,2025-09-26T07:30:00Z,2026-09-29T14:30:00Z,369,True,CPCB,Haryana State Pollution Control Board,True
20072,6947,O3,o3,µg/m³,2019-02-13T00:15:00Z,2022-10-31T01:45:00Z,0,True,CPCB,Haryana State Pollution Control Board,False
19999,6947,SO2,so2,µg/m³,2019-02-13T00:15:00Z,2022-10-31T01:45:00Z,0,True,CPCB,Haryana State Pollution Control Board,False
19983,6947,PM2.5,pm25,µg/m³,2019-02-13T00:15:00Z,2022-10-31T01:45:00Z,0,True,CPCB,Haryana State Pollution Control Board,False
19984,6947,NO2,no2,µg/m³,2019-02-13T00:15:00Z,2022-10-31T01:45:00Z,0,True,CPCB,Haryana State Pollution Control Board,False
19990,6947,CO,co,µg/m³,2019-02-13T00:15:00Z,2022-10-31T01:45:00Z,0,True,CPCB,Haryana State Pollution Control Board,False
19973,6947,PM10,pm10,µg/m³,2019-02-13T00:15:00Z,2022-10-31T01:45:00Z,0,True,CPCB,Haryana State Pollution Control Board,False
14291089,6949,O3,o3,µg/m³,2025-10-05T02:00:00Z,2026-09-29T14:30:00Z,360,True,CPCB,Haryana State Pollution Control Board,True
14291091,6949,PM2.5,pm25,µg/m³,2025-10-05T02:00:00Z,2026-09-29T14:30:00Z,360,True,CPCB,Haryana State Pollution Control Board,True
14291093,6949,SO2,so2,ppb,2025-10-05T02:00:00Z,2026-09-29T14:30:00Z,360,True,CPCB,Haryana State Pollution Control Board,True
14291094,6949,temperature,temperature,c,2025-10-05T02:00:00Z,2026-06-23T04:00:00Z,262,True,CPCB,Haryana State Pollution Control Board,True
14340889,6949,wind_direction,wind_direction,deg,2025-10-10T18:15:00Z,2026-06-26T07:15:00Z,260,True,CPCB,Haryana State Pollution Control Board,True
14340888,6949,NOx,nox,ppb,2025-10-10T18:15:00Z,2026-09-29T14:30:00Z,355,True,CPCB,Haryana State Pollution Control Board,True
14340890,6949,wind_speed,wind_speed,m/s,2025-10-10T18:15:00Z,2026-06-26T07:15:00Z,260,True,CPCB,Haryana State Pollution Control Board,True
14291092,6949,relative_humidity,relativehumidity,%,2025-10-05T02:00:00Z,2026-09-29T14:30:00Z,360,True,CPCB,Haryana State Pollution Control Board,True
14291086,6949,CO,co,ppb,2025-10-05T02:00:00Z,2026-09-29T14:30:00Z,360,True,CPCB,Haryana State Pollution Control Board,True
14291088,6949,NO2,no2,ppb,2025-10-05T02:00:00Z,2026-09-29T14:30:00Z,360,True,CPCB,Haryana State Pollution Control Board,True
14291090,6949,PM10,pm10,µg/m³,2025-10-05T02:00:00Z,2026-09-29T14:30:00Z,360,True,CPCB,Haryana State Pollution Control Board,True
20060,6949,PM10,pm10,µg/m³,2019-02-13T00:15:00Z,2022-10-31T01:45:00Z,0,True,CPCB,Haryana State Pollution Control Board,False
19985,6949,PM2.5,pm25,µg/m³,2019-02-13T00:15:00Z,2022-10-31T01:45:00Z,0,True,CPCB,Haryana State Pollution Control Board,False
20044,6949,O3,o3,µg/m³,2019-02-13T00:15:00Z,2022-10-31T01:45:00Z,0,True,CPCB,Haryana State Pollution Control Board,False
20045,6949,NO2,no2,µg/m³,2019-02-13T00:15:00Z,2022-10-31T01:45:00Z,0,True,CPCB,Haryana State Pollution Control Board,False
20078,6949,SO2,so2,µg/m³,2019-02-13T00:15:00Z,2022-10-31T01:45:00Z,0,True,CPCB,Haryana State Pollution Control Board,False
20100,6949,CO,co,µg/m³,2019-02-13T00:15:00Z,2022-10-31T01:45:00Z,0,True,CPCB,Haryana State Pollution Control Board,False
14258140,6951,NO2,no2,ppb,2025-10-01T05:00:00Z,2026-09-29T14:30:00Z,364,True,CPCB,Haryana State Pollution Control Board,True
14258144,6951,relative_humidity,relativehumidity,%,2025-10-01T05:00:00Z,2026-09-26T04:45:00Z,361,True,CPCB,Haryana State Pollution Control Board,True
14258145,6951,SO2,so2,ppb,2025-10-01T05:00:00Z,2026-09-29T14:30:00Z,364,True,CPCB,Haryana State Pollution Control Board,True
14258138,6951,CO,co,ppb,2025-10-01T05:00:00Z,2026-09-29T14:30:00Z,364,True,CPCB,Haryana State Pollution Control Board,True
14258146,6951,temperature,temperature,c,2025-10-01T05:00:00Z,2026-06-23T11:00:00Z,266,True,CPCB,Haryana State Pollution Control Board,True
14341887,6951,NOx,nox,ppb,2025-10-10T20:15:00Z,2026-09-29T14:30:00Z,355,True,CPCB,Haryana State Pollution Control Board,True
14258141,6951,O3,o3,µg/m³,2025-10-01T05:00:00Z,2026-09-29T14:30:00Z,364,True,CPCB,Haryana State Pollution Control Board,True
14258142,6951,PM10,pm10,µg/m³,2025-10-01T05:00:00Z,2026-09-29T14:30:00Z,364,True,CPCB,Haryana State Pollution Control Board,True
14341888,6951,wind_direction,wind_direction,deg,2025-10-10T20:15:00Z,2026-09-26T05:00:00Z,352,True,CPCB,Haryana State Pollution Control Board,True
14341889,6951,wind_speed,wind_speed,m/s,2025-10-10T20:15:00Z,2026-09-26T05:00:00Z,352,True,CPCB,Haryana State Pollution Control Board,True
14258143,6951,PM2.5,pm25,µg/m³,2025-10-01T05:00:00Z,2026-09-29T14:30:00Z,364,True,CPCB,Haryana State Pollution Control Board,True
20035,6951,NO2,no2,µg/m³,2019-02-13T00:15:00Z,2020-01-02T06:45:00Z,0,True,CPCB,Haryana State Pollution Control Board,False
20066,6951,SO2,so2,µg/m³,2019-02-13T00:15:00Z,2020-01-02T06:45:00Z,0,True,CPCB,Haryana State Pollution Control Board,False
20056,6951,PM10,pm10,µg/m³,2019-02-13T00:15:00Z,2020-01-02T06:45:00Z,0,True,CPCB,Haryana State Pollution Control Board,False
20082,6951,O3,o3,µg/m³,2019-02-13T00:15:00Z,2020-01-02T06:45:00Z,0,True,CPCB,Haryana State Pollution Control Board,False
19989,6951,CO,co,µg/m³,2019-02-13T00:15:00Z,2020-01-02T06:45:00Z,0,True,CPCB,Haryana State Pollution Control Board,False
20013,6951,PM2.5,pm25,µg/m³,2019-02-13T00:15:00Z,2020-01-02T06:45:00Z,0,True,CPCB,Haryana State Pollution Control Board,False
13604854,6952,O3,o3,µg/m³,2025-07-15T04:15:00Z,2026-09-29T14:30:00Z,442,True,CPCB,Haryana State Pollution Control Board,True
13604855,6952,PM10,pm10,µg/m³,2025-07-15T04:15:00Z,2026-09-29T14:30:00Z,442,True,CPCB,Haryana State Pollution Control Board,True
13604856,6952,PM2.5,pm25,µg/m³,2025-07-15T04:15:00Z,2026-09-29T14:30:00Z,442,True,CPCB,Haryana State Pollution Control Board,True
13604857,6952,relative_humidity,relativehumidity,%,2025-07-15T04:15:00Z,2026-08-06T11:15:00Z,388,True,CPCB,Haryana State Pollution Control Board,True
14341909,6952,wind_direction,wind_direction,deg,2025-10-10T20:15:00Z,2026-09-29T14:30:00Z,355,True,CPCB,Haryana State Pollution Control Board,True
14341910,6952,wind_speed,wind_speed,m/s,2025-10-10T20:15:00Z,2026-09-29T14:30:00Z,355,True,CPCB,Haryana State Pollution Control Board,True
13604858,6952,SO2,so2,ppb,2025-07-15T04:15:00Z,2026-09-29T14:30:00Z,442,True,CPCB,Haryana State Pollution Control Board,True
13604859,6952,temperature,temperature,c,2025-07-15T04:15:00Z,2026-09-29T14:30:00Z,442,True,CPCB,Haryana State Pollution Control Board,True
13604851,6952,CO,co,ppb,2025-07-15T04:15:00Z,2026-09-29T14:30:00Z,442,True,CPCB,Haryana State Pollution Control Board,True
13604853,6952,NO2,no2,ppb,2025-07-15T04:15:00Z,2026-09-29T14:30:00Z,442,True,CPCB,Haryana State Pollution Control Board,True
14341908,6952,NOx,nox,ppb,2025-10-10T20:15:00Z,2026-09-29T14:30:00Z,355,True,CPCB,Haryana State Pollution Control Board,True
20001,6952,CO,co,µg/m³,2019-02-13T01:00:00Z,2022-10-31T02:00:00Z,0,True,CPCB,Haryana State Pollution Control Board,False
20000,6952,NO2,no2,µg/m³,2019-02-13T01:00:00Z,2022-10-31T02:00:00Z,0,True,CPCB,Haryana State Pollution Control Board,False
19996,6952,PM10,pm10,µg/m³,2019-02-13T01:00:00Z,2022-10-31T02:00:00Z,0,True,CPCB,Haryana State Pollution Control Board,False
19992,6952,SO2,so2,µg/m³,2019-02-13T01:00:00Z,2022-10-31T02:00:00Z,0,True,CPCB,Haryana State Pollution Control Board,False
19998,6952,O3,o3,µg/m³,2019-02-13T01:00:00Z,2022-10-31T02:00:00Z,0,True,CPCB,Haryana State Pollution Control Board,False
19995,6952,PM2.5,pm25,µg/m³,2019-02-13T01:00:00Z,2022-10-31T02:00:00Z,0,True,CPCB,Haryana State Pollution Control Board,False
14250040,6953,CO,co,ppb,2025-09-30T08:00:00Z,2026-09-29T14:15:00Z,365,True,CPCB,Haryana State Pollution Control Board,True
14250042,6953,NO2,no2,ppb,2025-09-30T08:00:00Z,2026-09-29T14:30:00Z,365,True,CPCB,Haryana State Pollution Control Board,True
14250043,6953,O3,o3,µg/m³,2025-09-30T08:00:00Z,2026-09-29T14:30:00Z,365,True,CPCB,Haryana State Pollution Control Board,True
14250044,6953,PM10,pm10,µg/m³,2025-09-30T08:00:00Z,2026-09-29T14:30:00Z,365,True,CPCB,Haryana State Pollution Control Board,True
14250045,6953,PM2.5,pm25,µg/m³,2025-09-30T08:00:00Z,2026-09-29T14:30:00Z,365,True,CPCB,Haryana State Pollution Control Board,True
14250046,6953,relative_humidity,relativehumidity,%,2025-09-30T08:00:00Z,2026-08-13T14:45:00Z,318,True,CPCB,Haryana State Pollution Control Board,True
14250047,6953,SO2,so2,ppb,2025-09-30T08:00:00Z,2026-09-29T14:30:00Z,365,True,CPCB,Haryana State Pollution Control Board,True
14250048,6953,temperature,temperature,c,2025-09-30T08:00:00Z,2026-06-23T11:00:00Z,267,True,CPCB,Haryana State Pollution Control Board,True
14341885,6953,wind_direction,wind_direction,deg,2025-10-10T20:30:00Z,2026-08-13T14:45:00Z,308,True,CPCB,Haryana State Pollution Control Board,True
14341886,6953,wind_speed,wind_speed,m/s,2025-10-10T20:30:00Z,2026-08-13T14:45:00Z,308,True,CPCB,Haryana State Pollution Control Board,True
14341884,6953,NOx,nox,ppb,2025-10-10T20:30:00Z,2026-09-29T14:30:00Z,355,True,CPCB,Haryana State Pollution Control Board,True
20014,6953,CO,co,µg/m³,2019-01-02T22:00:00Z,2022-10-31T01:45:00Z,0,True,CPCB,Haryana State Pollution Control Board,False
20003,6953,SO2,so2,µg/m³,2019-01-02T22:00:00Z,2022-10-31T01:45:00Z,0,True,CPCB,Haryana State Pollution Control Board,False
20011,6953,O3,o3,µg/m³,2019-01-02T22:00:00Z,2022-10-31T01:45:00Z,0,True,CPCB,Haryana State Pollution Control Board,False
20006,6953,PM2.5,pm25,µg/m³,2019-01-02T22:15:00Z,2022-10-31T01:45:00Z,0,True,CPCB,Haryana State Pollution Control Board,False
20012,6953,NO2,no2,µg/m³,2019-01-02T22:00:00Z,2022-10-31T01:45:00Z,0,True,CPCB,Haryana State Pollution Control Board,False
20009,6953,PM10,pm10,µg/m³,2019-01-02T22:00:00Z,2022-10-31T01:45:00Z,0,True,CPCB,Haryana State Pollution Control Board,False
12235037,6957,PM10,pm10,µg/m³,2025-02-18T20:15:00Z,2026-09-29T14:30:00Z,589,True,CPCB,Delhi Pollution Control Committee,True
12235035,6957,NO2,no2,ppb,2025-02-18T20:15:00Z,2026-09-29T14:30:00Z,589,True,CPCB,Delhi Pollution Control Committee,True
12235041,6957,temperature,temperature,c,2025-02-18T20:15:00Z,2026-09-29T14:30:00Z,589,True,CPCB,Delhi Pollution Control Committee,True
12235038,6957,PM2.5,pm25,µg/m³,2025-02-18T20:15:00Z,2026-09-29T14:30:00Z,589,True,CPCB,Delhi Pollution Control Committee,True
12235039,6957,relative_humidity,relativehumidity,%,2025-02-18T20:15:00Z,2026-09-29T14:30:00Z,589,True,CPCB,Delhi Pollution Control Committee,True
12235040,6957,SO2,so2,ppb,2025-02-18T20:15:00Z,2026-09-29T14:30:00Z,589,True,CPCB,Delhi Pollution Control Committee,True
12235036,6957,O3,o3,µg/m³,2025-02-18T20:30:00Z,2026-09-29T14:30:00Z,589,True,CPCB,Delhi Pollution Control Committee,True
12235033,6957,CO,co,ppb,2025-02-18T20:15:00Z,2026-09-29T14:30:00Z,589,True,CPCB,Delhi Pollution Control Committee,True
14340750,6957,wind_direction,wind_direction,deg,2025-10-10T18:15:00Z,2026-09-29T14:30:00Z,355,True,CPCB,Delhi Pollution Control Committee,True
14340749,6957,NOx,nox,ppb,2025-10-10T18:15:00Z,2026-09-29T14:30:00Z,355,True,CPCB,Delhi Pollution Control Committee,True
14340751,6957,wind_speed,wind_speed,m/s,2025-10-10T18:15:00Z,2026-09-29T14:30:00Z,355,True,CPCB,Delhi Pollution Control Committee,True
20018,6957,O3,o3,µg/m³,2018-08-10T06:00:00Z,2022-10-31T00:45:00Z,0,True,CPCB,Delhi Pollution Control Committee,False
20019,6957,PM10,pm10,µg/m³,2018-08-10T06:00:00Z,2022-10-31T00:45:00Z,0,True,CPCB,Delhi Pollution Control Committee,False
20021,6957,SO2,so2,µg/m³,2018-08-10T08:45:00Z,2022-10-31T00:45:00Z,0,True,CPCB,Delhi Pollution Control Committee,False
20020,6957,PM2.5,pm25,µg/m³,2018-08-10T06:00:00Z,2022-10-31T00:45:00Z,0,True,CPCB,Delhi Pollution Control Committee,False
20015,6957,CO,co,µg/m³,2018-08-10T06:00:00Z,2022-10-31T00:45:00Z,0,True,CPCB,Delhi Pollution Control Committee,False
20017,6957,NO2,no2,µg/m³,2018-08-10T06:00:00Z,2022-10-31T00:45:00Z,0,True,CPCB,Delhi Pollution Control Committee,False
14248662,6958,CO,co,ppb,2025-09-30T03:15:00Z,2026-09-29T14:30:00Z,365,True,CPCB,Haryana State Pollution Control Board,True
14248664,6958,NO2,no2,ppb,2025-09-30T03:15:00Z,2026-09-29T14:30:00Z,365,True,CPCB,Haryana State Pollution Control Board,True
14248666,6958,PM10,pm10,µg/m³,2025-09-30T03:15:00Z,2026-09-29T14:30:00Z,365,True,CPCB,Haryana State Pollution Control Board,True
14248668,6958,relative_humidity,relativehumidity,%,2025-09-30T03:15:00Z,2026-09-29T14:30:00Z,365,True,CPCB,Haryana State Pollution Control Board,True
14341903,6958,wind_direction,wind_direction,deg,2025-10-10T20:15:00Z,2026-09-29T14:30:00Z,355,True,CPCB,Haryana State Pollution Control Board,True
14248669,6958,SO2,so2,ppb,2025-09-30T03:15:00Z,2026-09-29T14:30:00Z,365,True,CPCB,Haryana State Pollution Control Board,True
14341904,6958,wind_speed,wind_speed,m/s,2025-10-10T20:15:00Z,2026-09-29T14:30:00Z,355,True,CPCB,Haryana State Pollution Control Board,True
14248665,6958,O3,o3,µg/m³,2025-09-30T03:15:00Z,2026-09-29T14:30:00Z,365,True,CPCB,Haryana State Pollution Control Board,True
14248670,6958,temperature,temperature,c,2025-09-30T03:15:00Z,2025-12-07T08:00:00Z,69,True,CPCB,Haryana State Pollution Control Board,True
14248667,6958,PM2.5,pm25,µg/m³,2025-09-30T03:15:00Z,2026-09-29T14:30:00Z,365,True,CPCB,Haryana State Pollution Control Board,True
14341902,6958,NOx,nox,ppb,2025-10-10T20:15:00Z,2026-09-29T14:30:00Z,355,True,CPCB,Haryana State Pollution Control Board,True
20028,6958,CO,co,µg/m³,2019-02-13T00:15:00Z,2022-10-31T01:45:00Z,0,True,CPCB,Haryana State Pollution Control Board,False
20026,6958,O3,o3,µg/m³,2019-02-13T00:15:00Z,2022-10-31T01:45:00Z,0,True,CPCB,Haryana State Pollution Control Board,False
20027,6958,NO2,no2,µg/m³,2019-02-13T00:15:00Z,2022-10-31T01:45:00Z,0,True,CPCB,Haryana State Pollution Control Board,False
20024,6958,PM2.5,pm25,µg/m³,2019-02-13T00:15:00Z,2022-10-31T01:45:00Z,0,True,CPCB,Haryana State Pollution Control Board,False
20025,6958,PM10,pm10,µg/m³,2019-02-13T00:15:00Z,2022-10-31T01:45:00Z,0,True,CPCB,Haryana State Pollution Control Board,False
20022,6958,SO2,so2,µg/m³,2019-02-13T00:15:00Z,2022-10-31T01:45:00Z,0,True,CPCB,Haryana State Pollution Control Board,False
20039,6960,O3,o3,µg/m³,2018-08-10T06:00:00Z,2022-10-31T00:45:00Z,0,True,CPCB,Delhi Pollution Control Committee,False
20049,6960,PM2.5,pm25,µg/m³,2018-08-10T06:00:00Z,2022-10-31T00:45:00Z,0,True,CPCB,Delhi Pollution Control Committee,False
20055,6960,SO2,so2,µg/m³,2018-08-10T06:00:00Z,2022-10-31T00:45:00Z,0,True,CPCB,Delhi Pollution Control Committee,False
20037,6960,NO2,no2,µg/m³,2018-08-10T06:00:00Z,2022-10-31T00:45:00Z,0,True,CPCB,Delhi Pollution Control Committee,False
20040,6960,PM10,pm10,µg/m³,2018-08-10T06:00:00Z,2022-10-31T00:45:00Z,0,True,CPCB,Delhi Pollution Control Committee,False
12235104,6960,temperature,temperature,c,2025-02-18T20:15:00Z,2026-09-29T14:30:00Z,589,True,CPCB,Delhi Pollution Control Committee,True
12235098,6960,NO2,no2,ppb,2025-02-18T20:15:00Z,2026-09-29T14:30:00Z,589,True,CPCB,Delhi Pollution Control Committee,True
12235096,6960,CO,co,ppb,2025-02-18T20:15:00Z,2026-09-29T14:30:00Z,589,True,CPCB,Delhi Pollution Control Committee,True
12235100,6960,PM10,pm10,µg/m³,2025-02-18T20:15:00Z,2026-09-29T14:30:00Z,589,True,CPCB,Delhi Pollution Control Committee,True
12235099,6960,O3,o3,µg/m³,2025-02-18T20:30:00Z,2026-09-29T14:30:00Z,589,True,CPCB,Delhi Pollution Control Committee,True
12235103,6960,SO2,so2,ppb,2025-02-18T20:15:00Z,2026-09-29T14:30:00Z,589,True,CPCB,Delhi Pollution Control Committee,True
12235102,6960,relative_humidity,relativehumidity,%,2025-02-18T20:15:00Z,2026-09-29T14:30:00Z,589,True,CPCB,Delhi Pollution Control Committee,True
12235101,6960,PM2.5,pm25,µg/m³,2025-02-18T20:15:00Z,2026-09-29T14:30:00Z,589,True,CPCB,Delhi Pollution Control Committee,True
14340769,6960,NOx,nox,ppb,2025-10-10T18:15:00Z,2026-09-29T14:30:00Z,355,True,CPCB,Delhi Pollution Control Committee,True
14340770,6960,wind_direction,wind_direction,deg,2025-10-10T18:15:00Z,2026-09-29T14:30:00Z,355,True,CPCB,Delhi Pollution Control Committee,True
14340771,6960,wind_speed,wind_speed,m/s,2025-10-10T18:15:00Z,2026-09-29T14:30:00Z,355,True,CPCB,Delhi Pollution Control Committee,True
14259003,6963,NO2,no2,ppb,2025-10-01T06:30:00Z,2026-09-29T14:30:00Z,364,True,CPCB,Haryana State Pollution Control Board,True
14341919,6963,wind_speed,wind_speed,m/s,2025-10-10T20:15:00Z,2026-09-29T14:30:00Z,355,True,CPCB,Haryana State Pollution Control Board,True
14259005,6963,PM10,pm10,µg/m³,2025-10-01T06:30:00Z,2026-09-29T14:30:00Z,364,True,CPCB,Haryana State Pollution Control Board,True
14259007,6963,relative_humidity,relativehumidity,%,2025-10-01T06:30:00Z,2026-09-29T14:30:00Z,364,True,CPCB,Haryana State Pollution Control Board,True
14259008,6963,SO2,so2,ppb,2025-10-01T06:30:00Z,2026-09-29T14:30:00Z,364,True,CPCB,Haryana State Pollution Control Board,True
14259004,6963,O3,o3,µg/m³,2025-10-01T06:30:00Z,2026-09-29T14:30:00Z,364,True,CPCB,Haryana State Pollution Control Board,True
14341917,6963,NOx,nox,ppb,2025-10-10T20:15:00Z,2026-09-29T14:30:00Z,355,True,CPCB,Haryana State Pollution Control Board,True
14259001,6963,CO,co,ppb,2025-10-01T06:30:00Z,2026-09-29T14:30:00Z,364,True,CPCB,Haryana State Pollution Control Board,True
14259006,6963,PM2.5,pm25,µg/m³,2025-10-01T06:30:00Z,2026-09-29T14:30:00Z,364,True,CPCB,Haryana State Pollution Control Board,True
14259009,6963,temperature,temperature,c,2025-10-01T06:30:00Z,2026-06-23T11:00:00Z,266,True,CPCB,Haryana State Pollution Control Board,True
14341918,6963,wind_direction,wind_direction,deg,2025-10-10T20:15:00Z,2026-09-29T14:30:00Z,355,True,CPCB,Haryana State Pollution Control Board,True
20077,6963,NO2,no2,µg/m³,2019-02-13T00:15:00Z,2022-10-31T01:45:00Z,0,True,CPCB,Haryana State Pollution Control Board,False
20080,6963,CO,co,µg/m³,2019-02-13T00:15:00Z,2022-10-31T01:45:00Z,0,True,CPCB,Haryana State Pollution Control Board,False
20074,6963,O3,o3,µg/m³,2019-02-13T00:15:00Z,2022-10-31T01:45:00Z,0,True,CPCB,Haryana State Pollution Control Board,False
20064,6963,PM2.5,pm25,µg/m³,2019-02-13T00:15:00Z,2022-10-31T01:45:00Z,0,True,CPCB,Haryana State Pollution Control Board,False
20071,6963,PM10,pm10,µg/m³,2019-02-13T00:15:00Z,2022-10-31T01:45:00Z,0,True,CPCB,Haryana State Pollution Control Board,False
20057,6963,SO2,so2,µg/m³,2019-02-13T00:15:00Z,2022-10-31T01:45:00Z,0,True,CPCB,Haryana State Pollution Control Board,False
14258999,6964,SO2,so2,ppb,2025-10-01T06:30:00Z,2026-09-29T14:30:00Z,364,True,CPCB,Haryana State Pollution Control Board,True
14258998,6964,relative_humidity,relativehumidity,%,2025-10-01T06:30:00Z,2025-10-03T18:00:00Z,3,True,CPCB,Haryana State Pollution Control Board,True
14340893,6964,NOx,nox,ppb,2025-10-10T18:15:00Z,2026-09-29T14:30:00Z,355,True,CPCB,Haryana State Pollution Control Board,True
14258992,6964,CO,co,ppb,2025-10-01T06:30:00Z,2026-09-29T14:30:00Z,364,True,CPCB,Haryana State Pollution Control Board,True
14258996,6964,PM10,pm10,µg/m³,2025-10-01T06:30:00Z,2026-09-29T14:30:00Z,364,True,CPCB,Haryana State Pollution Control Board,True
14259000,6964,temperature,temperature,c,2025-10-01T06:30:00Z,2025-10-20T17:15:00Z,20,True,CPCB,Haryana State Pollution Control Board,True
14340895,6964,wind_speed,wind_speed,m/s,2025-10-10T18:15:00Z,2026-09-29T14:30:00Z,355,True,CPCB,Haryana State Pollution Control Board,True
14340894,6964,wind_direction,wind_direction,deg,2025-10-10T18:15:00Z,2026-09-29T14:30:00Z,355,True,CPCB,Haryana State Pollution Control Board,True
14258995,6964,O3,o3,µg/m³,2025-10-01T06:30:00Z,2026-09-29T14:30:00Z,364,True,CPCB,Haryana State Pollution Control Board,True
14258997,6964,PM2.5,pm25,µg/m³,2025-10-01T06:30:00Z,2026-09-29T14:30:00Z,364,True,CPCB,Haryana State Pollution Control Board,True
14258994,6964,NO2,no2,ppb,2025-10-01T06:30:00Z,2026-09-29T14:30:00Z,364,True,CPCB,Haryana State Pollution Control Board,True
20063,6964,PM2.5,pm25,µg/m³,2019-02-13T00:15:00Z,2022-10-31T01:45:00Z,0,True,CPCB,Haryana State Pollution Control Board,False
20061,6964,O3,o3,µg/m³,2019-02-13T00:15:00Z,2022-10-31T01:45:00Z,0,True,CPCB,Haryana State Pollution Control Board,False
20058,6964,CO,co,µg/m³,2019-02-13T00:15:00Z,2022-10-31T01:45:00Z,0,True,CPCB,Haryana State Pollution Control Board,False
20062,6964,PM10,pm10,µg/m³,2019-02-13T00:15:00Z,2022-10-31T01:45:00Z,0,True,CPCB,Haryana State Pollution Control Board,False
20065,6964,SO2,so2,µg/m³,2019-02-13T00:15:00Z,2022-10-31T01:45:00Z,0,True,CPCB,Haryana State Pollution Control Board,False
20059,6964,NO2,no2,µg/m³,2019-02-13T00:15:00Z,2022-10-31T01:45:00Z,0,True,CPCB,Haryana State Pollution Control Board,False
14347157,6969,relative_humidity,relativehumidity,%,2025-10-11T09:30:00Z,2026-06-23T11:00:00Z,256,True,CPCB,Haryana State Pollution Control Board,True
14347160,6969,wind_direction,wind_direction,deg,2025-10-11T09:30:00Z,2026-09-06T22:30:00Z,331,True,CPCB,Haryana State Pollution Control Board,True
14347156,6969,PM2.5,pm25,µg/m³,2025-10-11T09:30:00Z,2026-09-29T14:30:00Z,354,True,CPCB,Haryana State Pollution Control Board,True
14347154,6969,O3,o3,µg/m³,2025-10-11T09:30:00Z,2026-09-29T14:30:00Z,354,True,CPCB,Haryana State Pollution Control Board,True
14347152,6969,NO2,no2,ppb,2025-10-11T09:30:00Z,2026-09-29T14:30:00Z,354,True,CPCB,Haryana State Pollution Control Board,True
14347159,6969,temperature,temperature,c,2025-10-11T09:30:00Z,2026-06-23T11:00:00Z,256,True,CPCB,Haryana State Pollution Control Board,True
14347161,6969,wind_speed,wind_speed,m/s,2025-10-11T09:30:00Z,2026-09-06T22:30:00Z,331,True,CPCB,Haryana State Pollution Control Board,True
14347158,6969,SO2,so2,ppb,2025-10-11T09:30:00Z,2026-09-29T14:30:00Z,354,True,CPCB,Haryana State Pollution Control Board,True
14347155,6969,PM10,pm10,µg/m³,2025-10-11T09:30:00Z,2026-09-29T14:30:00Z,354,True,CPCB,Haryana State Pollution Control Board,True
14347150,6969,CO,co,ppb,2025-10-11T09:30:00Z,2026-09-29T14:30:00Z,354,True,CPCB,Haryana State Pollution Control Board,True
14347153,6969,NOx,nox,ppb,2025-10-11T09:30:00Z,2026-09-29T14:30:00Z,354,True,CPCB,Haryana State Pollution Control Board,True
20108,6969,SO2,so2,µg/m³,2019-02-13T00:15:00Z,2022-10-16T15:45:00Z,0,True,CPCB,Haryana State Pollution Control Board,False
20106,6969,PM2.5,pm25,µg/m³,2019-02-13T00:15:00Z,2022-10-16T15:45:00Z,0,True,CPCB,Haryana State Pollution Control Board,False
20102,6969,CO,co,µg/m³,2019-02-13T00:15:00Z,2022-10-16T15:45:00Z,0,True,CPCB,Haryana State Pollution Control Board,False
20104,6969,O3,o3,µg/m³,2019-02-13T00:15:00Z,2022-10-16T15:45:00Z,0,True,CPCB,Haryana State Pollution Control Board,False
20103,6969,NO2,no2,µg/m³,2019-02-13T00:15:00Z,2022-10-16T15:45:00Z,0,True,CPCB,Haryana State Pollution Control Board,False
20105,6969,PM10,pm10,µg/m³,2019-02-13T00:15:00Z,2022-10-16T15:45:00Z,0,True,CPCB,Haryana State Pollution Control Board,False
14224815,6970,temperature,temperature,c,2025-09-27T07:15:00Z,2026-06-23T11:00:00Z,270,True,CPCB,Haryana State Pollution Control Board,True
14341912,6970,wind_direction,wind_direction,deg,2025-10-10T20:15:00Z,2026-09-29T14:30:00Z,355,True,CPCB,Haryana State Pollution Control Board,True
14224809,6970,NO2,no2,ppb,2025-09-27T07:15:00Z,2026-09-29T14:30:00Z,368,True,CPCB,Haryana State Pollution Control Board,True
14224813,6970,relative_humidity,relativehumidity,%,2025-09-27T07:15:00Z,2026-09-29T14:30:00Z,368,True,CPCB,Haryana State Pollution Control Board,True
14224814,6970,SO2,so2,ppb,2025-09-27T07:15:00Z,2026-09-29T14:30:00Z,368,True,CPCB,Haryana State Pollution Control Board,True
14224812,6970,PM2.5,pm25,µg/m³,2025-09-27T06:45:00Z,2026-09-29T14:30:00Z,368,True,CPCB,Haryana State Pollution Control Board,True
14341911,6970,NOx,nox,ppb,2025-10-10T20:15:00Z,2026-09-29T14:30:00Z,355,True,CPCB,Haryana State Pollution Control Board,True
14224811,6970,PM10,pm10,µg/m³,2025-09-27T07:15:00Z,2026-09-29T14:30:00Z,368,True,CPCB,Haryana State Pollution Control Board,True
14224810,6970,O3,o3,µg/m³,2025-09-27T07:15:00Z,2026-09-29T14:30:00Z,368,True,CPCB,Haryana State Pollution Control Board,True
14341913,6970,wind_speed,wind_speed,m/s,2025-10-10T20:15:00Z,2026-09-29T14:30:00Z,355,True,CPCB,Haryana State Pollution Control Board,True
14224807,6970,CO,co,ppb,2025-09-27T07:15:00Z,2026-09-29T14:30:00Z,368,True,CPCB,Haryana State Pollution Control Board,True
20135,6970,CO,co,µg/m³,2019-02-13T01:00:00Z,2022-10-31T02:00:00Z,0,True,CPCB,Haryana State Pollution Control Board,False
20110,6970,PM2.5,pm25,µg/m³,2019-02-13T01:00:00Z,2022-10-31T02:00:00Z,0,True,CPCB,Haryana State Pollution Control Board,False
20119,6970,O3,o3,µg/m³,2019-02-13T01:00:00Z,2022-10-31T02:00:00Z,0,True,CPCB,Haryana State Pollution Control Board,False
20131,6970,NO2,no2,µg/m³,2019-02-13T01:00:00Z,2022-10-31T02:00:00Z,0,True,CPCB,Haryana State Pollution Control Board,False
20115,6970,PM10,pm10,µg/m³,2019-02-13T01:00:00Z,2022-10-31T02:00:00Z,0,True,CPCB,Haryana State Pollution Control Board,False
20963,6970,SO2,so2,µg/m³,2019-02-13T01:00:00Z,2022-10-31T02:00:00Z,0,True,CPCB,Haryana State Pollution Control Board,False
12353754,6971,O3,o3,µg/m³,2025-03-02T09:30:00Z,2026-09-29T14:30:00Z,577,True,CPCB,Haryana State Pollution Control Board,True
12353755,6971,PM10,pm10,µg/m³,2025-03-02T09:30:00Z,2026-09-29T12:15:00Z,577,True,CPCB,Haryana State Pollution Control Board,True
12353756,6971,PM2.5,pm25,µg/m³,2025-03-02T09:30:00Z,2026-09-29T12:15:00Z,577,True,CPCB,Haryana State Pollution Control Board,True
12353757,6971,relative_humidity,relativehumidity,%,2025-03-02T09:30:00Z,2026-09-29T14:30:00Z,577,True,CPCB,Haryana State Pollution Control Board,True
12353758,6971,SO2,so2,ppb,2025-03-02T09:30:00Z,2026-09-29T14:30:00Z,577,True,CPCB,Haryana State Pollution Control Board,True
12353759,6971,temperature,temperature,c,2025-03-02T09:30:00Z,2026-06-23T11:00:00Z,479,True,CPCB,Haryana State Pollution Control Board,True
12353753,6971,NO2,no2,ppb,2025-03-02T09:30:00Z,2026-09-29T14:30:00Z,577,True,CPCB,Haryana State Pollution Control Board,True
12353751,6971,CO,co,ppb,2025-03-02T09:30:00Z,2026-09-29T14:30:00Z,577,True,CPCB,Haryana State Pollution Control Board,True
14341931,6971,wind_direction,wind_direction,deg,2025-10-10T20:15:00Z,2026-09-29T14:30:00Z,355,True,CPCB,Haryana State Pollution Control Board,True
14341930,6971,NOx,nox,ppb,2025-10-10T20:15:00Z,2026-09-29T14:30:00Z,355,True,CPCB,Haryana State Pollution Control Board,True
14341932,6971,wind_speed,wind_speed,m/s,2025-10-10T20:15:00Z,2026-09-29T14:30:00Z,355,True,CPCB,Haryana State Pollution Control Board,True
20114,6971,PM10,pm10,µg/m³,2019-04-27T11:30:00Z,2019-08-07T05:45:00Z,0,True,CPCB,Haryana State Pollution Control Board,False
20120,6971,CO,co,µg/m³,2019-04-27T11:30:00Z,2019-08-07T05:45:00Z,0,True,CPCB,Haryana State Pollution Control Board,False
20116,6971,O3,o3,µg/m³,2019-04-27T11:30:00Z,2019-08-07T05:45:00Z,0,True,CPCB,Haryana State Pollution Control Board,False
20112,6971,PM2.5,pm25,µg/m³,2019-04-27T11:30:00Z,2019-08-07T05:45:00Z,0,True,CPCB,Haryana State Pollution Control Board,False
20117,6971,NO2,no2,µg/m³,2019-04-27T11:30:00Z,2019-08-07T05:45:00Z,0,True,CPCB,Haryana State Pollution Control Board,False
20111,6971,SO2,so2,µg/m³,2019-04-27T11:30:00Z,2019-08-07T05:45:00Z,0,True,CPCB,Haryana State Pollution Control Board,False
14341920,6972,NOx,nox,ppb,2025-10-10T20:15:00Z,2026-09-29T14:30:00Z,355,True,CPCB,Haryana State Pollution Control Board,True
14283602,6972,SO2,so2,ppb,2025-10-04T05:00:00Z,2026-09-29T14:30:00Z,361,True,CPCB,Haryana State Pollution Control Board,True
14283600,6972,PM2.5,pm25,µg/m³,2025-10-04T05:15:00Z,2026-09-29T14:30:00Z,361,True,CPCB,Haryana State Pollution Control Board,True
14283598,6972,O3,o3,µg/m³,2025-10-04T05:00:00Z,2026-09-29T14:30:00Z,361,True,CPCB,Haryana State Pollution Control Board,True
14283595,6972,CO,co,ppb,2025-10-04T05:00:00Z,2026-09-29T14:30:00Z,361,True,CPCB,Haryana State Pollution Control Board,True
14341921,6972,wind_direction,wind_direction,deg,2025-10-10T20:15:00Z,2026-09-29T14:30:00Z,355,True,CPCB,Haryana State Pollution Control Board,True
14283603,6972,temperature,temperature,c,2025-10-04T05:15:00Z,2026-09-29T14:30:00Z,361,True,CPCB,Haryana State Pollution Control Board,True
14283599,6972,PM10,pm10,µg/m³,2025-10-04T05:00:00Z,2026-09-29T14:30:00Z,361,True,CPCB,Haryana State Pollution Control Board,True
14283601,6972,relative_humidity,relativehumidity,%,2025-10-04T05:15:00Z,2026-09-29T14:30:00Z,361,True,CPCB,Haryana State Pollution Control Board,True
14341922,6972,wind_speed,wind_speed,m/s,2025-10-10T20:15:00Z,2026-09-29T14:30:00Z,355,True,CPCB,Haryana State Pollution Control Board,True
14283597,6972,NO2,no2,ppb,2025-10-04T05:00:00Z,2026-09-29T14:30:00Z,361,True,CPCB,Haryana State Pollution Control Board,True
20123,6972,PM2.5,pm25,µg/m³,2019-02-13T00:15:00Z,2022-10-31T01:45:00Z,0,True,CPCB,Haryana State Pollution Control Board,False
20126,6972,PM10,pm10,µg/m³,2019-02-13T00:15:00Z,2022-10-31T01:45:00Z,0,True,CPCB,Haryana State Pollution Control Board,False
20148,6972,CO,co,µg/m³,2019-02-13T00:15:00Z,2022-10-31T01:45:00Z,0,True,CPCB,Haryana State Pollution Control Board,False
20118,6972,SO2,so2,µg/m³,2019-02-13T00:15:00Z,2022-10-31T01:45:00Z,0,True,CPCB,Haryana State Pollution Control Board,False
20127,6972,O3,o3,µg/m³,2019-02-13T00:15:00Z,2022-10-31T01:45:00Z,0,True,CPCB,Haryana State Pollution Control Board,False
20145,6972,NO2,no2,µg/m³,2019-02-13T00:15:00Z,2022-10-31T01:45:00Z,0,True,CPCB,Haryana State Pollution Control Board,False
12235870,6976,relative_humidity,relativehumidity,%,2025-02-18T20:15:00Z,2026-09-29T14:30:00Z,589,True,CPCB,Uttar Pradesh Pollution Control Board,True
12235872,6976,temperature,temperature,c,2025-02-18T20:15:00Z,2026-09-29T14:30:00Z,589,True,CPCB,Uttar Pradesh Pollution Control Board,True
12235866,6976,NO2,no2,ppb,2025-02-18T20:15:00Z,2026-09-29T14:30:00Z,589,True,CPCB,Uttar Pradesh Pollution Control Board,True
12235869,6976,PM2.5,pm25,µg/m³,2025-02-18T20:15:00Z,2026-09-29T14:30:00Z,589,True,CPCB,Uttar Pradesh Pollution Control Board,True
12235871,6976,SO2,so2,ppb,2025-02-18T20:15:00Z,2026-09-29T14:30:00Z,589,True,CPCB,Uttar Pradesh Pollution Control Board,True
12235864,6976,CO,co,ppb,2025-02-18T20:15:00Z,2026-09-29T14:30:00Z,589,True,CPCB,Uttar Pradesh Pollution Control Board,True
12235868,6976,PM10,pm10,µg/m³,2025-02-18T20:15:00Z,2026-09-29T14:30:00Z,589,True,CPCB,Uttar Pradesh Pollution Control Board,True
12235867,6976,O3,o3,µg/m³,2025-02-18T20:15:00Z,2026-09-29T14:30:00Z,589,True,CPCB,Uttar Pradesh Pollution Control Board,True
14340931,6976,NOx,nox,ppb,2025-10-10T18:15:00Z,2026-09-29T14:30:00Z,355,True,CPCB,Uttar Pradesh Pollution Control Board,True
14340932,6976,wind_direction,wind_direction,deg,2025-10-10T18:15:00Z,2026-09-29T14:30:00Z,355,True,CPCB,Uttar Pradesh Pollution Control Board,True
14340933,6976,wind_speed,wind_speed,m/s,2025-10-10T18:15:00Z,2026-09-29T14:30:00Z,355,True,CPCB,Uttar Pradesh Pollution Control Board,True
20234,6976,O3,o3,µg/m³,2019-07-03T06:00:00Z,2022-10-31T02:00:00Z,0,True,CPCB,Uttar Pradesh Pollution Control Board,False
20159,6976,SO2,so2,µg/m³,2019-07-03T06:00:00Z,2022-10-31T02:00:00Z,0,True,CPCB,Uttar Pradesh Pollution Control Board,False
20238,6976,PM10,pm10,µg/m³,2019-07-03T06:00:00Z,2022-10-31T02:00:00Z,0,True,CPCB,Uttar Pradesh Pollution Control Board,False
20157,6976,CO,co,µg/m³,2019-07-03T06:00:00Z,2022-10-31T02:00:00Z,0,True,CPCB,Uttar Pradesh Pollution Control Board,False
20257,6976,PM2.5,pm25,µg/m³,2019-07-03T05:30:00Z,2022-10-26T07:45:00Z,0,True,CPCB,Uttar Pradesh Pollution Control Board,False
20204,6976,NO2,no2,µg/m³,2019-07-03T06:00:00Z,2022-10-31T02:00:00Z,0,True,CPCB,Uttar Pradesh Pollution Control Board,False
12235197,6978,relative_humidity,relativehumidity,%,2025-02-18T20:15:00Z,2026-09-29T14:30:00Z,589,True,CPCB,Uttar Pradesh Pollution Control Board,True
12235198,6978,SO2,so2,ppb,2025-02-18T21:15:00Z,2026-09-29T14:30:00Z,589,True,CPCB,Uttar Pradesh Pollution Control Board,True
12235195,6978,PM10,pm10,µg/m³,2025-02-18T20:15:00Z,2026-09-29T14:30:00Z,589,True,CPCB,Uttar Pradesh Pollution Control Board,True
12235193,6978,NO2,no2,ppb,2025-02-18T20:15:00Z,2026-09-29T14:30:00Z,589,True,CPCB,Uttar Pradesh Pollution Control Board,True
12235196,6978,PM2.5,pm25,µg/m³,2025-02-18T20:15:00Z,2026-09-29T14:30:00Z,589,True,CPCB,Uttar Pradesh Pollution Control Board,True
12235191,6978,CO,co,ppb,2025-02-18T20:15:00Z,2026-09-29T14:30:00Z,589,True,CPCB,Uttar Pradesh Pollution Control Board,True
12235199,6978,temperature,temperature,c,2025-02-18T20:15:00Z,2026-09-29T14:30:00Z,589,True,CPCB,Uttar Pradesh Pollution Control Board,True
12235194,6978,O3,o3,µg/m³,2025-02-18T20:15:00Z,2026-09-29T14:30:00Z,589,True,CPCB,Uttar Pradesh Pollution Control Board,True
14340789,6978,wind_speed,wind_speed,m/s,2025-10-10T18:15:00Z,2026-09-29T14:30:00Z,355,True,CPCB,Uttar Pradesh Pollution Control Board,True
14340787,6978,NOx,nox,ppb,2025-10-10T18:15:00Z,2026-09-29T14:30:00Z,355,True,CPCB,Uttar Pradesh Pollution Control Board,True
14340788,6978,wind_direction,wind_direction,deg,2025-10-10T18:15:00Z,2026-09-29T14:30:00Z,355,True,CPCB,Uttar Pradesh Pollution Control Board,True
20177,6978,NO2,no2,µg/m³,2018-08-10T06:00:00Z,2022-10-31T02:00:00Z,0,True,CPCB,Uttar Pradesh Pollution Control Board,False
20209,6978,PM2.5,pm25,µg/m³,2018-08-10T06:00:00Z,2022-10-31T02:00:00Z,0,True,CPCB,Uttar Pradesh Pollution Control Board,False
20191,6978,PM10,pm10,µg/m³,2018-08-10T06:00:00Z,2022-10-31T02:00:00Z,0,True,CPCB,Uttar Pradesh Pollution Control Board,False
20180,6978,O3,o3,µg/m³,2018-08-10T06:00:00Z,2022-10-31T02:00:00Z,0,True,CPCB,Uttar Pradesh Pollution Control Board,False
20181,6978,CO,co,µg/m³,2018-08-10T06:00:00Z,2022-10-31T02:00:00Z,0,True,CPCB,Uttar Pradesh Pollution Control Board,False
20227,6978,SO2,so2,µg/m³,2018-08-10T06:00:00Z,2022-10-31T02:00:00Z,0,True,CPCB,Uttar Pradesh Pollution Control Board,False
20193,6979,CO,co,µg/m³,2018-08-10T06:00:00Z,2022-01-31T04:45:00Z,0,True,caaqm,Unknown Governmental Organization,True
20184,6979,PM10,pm10,µg/m³,2018-08-10T06:00:00Z,2022-01-31T04:45:00Z,0,True,caaqm,Unknown Governmental Organization,True
20178,6979,O3,o3,µg/m³,2018-08-10T06:00:00Z,2022-01-31T04:45:00Z,0,True,caaqm,Unknown Governmental Organization,True
20202,6979,SO2,so2,µg/m³,2018-08-10T06:00:00Z,2022-01-31T04:45:00Z,0,True,caaqm,Unknown Governmental Organization,True
20183,6979,NO2,no2,µg/m³,2018-08-10T06:00:00Z,2022-01-31T04:45:00Z,0,True,caaqm,Unknown Governmental Organization,True
20188,6979,PM2.5,pm25,µg/m³,2018-08-10T06:00:00Z,2022-01-31T04:45:00Z,0,True,caaqm,Unknown Governmental Organization,True
12235948,6980,NO2,no2,ppb,2025-02-18T20:15:00Z,2026-09-29T14:30:00Z,589,True,CPCB,Uttar Pradesh Pollution Control Board,True
12235946,6980,CO,co,ppb,2025-02-18T20:15:00Z,2026-09-29T14:30:00Z,589,True,CPCB,Uttar Pradesh Pollution Control Board,True
12235949,6980,O3,o3,µg/m³,2025-02-18T21:30:00Z,2026-09-29T14:30:00Z,589,True,CPCB,Uttar Pradesh Pollution Control Board,True
12235950,6980,PM10,pm10,µg/m³,2025-02-18T20:15:00Z,2026-09-29T14:30:00Z,589,True,CPCB,Uttar Pradesh Pollution Control Board,True
12235954,6980,temperature,temperature,c,2025-02-18T20:15:00Z,2026-09-29T14:30:00Z,589,True,CPCB,Uttar Pradesh Pollution Control Board,True
12235952,6980,relative_humidity,relativehumidity,%,2025-02-18T20:15:00Z,2026-09-29T14:30:00Z,589,True,CPCB,Uttar Pradesh Pollution Control Board,True
12235953,6980,SO2,so2,ppb,2025-02-18T20:15:00Z,2026-09-29T14:30:00Z,589,True,CPCB,Uttar Pradesh Pollution Control Board,True
12235951,6980,PM2.5,pm25,µg/m³,2025-02-18T20:15:00Z,2026-09-29T14:30:00Z,589,True,CPCB,Uttar Pradesh Pollution Control Board,True
14340948,6980,wind_direction,wind_direction,deg,2025-10-10T18:15:00Z,2026-09-29T14:30:00Z,355,True,CPCB,Uttar Pradesh Pollution Control Board,True
14340947,6980,NOx,nox,ppb,2025-10-10T18:15:00Z,2026-09-29T14:30:00Z,355,True,CPCB,Uttar Pradesh Pollution Control Board,True
14340949,6980,wind_speed,wind_speed,m/s,2025-10-10T18:15:00Z,2026-09-29T14:30:00Z,355,True,CPCB,Uttar Pradesh Pollution Control Board,True
20187,6980,NO2,no2,µg/m³,2019-06-28T06:00:00Z,2022-10-16T16:00:00Z,0,True,CPCB,Uttar Pradesh Pollution Control Board,False
20207,6980,SO2,so2,µg/m³,2019-06-28T06:00:00Z,2022-10-16T16:00:00Z,0,True,CPCB,Uttar Pradesh Pollution Control Board,False
20186,6980,CO,co,µg/m³,2019-06-28T05:45:00Z,2022-10-13T06:15:00Z,0,True,CPCB,Uttar Pradesh Pollution Control Board,False
20189,6980,O3,o3,µg/m³,2019-06-28T06:00:00Z,2022-10-16T16:00:00Z,0,True,CPCB,Uttar Pradesh Pollution Control Board,False
20206,6980,PM2.5,pm25,µg/m³,2019-06-28T06:00:00Z,2022-10-16T16:00:00Z,0,True,CPCB,Uttar Pradesh Pollution Control Board,False
20194,6980,PM10,pm10,µg/m³,2019-06-28T06:00:00Z,2022-10-16T16:00:00Z,0,True,CPCB,Uttar Pradesh Pollution Control Board,False
12235207,6985,SO2,so2,ppb,2025-02-18T20:15:00Z,2026-09-29T14:30:00Z,589,True,CPCB,Uttar Pradesh Pollution Control Board,True
12235206,6985,relative_humidity,relativehumidity,%,2025-02-18T20:15:00Z,2026-09-29T14:30:00Z,589,True,CPCB,Uttar Pradesh Pollution Control Board,True
12235202,6985,NO2,no2,ppb,2025-02-18T20:15:00Z,2026-09-29T14:30:00Z,589,True,CPCB,Uttar Pradesh Pollution Control Board,True
12235203,6985,O3,o3,µg/m³,2025-02-18T20:15:00Z,2026-09-29T14:30:00Z,589,True,CPCB,Uttar Pradesh Pollution Control Board,True
12235208,6985,temperature,temperature,c,2025-02-18T20:15:00Z,2026-09-29T14:30:00Z,589,True,CPCB,Uttar Pradesh Pollution Control Board,True
12235200,6985,CO,co,ppb,2025-02-18T20:15:00Z,2026-09-29T14:30:00Z,589,True,CPCB,Uttar Pradesh Pollution Control Board,True
12235205,6985,PM2.5,pm25,µg/m³,2025-02-18T20:15:00Z,2026-09-29T14:30:00Z,589,True,CPCB,Uttar Pradesh Pollution Control Board,True
12235204,6985,PM10,pm10,µg/m³,2025-02-18T20:15:00Z,2026-09-29T14:30:00Z,589,True,CPCB,Uttar Pradesh Pollution Control Board,True
14340790,6985,NOx,nox,ppb,2025-10-10T18:15:00Z,2026-09-29T14:30:00Z,355,True,CPCB,Uttar Pradesh Pollution Control Board,True
14340791,6985,wind_direction,wind_direction,deg,2025-10-10T18:15:00Z,2026-09-29T14:30:00Z,355,True,CPCB,Uttar Pradesh Pollution Control Board,True
14340792,6985,wind_speed,wind_speed,m/s,2025-10-10T18:15:00Z,2026-09-29T14:30:00Z,355,True,CPCB,Uttar Pradesh Pollution Control Board,True
20218,6985,O3,o3,µg/m³,2018-08-10T06:00:00Z,2022-10-31T01:00:00Z,0,True,CPCB,Uttar Pradesh Pollution Control Board,False
20216,6985,PM2.5,pm25,µg/m³,2018-08-10T06:00:00Z,2022-10-31T01:00:00Z,0,True,CPCB,Uttar Pradesh Pollution Control Board,False
20220,6985,CO,co,µg/m³,2018-08-10T06:00:00Z,2022-10-16T16:00:00Z,0,True,CPCB,Uttar Pradesh Pollution Control Board,False
20215,6985,SO2,so2,µg/m³,2018-08-10T06:00:00Z,2022-10-16T16:00:00Z,0,True,CPCB,Uttar Pradesh Pollution Control Board,False
20219,6985,NO2,no2,µg/m³,2018-08-10T06:00:00Z,2022-10-31T01:00:00Z,0,True,CPCB,Uttar Pradesh Pollution Control Board,False
20217,6985,PM10,pm10,µg/m³,2018-08-10T06:00:00Z,2022-10-31T01:00:00Z,0,True,CPCB,Uttar Pradesh Pollution Control Board,False
12235932,6986,NO2,no2,ppb,2025-02-18T20:15:00Z,2026-09-29T14:30:00Z,589,True,CPCB,Uttar Pradesh Pollution Control Board,True
12235935,6986,PM2.5,pm25,µg/m³,2025-02-18T20:15:00Z,2026-09-29T14:30:00Z,589,True,CPCB,Uttar Pradesh Pollution Control Board,True
12235936,6986,relative_humidity,relativehumidity,%,2025-02-18T20:15:00Z,2026-09-29T14:30:00Z,589,True,CPCB,Uttar Pradesh Pollution Control Board,True
12235934,6986,PM10,pm10,µg/m³,2025-02-18T20:15:00Z,2026-09-29T14:30:00Z,589,True,CPCB,Uttar Pradesh Pollution Control Board,True
12235937,6986,SO2,so2,ppb,2025-02-18T20:15:00Z,2026-09-29T14:30:00Z,589,True,CPCB,Uttar Pradesh Pollution Control Board,True
12235938,6986,temperature,temperature,c,2025-02-18T20:15:00Z,2026-09-29T14:30:00Z,589,True,CPCB,Uttar Pradesh Pollution Control Board,True
12235933,6986,O3,o3,µg/m³,2025-02-18T20:15:00Z,2026-09-29T14:30:00Z,589,True,CPCB,Uttar Pradesh Pollution Control Board,True
12235930,6986,CO,co,ppb,2025-02-18T20:15:00Z,2026-09-29T14:30:00Z,589,True,CPCB,Uttar Pradesh Pollution Control Board,True
14340941,6986,NOx,nox,ppb,2025-10-10T18:15:00Z,2026-09-29T14:30:00Z,355,True,CPCB,Uttar Pradesh Pollution Control Board,True
14340943,6986,wind_speed,wind_speed,m/s,2025-10-10T18:15:00Z,2026-09-29T14:30:00Z,355,True,CPCB,Uttar Pradesh Pollution Control Board,True
14340942,6986,wind_direction,wind_direction,deg,2025-10-10T18:15:00Z,2026-09-29T14:30:00Z,355,True,CPCB,Uttar Pradesh Pollution Control Board,True
20244,6986,SO2,so2,µg/m³,2019-06-28T06:00:00Z,2022-10-31T02:00:00Z,0,True,CPCB,Uttar Pradesh Pollution Control Board,False
20241,6986,PM10,pm10,µg/m³,2019-06-28T06:00:00Z,2022-10-31T02:00:00Z,0,True,CPCB,Uttar Pradesh Pollution Control Board,False
20237,6986,O3,o3,µg/m³,2019-06-28T06:00:00Z,2022-10-31T02:00:00Z,0,True,CPCB,Uttar Pradesh Pollution Control Board,False
20232,6986,NO2,no2,µg/m³,2019-06-28T06:00:00Z,2022-10-31T02:00:00Z,0,True,CPCB,Uttar Pradesh Pollution Control Board,False
20230,6986,CO,co,µg/m³,2019-06-28T06:00:00Z,2022-10-31T02:00:00Z,0,True,CPCB,Uttar Pradesh Pollution Control Board,False
20242,6986,PM2.5,pm25,µg/m³,2019-06-28T06:00:00Z,2022-10-31T02:00:00Z,0,True,CPCB,Uttar Pradesh Pollution Control Board,False
12235943,6988,relative_humidity,relativehumidity,%,2025-02-18T20:15:00Z,2026-09-29T14:30:00Z,589,True,CPCB,Uttar Pradesh Pollution Control Board,True
12235939,6988,CO,co,ppb,2025-02-18T20:15:00Z,2026-09-29T14:30:00Z,589,True,CPCB,Uttar Pradesh Pollution Control Board,True
12235944,6988,SO2,so2,ppb,2025-02-18T20:15:00Z,2026-09-29T14:30:00Z,589,True,CPCB,Uttar Pradesh Pollution Control Board,True
12235945,6988,temperature,temperature,c,2025-02-18T20:15:00Z,2026-09-29T14:30:00Z,589,True,CPCB,Uttar Pradesh Pollution Control Board,True
12235940,6988,O3,o3,µg/m³,2025-02-18T20:30:00Z,2026-09-29T14:30:00Z,589,True,CPCB,Uttar Pradesh Pollution Control Board,True
12235942,6988,PM2.5,pm25,µg/m³,2025-02-18T20:15:00Z,2026-09-29T14:30:00Z,589,True,CPCB,Uttar Pradesh Pollution Control Board,True
12235941,6988,PM10,pm10,µg/m³,2025-02-18T20:15:00Z,2026-09-29T14:30:00Z,589,True,CPCB,Uttar Pradesh Pollution Control Board,True
14340946,6988,wind_speed,wind_speed,m/s,2025-10-10T18:15:00Z,2026-09-29T14:30:00Z,355,True,CPCB,Uttar Pradesh Pollution Control Board,True
14340945,6988,wind_direction,wind_direction,deg,2025-10-10T18:15:00Z,2026-09-29T14:30:00Z,355,True,CPCB,Uttar Pradesh Pollution Control Board,True
14340944,6988,NOx,nox,ppb,2025-10-10T18:15:00Z,2026-09-29T14:30:00Z,355,True,CPCB,Uttar Pradesh Pollution Control Board,True
12241383,6988,NO2,no2,ppb,2025-02-19T03:30:00Z,2026-09-29T14:30:00Z,588,True,CPCB,Uttar Pradesh Pollution Control Board,True
12264381,7005,O3,o3,µg/m³,2025-02-21T13:00:00Z,2026-09-29T14:30:00Z,586,True,CPCB,Uttar Pradesh Pollution Control Board,True
12235785,7005,NO2,no2,ppb,2025-02-18T20:15:00Z,2026-09-29T14:30:00Z,589,True,CPCB,Uttar Pradesh Pollution Control Board,True
12235788,7005,relative_humidity,relativehumidity,%,2025-02-18T20:15:00Z,2026-09-29T14:30:00Z,589,True,CPCB,Uttar Pradesh Pollution Control Board,True
12235787,7005,PM2.5,pm25,µg/m³,2025-02-18T20:15:00Z,2026-09-29T14:30:00Z,589,True,CPCB,Uttar Pradesh Pollution Control Board,True
12235790,7005,temperature,temperature,c,2025-02-18T20:15:00Z,2026-09-29T14:30:00Z,589,True,CPCB,Uttar Pradesh Pollution Control Board,True
12235786,7005,PM10,pm10,µg/m³,2025-02-18T20:15:00Z,2026-09-29T14:30:00Z,589,True,CPCB,Uttar Pradesh Pollution Control Board,True
12235783,7005,CO,co,ppb,2025-02-18T20:15:00Z,2026-09-29T14:30:00Z,589,True,CPCB,Uttar Pradesh Pollution Control Board,True
12235789,7005,SO2,so2,ppb,2025-02-18T20:15:00Z,2026-09-29T14:30:00Z,589,True,CPCB,Uttar Pradesh Pollution Control Board,True
14340911,7005,wind_direction,wind_direction,deg,2025-10-10T18:15:00Z,2026-09-29T14:30:00Z,355,True,CPCB,Uttar Pradesh Pollution Control Board,True
14340912,7005,wind_speed,wind_speed,m/s,2025-10-10T18:15:00Z,2026-09-29T14:30:00Z,355,True,CPCB,Uttar Pradesh Pollution Control Board,True
14340910,7005,NOx,nox,ppb,2025-10-10T18:15:00Z,2026-09-29T14:30:00Z,355,True,CPCB,Uttar Pradesh Pollution Control Board,True
20292,7005,O3,o3,µg/m³,2019-04-27T11:45:00Z,2022-10-26T07:45:00Z,0,True,CPCB,Uttar Pradesh Pollution Control Board,False
20295,7005,CO,co,µg/m³,2019-04-27T12:00:00Z,2022-10-31T02:00:00Z,0,True,CPCB,Uttar Pradesh Pollution Control Board,False
20294,7005,NO2,no2,µg/m³,2019-04-27T12:00:00Z,2022-10-31T02:00:00Z,0,True,CPCB,Uttar Pradesh Pollution Control Board,False
20290,7005,PM2.5,pm25,µg/m³,2019-04-27T12:00:00Z,2022-10-31T02:00:00Z,0,True,CPCB,Uttar Pradesh Pollution Control Board,False
20293,7005,PM10,pm10,µg/m³,2019-04-27T12:00:00Z,2022-10-31T02:00:00Z,0,True,CPCB,Uttar Pradesh Pollution Control Board,False
20291,7005,SO2,so2,µg/m³,2019-04-27T12:00:00Z,2022-10-31T02:00:00Z,0,True,CPCB,Uttar Pradesh Pollution Control Board,False
20409,7044,NO2,no2,µg/m³,2018-08-10T06:00:00Z,2022-10-31T00:45:00Z,0,True,caaqm,Unknown Governmental Organization,True
20408,7044,SO2,so2,µg/m³,2018-08-10T06:00:00Z,2022-10-30T23:00:00Z,0,True,caaqm,Unknown Governmental Organization,True
20406,7044,O3,o3,µg/m³,2018-08-10T06:00:00Z,2022-10-31T00:45:00Z,0,True,caaqm,Unknown Governmental Organization,True
20411,7044,PM2.5,pm25,µg/m³,2018-08-10T06:00:00Z,2022-10-31T00:45:00Z,0,True,caaqm,Unknown Governmental Organization,True
20410,7044,CO,co,µg/m³,2018-08-10T06:00:00Z,2022-10-30T11:15:00Z,0,True,caaqm,Unknown Governmental Organization,True
20407,7044,PM10,pm10,µg/m³,2018-08-10T06:00:00Z,2022-10-31T00:45:00Z,0,True,caaqm,Unknown Governmental Organization,True
14249199,7280,CO,co,ppb,2025-09-30T05:15:00Z,2026-09-29T14:30:00Z,365,True,CPCB,Haryana State Pollution Control Board,True
14249203,7280,PM10,pm10,µg/m³,2025-09-30T05:15:00Z,2026-09-29T14:30:00Z,365,True,CPCB,Haryana State Pollution Control Board,True
14249207,7280,temperature,temperature,c,2025-09-30T05:15:00Z,2026-06-23T10:45:00Z,267,True,CPCB,Haryana State Pollution Control Board,True
14341906,7280,wind_direction,wind_direction,deg,2025-10-10T20:15:00Z,2026-09-29T14:30:00Z,355,True,CPCB,Haryana State Pollution Control Board,True
14341905,7280,NOx,nox,ppb,2025-10-10T20:15:00Z,2026-09-29T14:30:00Z,355,True,CPCB,Haryana State Pollution Control Board,True
14249205,7280,relative_humidity,relativehumidity,%,2025-09-30T05:15:00Z,2026-09-29T14:30:00Z,365,True,CPCB,Haryana State Pollution Control Board,True
14249202,7280,O3,o3,µg/m³,2025-09-30T05:15:00Z,2026-09-29T14:30:00Z,365,True,CPCB,Haryana State Pollution Control Board,True
14249206,7280,SO2,so2,ppb,2025-09-30T05:15:00Z,2026-09-29T14:30:00Z,365,True,CPCB,Haryana State Pollution Control Board,True
14249204,7280,PM2.5,pm25,µg/m³,2025-09-30T05:15:00Z,2026-09-29T14:30:00Z,365,True,CPCB,Haryana State Pollution Control Board,True
14249201,7280,NO2,no2,ppb,2025-09-30T05:15:00Z,2026-09-29T14:30:00Z,365,True,CPCB,Haryana State Pollution Control Board,True
14341907,7280,wind_speed,wind_speed,m/s,2025-10-10T20:15:00Z,2026-09-29T14:30:00Z,355,True,CPCB,Haryana State Pollution Control Board,True
20949,7280,NO2,no2,µg/m³,2019-02-13T00:15:00Z,2020-01-01T09:15:00Z,0,True,CPCB,Haryana State Pollution Control Board,False
20944,7280,CO,co,µg/m³,2019-02-13T00:15:00Z,2020-01-01T09:15:00Z,0,True,CPCB,Haryana State Pollution Control Board,False
20947,7280,PM2.5,pm25,µg/m³,2019-02-13T00:15:00Z,2020-01-01T09:15:00Z,0,True,CPCB,Haryana State Pollution Control Board,False
20945,7280,SO2,so2,µg/m³,2019-02-13T00:15:00Z,2020-01-01T09:15:00Z,0,True,CPCB,Haryana State Pollution Control Board,False
20948,7280,PM10,pm10,µg/m³,2019-02-13T00:15:00Z,2020-01-01T09:15:00Z,0,True,CPCB,Haryana State Pollution Control Board,False
20946,7280,O3,o3,µg/m³,2019-02-13T00:15:00Z,2020-01-01T09:15:00Z,0,True,CPCB,Haryana State Pollution Control Board,False
20951,7281,NO2,no2,µg/m³,2020-01-01T10:15:00Z,2022-10-31T01:30:00Z,0,True,caaqm,Unknown Governmental Organization,True
20957,7281,PM10,pm10,µg/m³,2020-01-01T10:15:00Z,2022-10-31T01:30:00Z,0,True,caaqm,Unknown Governmental Organization,True
20952,7281,O3,o3,µg/m³,2020-01-01T10:15:00Z,2022-10-31T01:30:00Z,0,True,caaqm,Unknown Governmental Organization,True
20958,7281,SO2,so2,µg/m³,2020-01-01T10:15:00Z,2022-10-31T01:30:00Z,0,True,caaqm,Unknown Governmental Organization,True
20962,7281,PM2.5,pm25,µg/m³,2020-01-01T10:15:00Z,2022-10-31T01:30:00Z,0,True,caaqm,Unknown Governmental Organization,True
20953,7281,CO,co,µg/m³,2020-01-01T10:15:00Z,2022-10-31T01:30:00Z,0,True,caaqm,Unknown Governmental Organization,True
14234410,7282,NO2,no2,ppb,2025-09-28T11:30:00Z,2026-09-29T14:30:00Z,367,True,CPCB,Haryana State Pollution Control Board,True
14234411,7282,O3,o3,µg/m³,2025-09-28T11:30:00Z,2026-09-29T14:30:00Z,367,True,CPCB,Haryana State Pollution Control Board,True
14234412,7282,PM10,pm10,µg/m³,2025-09-28T11:30:00Z,2026-09-29T14:30:00Z,367,True,CPCB,Haryana State Pollution Control Board,True
14234413,7282,PM2.5,pm25,µg/m³,2025-09-28T11:30:00Z,2026-09-29T14:30:00Z,367,True,CPCB,Haryana State Pollution Control Board,True
14234414,7282,relative_humidity,relativehumidity,%,2025-09-28T11:30:00Z,2026-09-29T14:30:00Z,367,True,CPCB,Haryana State Pollution Control Board,True
14234415,7282,SO2,so2,ppb,2025-09-28T11:30:00Z,2026-09-29T14:30:00Z,367,True,CPCB,Haryana State Pollution Control Board,True
14234416,7282,temperature,temperature,c,2025-09-28T11:30:00Z,2026-06-20T16:30:00Z,266,True,CPCB,Haryana State Pollution Control Board,True
14234408,7282,CO,co,ppb,2025-09-28T11:30:00Z,2026-09-29T14:30:00Z,367,True,CPCB,Haryana State Pollution Control Board,True
14341891,7282,wind_direction,wind_direction,deg,2025-10-10T20:15:00Z,2026-09-29T14:30:00Z,355,True,CPCB,Haryana State Pollution Control Board,True
14341890,7282,NOx,nox,ppb,2025-10-10T20:15:00Z,2026-09-29T14:30:00Z,355,True,CPCB,Haryana State Pollution Control Board,True
14341892,7282,wind_speed,wind_speed,m/s,2025-10-10T20:15:00Z,2026-09-29T14:30:00Z,355,True,CPCB,Haryana State Pollution Control Board,True
20961,7282,PM2.5,pm25,µg/m³,2019-02-13T00:15:00Z,2022-10-31T01:45:00Z,0,True,CPCB,Haryana State Pollution Control Board,False
20955,7282,O3,o3,µg/m³,2019-02-13T00:15:00Z,2022-10-31T01:45:00Z,0,True,CPCB,Haryana State Pollution Control Board,False
20960,7282,PM10,pm10,µg/m³,2019-02-13T00:15:00Z,2022-10-31T01:45:00Z,0,True,CPCB,Haryana State Pollution Control Board,False
20954,7282,CO,co,µg/m³,2019-02-13T00:15:00Z,2022-10-31T01:45:00Z,0,True,CPCB,Haryana State Pollution Control Board,False
20956,7282,NO2,no2,µg/m³,2019-02-13T00:15:00Z,2022-10-31T01:45:00Z,0,True,CPCB,Haryana State Pollution Control Board,False
20959,7282,SO2,so2,µg/m³,2019-02-13T00:15:00Z,2022-10-31T01:45:00Z,0,True,CPCB,Haryana State Pollution Control Board,False
14341792,7283,NOx,nox,ppb,2025-10-10T20:15:00Z,2026-09-29T13:30:00Z,355,True,CPCB,Haryana State Pollution Control Board,True
12599856,7283,temperature,temperature,c,2025-03-27T05:15:00Z,2026-08-06T11:00:00Z,498,True,CPCB,Haryana State Pollution Control Board,True
12599848,7283,CO,co,ppb,2025-03-27T05:15:00Z,2026-09-29T13:30:00Z,552,True,CPCB,Haryana State Pollution Control Board,True
12599855,7283,SO2,so2,ppb,2025-03-27T05:15:00Z,2026-09-29T13:30:00Z,552,True,CPCB,Haryana State Pollution Control Board,True
12599851,7283,O3,o3,µg/m³,2025-03-27T05:15:00Z,2026-09-29T13:30:00Z,552,True,CPCB,Haryana State Pollution Control Board,True
12599854,7283,relative_humidity,relativehumidity,%,2025-03-27T05:15:00Z,2026-09-28T08:00:00Z,551,True,CPCB,Haryana State Pollution Control Board,True
12599852,7283,PM10,pm10,µg/m³,2025-03-27T05:15:00Z,2026-09-29T13:30:00Z,552,True,CPCB,Haryana State Pollution Control Board,True
12599850,7283,NO2,no2,ppb,2025-03-27T05:15:00Z,2026-09-29T13:30:00Z,552,True,CPCB,Haryana State Pollution Control Board,True
14341793,7283,wind_direction,wind_direction,deg,2025-10-10T20:15:00Z,2026-09-28T08:00:00Z,354,True,CPCB,Haryana State Pollution Control Board,True
14341794,7283,wind_speed,wind_speed,m/s,2025-10-10T20:15:00Z,2026-09-28T08:00:00Z,354,True,CPCB,Haryana State Pollution Control Board,True
12599853,7283,PM2.5,pm25,µg/m³,2025-03-27T05:15:00Z,2026-09-29T13:30:00Z,552,True,CPCB,Haryana State Pollution Control Board,True
20968,7283,CO,co,µg/m³,2020-01-01T11:45:00Z,2022-10-31T01:45:00Z,0,True,CPCB,Haryana State Pollution Control Board,False
20967,7283,NO2,no2,µg/m³,2020-01-01T11:45:00Z,2022-10-31T01:45:00Z,0,True,CPCB,Haryana State Pollution Control Board,False
20966,7283,SO2,so2,µg/m³,2020-01-01T11:45:00Z,2022-10-31T01:45:00Z,0,True,CPCB,Haryana State Pollution Control Board,False
20964,7283,O3,o3,µg/m³,2020-01-01T11:45:00Z,2022-10-31T01:45:00Z,0,True,CPCB,Haryana State Pollution Control Board,False
20965,7283,PM2.5,pm25,µg/m³,2020-01-01T11:45:00Z,2022-10-31T01:45:00Z,0,True,CPCB,Haryana State Pollution Control Board,False
21625,7434,O3,o3,µg/m³,2018-08-10T06:00:00Z,2020-02-10T03:00:00Z,0,True,caaqm,Unknown Governmental Organization,True
21624,7434,NO2,no2,µg/m³,2018-08-10T06:00:00Z,2020-02-10T03:00:00Z,0,True,caaqm,Unknown Governmental Organization,True
21623,7434,SO2,so2,µg/m³,2018-08-10T06:00:00Z,2020-02-10T03:00:00Z,0,True,caaqm,Unknown Governmental Organization,True
12236078,7720,temperature,temperature,c,2025-02-18T20:15:00Z,2026-09-29T14:30:00Z,589,True,CPCB,Uttar Pradesh Pollution Control Board,True
12236077,7720,SO2,so2,ppb,2025-02-18T20:15:00Z,2026-09-29T14:30:00Z,589,True,CPCB,Uttar Pradesh Pollution Control Board,True
12236073,7720,O3,o3,µg/m³,2025-02-18T20:15:00Z,2026-09-29T14:30:00Z,589,True,CPCB,Uttar Pradesh Pollution Control Board,True
12236072,7720,NO2,no2,ppb,2025-02-18T20:15:00Z,2026-09-29T14:30:00Z,589,True,CPCB,Uttar Pradesh Pollution Control Board,True
12236070,7720,CO,co,ppb,2025-02-18T20:15:00Z,2026-09-29T13:45:00Z,589,True,CPCB,Uttar Pradesh Pollution Control Board,True
12236074,7720,PM10,pm10,µg/m³,2025-02-18T20:15:00Z,2026-09-29T14:30:00Z,589,True,CPCB,Uttar Pradesh Pollution Control Board,True
12236076,7720,relative_humidity,relativehumidity,%,2025-02-18T20:15:00Z,2026-09-29T14:30:00Z,589,True,CPCB,Uttar Pradesh Pollution Control Board,True
12236075,7720,PM2.5,pm25,µg/m³,2025-02-18T20:15:00Z,2026-09-29T14:30:00Z,589,True,CPCB,Uttar Pradesh Pollution Control Board,True
14340976,7720,wind_speed,wind_speed,m/s,2025-10-10T18:15:00Z,2026-09-29T14:30:00Z,355,True,CPCB,Uttar Pradesh Pollution Control Board,True
14340974,7720,NOx,nox,ppb,2025-10-10T18:15:00Z,2026-09-29T14:30:00Z,355,True,CPCB,Uttar Pradesh Pollution Control Board,True
14340975,7720,wind_direction,wind_direction,deg,2025-10-10T18:15:00Z,2026-09-29T14:30:00Z,355,True,CPCB,Uttar Pradesh Pollution Control Board,True
25459,7720,PM10,pm10,µg/m³,2019-10-14T16:00:00Z,2022-10-16T16:00:00Z,0,True,CPCB,Uttar Pradesh Pollution Control Board,False
25456,7720,CO,co,µg/m³,2019-10-14T16:00:00Z,2022-10-16T16:00:00Z,0,True,CPCB,Uttar Pradesh Pollution Control Board,False
25457,7720,NO2,no2,µg/m³,2019-10-14T16:00:00Z,2022-10-16T16:00:00Z,0,True,CPCB,Uttar Pradesh Pollution Control Board,False
22459,7720,SO2,so2,µg/m³,2019-10-14T16:00:00Z,2022-10-16T16:00:00Z,0,True,CPCB,Uttar Pradesh Pollution Control Board,False
25460,7720,PM2.5,pm25,µg/m³,2019-10-14T16:00:00Z,2022-10-16T16:00:00Z,0,True,CPCB,Uttar Pradesh Pollution Control Board,False
25458,7720,O3,o3,µg/m³,2019-10-14T16:00:00Z,2022-10-16T16:00:00Z,0,True,CPCB,Uttar Pradesh Pollution Control Board,False
12236085,7833,relative_humidity,relativehumidity,%,2025-02-18T20:15:00Z,2026-09-29T14:30:00Z,589,True,CPCB,Uttar Pradesh Pollution Control Board,True
12236082,7833,O3,o3,µg/m³,2025-02-18T20:15:00Z,2026-09-29T14:30:00Z,589,True,CPCB,Uttar Pradesh Pollution Control Board,True
12236086,7833,SO2,so2,ppb,2025-02-18T20:15:00Z,2026-09-29T14:30:00Z,589,True,CPCB,Uttar Pradesh Pollution Control Board,True
12236083,7833,PM10,pm10,µg/m³,2025-02-18T20:15:00Z,2026-09-29T14:30:00Z,589,True,CPCB,Uttar Pradesh Pollution Control Board,True
12236084,7833,PM2.5,pm25,µg/m³,2025-02-18T20:15:00Z,2026-09-29T12:00:00Z,589,True,CPCB,Uttar Pradesh Pollution Control Board,True
12236079,7833,CO,co,ppb,2025-02-18T20:15:00Z,2026-09-29T14:30:00Z,589,True,CPCB,Uttar Pradesh Pollution Control Board,True
12236081,7833,NO2,no2,ppb,2025-02-18T20:15:00Z,2026-09-29T14:30:00Z,589,True,CPCB,Uttar Pradesh Pollution Control Board,True
12236087,7833,temperature,temperature,c,2025-02-18T20:15:00Z,2026-09-29T14:30:00Z,589,True,CPCB,Uttar Pradesh Pollution Control Board,True
14340977,7833,NOx,nox,ppb,2025-10-10T18:15:00Z,2026-09-29T14:30:00Z,355,True,CPCB,Uttar Pradesh Pollution Control Board,True
14340978,7833,wind_direction,wind_direction,deg,2025-10-10T18:15:00Z,2026-09-29T14:30:00Z,355,True,CPCB,Uttar Pradesh Pollution Control Board,True
14340979,7833,wind_speed,wind_speed,m/s,2025-10-10T18:15:00Z,2026-09-29T14:30:00Z,355,True,CPCB,Uttar Pradesh Pollution Control Board,True
36680,7833,PM2.5,pm25,µg/m³,2019-10-14T16:00:00Z,2022-10-16T15:00:00Z,0,True,CPCB,Uttar Pradesh Pollution Control Board,False
36532,7833,NO2,no2,µg/m³,2019-10-14T16:00:00Z,2022-10-16T16:00:00Z,0,True,CPCB,Uttar Pradesh Pollution Control Board,False
36531,7833,O3,o3,µg/m³,2019-10-14T16:00:00Z,2022-10-16T16:00:00Z,0,True,CPCB,Uttar Pradesh Pollution Control Board,False
22716,7833,CO,co,µg/m³,2019-10-14T16:00:00Z,2022-09-20T06:00:00Z,0,True,CPCB,Uttar Pradesh Pollution Control Board,False
36530,7833,PM10,pm10,µg/m³,2019-10-14T16:00:00Z,2022-10-16T16:00:00Z,0,True,CPCB,Uttar Pradesh Pollution Control Board,False
36678,7833,SO2,so2,µg/m³,2019-10-14T16:00:00Z,2022-10-16T16:00:00Z,0,True,CPCB,Uttar Pradesh Pollution Control Board,False
23669,8092,NO2,no2,µg/m³,2020-02-29T21:00:00Z,2022-01-26T07:00:00Z,0,True,caaqm,Unknown Governmental Organization,True
34750,8092,SO2,so2,µg/m³,2020-02-29T21:00:00Z,2022-01-26T07:00:00Z,0,True,caaqm,Unknown Governmental Organization,True
23465,8092,O3,o3,µg/m³,2020-02-29T21:00:00Z,2022-01-26T07:00:00Z,0,True,caaqm,Unknown Governmental Organization,True
23534,8118,PM2.5,pm25,µg/m³,2016-11-09T19:00:00Z,2026-09-24T10:30:00Z,998,True,AirNow,Unknown Governmental Organization,True
12235028,8235,PM10,pm10,µg/m³,2025-02-18T20:15:00Z,2026-09-29T14:15:00Z,589,True,CPCB,Delhi Pollution Control Committee,True
12235027,8235,O3,o3,µg/m³,2025-02-18T20:45:00Z,2026-09-29T14:30:00Z,589,True,CPCB,Delhi Pollution Control Committee,True
12235024,8235,CO,co,ppb,2025-02-18T20:15:00Z,2026-09-29T14:30:00Z,589,True,CPCB,Delhi Pollution Control Committee,True
12235029,8235,PM2.5,pm25,µg/m³,2025-02-18T20:15:00Z,2026-09-29T14:30:00Z,589,True,CPCB,Delhi Pollution Control Committee,True
12235030,8235,relative_humidity,relativehumidity,%,2025-02-18T20:15:00Z,2026-09-29T14:30:00Z,589,True,CPCB,Delhi Pollution Control Committee,True
12235032,8235,temperature,temperature,c,2025-02-18T20:15:00Z,2026-09-29T14:30:00Z,589,True,CPCB,Delhi Pollution Control Committee,True
12235026,8235,NO2,no2,ppb,2025-02-18T20:15:00Z,2026-09-29T14:30:00Z,589,True,CPCB,Delhi Pollution Control Committee,True
12235031,8235,SO2,so2,ppb,2025-02-18T21:30:00Z,2026-09-29T14:30:00Z,589,True,CPCB,Delhi Pollution Control Committee,True
14340746,8235,NOx,nox,ppb,2025-10-10T18:15:00Z,2026-09-29T14:30:00Z,355,True,CPCB,Delhi Pollution Control Committee,True
14340747,8235,wind_direction,wind_direction,deg,2025-10-10T18:15:00Z,2026-09-29T14:30:00Z,355,True,CPCB,Delhi Pollution Control Committee,True
14340748,8235,wind_speed,wind_speed,m/s,2025-10-10T18:15:00Z,2026-09-29T14:30:00Z,355,True,CPCB,Delhi Pollution Control Committee,True
23998,8235,SO2,so2,µg/m³,2018-08-10T07:00:00Z,2022-10-31T00:45:00Z,0,True,CPCB,Delhi Pollution Control Committee,False
23997,8235,PM2.5,pm25,µg/m³,2018-08-10T07:00:00Z,2022-10-31T00:45:00Z,0,True,CPCB,Delhi Pollution Control Committee,False
23994,8235,NO2,no2,µg/m³,2018-08-10T07:00:00Z,2022-10-31T00:45:00Z,0,True,CPCB,Delhi Pollution Control Committee,False
23996,8235,PM10,pm10,µg/m³,2018-08-10T07:00:00Z,2022-10-31T00:45:00Z,0,True,CPCB,Delhi Pollution Control Committee,False
23995,8235,O3,o3,µg/m³,2018-08-10T07:00:00Z,2022-10-30T22:45:00Z,0,True,CPCB,Delhi Pollution Control Committee,False
23993,8235,CO,co,µg/m³,2018-08-10T07:00:00Z,2022-10-31T00:45:00Z,0,True,CPCB,Delhi Pollution Control Committee,False
12235073,8239,PM10,pm10,µg/m³,2025-02-18T20:15:00Z,2026-09-29T14:30:00Z,589,True,CPCB,Delhi Pollution Control Committee,True
12235069,8239,CO,co,ppb,2025-02-18T20:15:00Z,2026-09-29T14:30:00Z,589,True,CPCB,Delhi Pollution Control Committee,True
12235072,8239,O3,o3,µg/m³,2025-02-18T20:30:00Z,2026-09-29T14:30:00Z,589,True,CPCB,Delhi Pollution Control Committee,True
12235071,8239,NO2,no2,ppb,2025-02-18T20:15:00Z,2026-09-29T14:30:00Z,589,True,CPCB,Delhi Pollution Control Committee,True
12235077,8239,temperature,temperature,c,2025-02-18T20:15:00Z,2026-09-29T14:30:00Z,589,True,CPCB,Delhi Pollution Control Committee,True
12235075,8239,relative_humidity,relativehumidity,%,2025-02-18T20:15:00Z,2026-09-29T14:30:00Z,589,True,CPCB,Delhi Pollution Control Committee,True
12235076,8239,SO2,so2,ppb,2025-02-18T20:15:00Z,2026-09-29T14:30:00Z,589,True,CPCB,Delhi Pollution Control Committee,True
12235074,8239,PM2.5,pm25,µg/m³,2025-02-18T20:15:00Z,2026-09-29T14:30:00Z,589,True,CPCB,Delhi Pollution Control Committee,True
14340763,8239,wind_speed,wind_speed,m/s,2025-10-10T18:15:00Z,2026-09-29T14:30:00Z,355,True,CPCB,Delhi Pollution Control Committee,True
14340762,8239,wind_direction,wind_direction,deg,2025-10-10T18:15:00Z,2026-09-29T14:30:00Z,355,True,CPCB,Delhi Pollution Control Committee,True
14340761,8239,NOx,nox,ppb,2025-10-10T18:15:00Z,2026-09-29T14:30:00Z,355,True,CPCB,Delhi Pollution Control Committee,True
24008,8239,NO2,no2,µg/m³,2018-08-22T11:45:00Z,2022-10-31T00:45:00Z,0,True,CPCB,Delhi Pollution Control Committee,False
24007,8239,PM2.5,pm25,µg/m³,2018-08-22T11:45:00Z,2022-10-31T00:45:00Z,0,True,CPCB,Delhi Pollution Control Committee,False
24009,8239,SO2,so2,µg/m³,2018-12-15T15:00:00Z,2022-10-31T00:45:00Z,0,True,CPCB,Delhi Pollution Control Committee,False
24011,8239,PM10,pm10,µg/m³,2018-08-22T11:45:00Z,2022-10-31T00:45:00Z,0,True,CPCB,Delhi Pollution Control Committee,False
24010,8239,CO,co,µg/m³,2018-12-15T15:00:00Z,2022-10-31T00:45:00Z,0,True,CPCB,Delhi Pollution Control Committee,False
24012,8239,O3,o3,µg/m³,2018-12-15T15:00:00Z,2022-10-31T00:45:00Z,0,True,CPCB,Delhi Pollution Control Committee,False
12235687,8319,O3,o3,µg/m³,2025-02-18T20:15:00Z,2026-09-29T14:30:00Z,589,True,CPCB,Uttar Pradesh Pollution Control Board,True
12235684,8319,CO,co,ppb,2025-02-18T20:15:00Z,2026-09-29T14:30:00Z,589,True,CPCB,Uttar Pradesh Pollution Control Board,True
12235686,8319,NO2,no2,ppb,2025-02-18T20:15:00Z,2026-09-29T14:30:00Z,589,True,CPCB,Uttar Pradesh Pollution Control Board,True
12235690,8319,relative_humidity,relativehumidity,%,2025-02-18T20:15:00Z,2026-09-29T14:30:00Z,589,True,CPCB,Uttar Pradesh Pollution Control Board,True
12235689,8319,PM2.5,pm25,µg/m³,2025-02-18T20:15:00Z,2026-09-29T14:30:00Z,589,True,CPCB,Uttar Pradesh Pollution Control Board,True
12235688,8319,PM10,pm10,µg/m³,2025-02-18T20:15:00Z,2026-09-29T14:30:00Z,589,True,CPCB,Uttar Pradesh Pollution Control Board,True
12235691,8319,SO2,so2,ppb,2025-02-18T20:15:00Z,2026-09-29T14:30:00Z,589,True,CPCB,Uttar Pradesh Pollution Control Board,True
12235692,8319,temperature,temperature,c,2025-02-18T20:15:00Z,2026-09-29T14:30:00Z,589,True,CPCB,Uttar Pradesh Pollution Control Board,True
14340881,8319,wind_speed,wind_speed,m/s,2025-10-10T18:15:00Z,2026-09-29T14:30:00Z,355,True,CPCB,Uttar Pradesh Pollution Control Board,True
14340879,8319,NOx,nox,ppb,2025-10-10T18:15:00Z,2026-09-29T14:30:00Z,355,True,CPCB,Uttar Pradesh Pollution Control Board,True
14340880,8319,wind_direction,wind_direction,deg,2025-10-10T18:15:00Z,2026-09-29T14:30:00Z,355,True,CPCB,Uttar Pradesh Pollution Control Board,True
36523,8319,SO2,so2,µg/m³,2018-10-23T11:00:00Z,2022-10-31T02:00:00Z,0,True,CPCB,Uttar Pradesh Pollution Control Board,False
24196,8319,CO,co,µg/m³,2018-10-23T11:00:00Z,2022-10-16T16:00:00Z,0,True,CPCB,Uttar Pradesh Pollution Control Board,False
36685,8319,O3,o3,µg/m³,2018-10-23T11:00:00Z,2022-10-31T02:00:00Z,0,True,CPCB,Uttar Pradesh Pollution Control Board,False
36673,8319,NO2,no2,µg/m³,2018-10-23T11:00:00Z,2022-10-31T02:00:00Z,0,True,CPCB,Uttar Pradesh Pollution Control Board,False
36521,8319,PM2.5,pm25,µg/m³,2018-10-23T11:00:00Z,2022-10-31T02:00:00Z,0,True,CPCB,Uttar Pradesh Pollution Control Board,False
36518,8319,PM10,pm10,µg/m³,2018-10-23T11:00:00Z,2022-10-31T02:00:00Z,0,True,CPCB,Uttar Pradesh Pollution Control Board,False
12235084,8365,relative_humidity,relativehumidity,%,2025-02-18T20:15:00Z,2026-09-29T14:30:00Z,589,True,CPCB,Delhi Pollution Control Committee,True
12235085,8365,SO2,so2,ppb,2025-02-18T20:15:00Z,2026-09-29T14:15:00Z,589,True,CPCB,Delhi Pollution Control Committee,True
12235081,8365,O3,o3,µg/m³,2025-02-18T20:30:00Z,2026-09-29T14:30:00Z,589,True,CPCB,Delhi Pollution Control Committee,True
12235083,8365,PM2.5,pm25,µg/m³,2025-02-18T20:15:00Z,2026-09-29T14:30:00Z,589,True,CPCB,Delhi Pollution Control Committee,True
12235082,8365,PM10,pm10,µg/m³,2025-02-18T20:15:00Z,2026-09-29T14:30:00Z,589,True,CPCB,Delhi Pollution Control Committee,True
12235078,8365,CO,co,ppb,2025-02-18T20:15:00Z,2026-09-29T14:30:00Z,589,True,CPCB,Delhi Pollution Control Committee,True
12235086,8365,temperature,temperature,c,2025-02-18T20:15:00Z,2026-09-29T14:30:00Z,589,True,CPCB,Delhi Pollution Control Committee,True
12235080,8365,NO2,no2,ppb,2025-02-18T20:15:00Z,2026-09-29T14:30:00Z,589,True,CPCB,Delhi Pollution Control Committee,True
14341775,8365,wind_direction,wind_direction,deg,2025-10-10T20:15:00Z,2026-09-29T14:30:00Z,355,True,CPCB,Delhi Pollution Control Committee,True
14340764,8365,NOx,nox,ppb,2025-10-10T18:15:00Z,2026-09-29T14:30:00Z,355,True,CPCB,Delhi Pollution Control Committee,True
14340765,8365,wind_speed,wind_speed,m/s,2025-10-10T18:15:00Z,2026-09-29T14:30:00Z,355,True,CPCB,Delhi Pollution Control Committee,True
34799,8365,CO,co,µg/m³,2018-08-10T06:00:00Z,2022-10-31T00:45:00Z,0,True,CPCB,Delhi Pollution Control Committee,False
35010,8365,PM2.5,pm25,µg/m³,2018-08-10T06:00:00Z,2022-10-31T00:45:00Z,0,True,CPCB,Delhi Pollution Control Committee,False
35012,8365,PM10,pm10,µg/m³,2018-08-10T06:00:00Z,2022-10-31T00:45:00Z,0,True,CPCB,Delhi Pollution Control Committee,False
35009,8365,SO2,so2,µg/m³,2018-08-10T06:00:00Z,2022-10-31T00:45:00Z,0,True,CPCB,Delhi Pollution Control Committee,False
35017,8365,O3,o3,µg/m³,2018-08-10T06:00:00Z,2022-10-31T00:45:00Z,0,True,CPCB,Delhi Pollution Control Committee,False
24303,8365,NO2,no2,µg/m³,2018-08-10T06:00:00Z,2022-10-31T00:45:00Z,0,True,CPCB,Delhi Pollution Control Committee,False
12235294,8472,PM2.5,pm25,µg/m³,2025-02-18T20:15:00Z,2026-09-29T14:30:00Z,589,True,CPCB,Delhi Pollution Control Committee,True
12235293,8472,PM10,pm10,µg/m³,2025-02-18T20:15:00Z,2026-09-29T14:30:00Z,589,True,CPCB,Delhi Pollution Control Committee,True
12235297,8472,temperature,temperature,c,2025-02-18T20:15:00Z,2026-09-29T14:30:00Z,589,True,CPCB,Delhi Pollution Control Committee,True
12235295,8472,relative_humidity,relativehumidity,%,2025-02-18T20:15:00Z,2026-09-29T14:30:00Z,589,True,CPCB,Delhi Pollution Control Committee,True
12235296,8472,SO2,so2,ppb,2025-02-18T20:15:00Z,2026-09-29T14:30:00Z,589,True,CPCB,Delhi Pollution Control Committee,True
12235291,8472,NO2,no2,ppb,2025-02-18T20:15:00Z,2026-09-29T14:30:00Z,589,True,CPCB,Delhi Pollution Control Committee,True
12235292,8472,O3,o3,µg/m³,2025-02-18T20:30:00Z,2026-09-29T14:30:00Z,589,True,CPCB,Delhi Pollution Control Committee,True
12235289,8472,CO,co,ppb,2025-02-18T20:15:00Z,2026-09-29T14:30:00Z,589,True,CPCB,Delhi Pollution Control Committee,True
14340809,8472,wind_direction,wind_direction,deg,2025-10-10T18:15:00Z,2026-09-29T14:30:00Z,355,True,CPCB,Delhi Pollution Control Committee,True
14340808,8472,NOx,nox,ppb,2025-10-10T18:15:00Z,2026-09-29T14:30:00Z,355,True,CPCB,Delhi Pollution Control Committee,True
14340810,8472,wind_speed,wind_speed,m/s,2025-10-10T18:15:00Z,2026-09-29T14:30:00Z,355,True,CPCB,Delhi Pollution Control Committee,True
24602,8472,PM10,pm10,µg/m³,2018-08-10T06:15:00Z,2022-10-31T00:45:00Z,0,True,CPCB,Delhi Pollution Control Committee,False
36394,8472,NO2,no2,µg/m³,2018-08-10T06:15:00Z,2022-10-31T00:45:00Z,0,True,CPCB,Delhi Pollution Control Committee,False
36395,8472,CO,co,µg/m³,2018-08-10T06:15:00Z,2022-10-31T00:45:00Z,0,True,CPCB,Delhi Pollution Control Committee,False
36393,8472,O3,o3,µg/m³,2018-08-10T06:15:00Z,2022-10-31T00:45:00Z,0,True,CPCB,Delhi Pollution Control Committee,False
36391,8472,PM2.5,pm25,µg/m³,2018-08-10T06:15:00Z,2022-10-31T00:45:00Z,0,True,CPCB,Delhi Pollution Control Committee,False
12235109,8475,PM10,pm10,µg/m³,2025-02-18T20:15:00Z,2026-09-29T14:30:00Z,589,True,CPCB,Delhi Pollution Control Committee,True
12235107,8475,NO2,no2,ppb,2025-02-18T20:15:00Z,2026-09-29T14:30:00Z,589,True,CPCB,Delhi Pollution Control Committee,True
12235110,8475,PM2.5,pm25,µg/m³,2025-02-18T20:15:00Z,2026-09-29T14:30:00Z,589,True,CPCB,Delhi Pollution Control Committee,True
12235111,8475,relative_humidity,relativehumidity,%,2025-02-18T20:15:00Z,2026-09-29T14:30:00Z,589,True,CPCB,Delhi Pollution Control Committee,True
12235113,8475,temperature,temperature,c,2025-02-18T20:15:00Z,2026-09-29T14:30:00Z,589,True,CPCB,Delhi Pollution Control Committee,True
12235108,8475,O3,o3,µg/m³,2025-02-18T20:30:00Z,2026-09-29T14:30:00Z,589,True,CPCB,Delhi Pollution Control Committee,True
12235105,8475,CO,co,ppb,2025-02-18T20:15:00Z,2026-09-29T14:30:00Z,589,True,CPCB,Delhi Pollution Control Committee,True
12235112,8475,SO2,so2,ppb,2025-02-18T20:15:00Z,2026-09-29T14:30:00Z,589,True,CPCB,Delhi Pollution Control Committee,True
14341776,8475,wind_direction,wind_direction,deg,2025-10-11T09:30:00Z,2026-09-29T14:30:00Z,354,True,CPCB,Delhi Pollution Control Committee,True
14340772,8475,NOx,nox,ppb,2025-10-10T18:15:00Z,2026-09-29T14:30:00Z,355,True,CPCB,Delhi Pollution Control Committee,True
14340773,8475,wind_speed,wind_speed,m/s,2025-10-10T18:15:00Z,2026-09-29T14:30:00Z,355,True,CPCB,Delhi Pollution Control Committee,True
35049,8475,PM10,pm10,µg/m³,2018-08-10T08:15:00Z,2022-10-31T00:45:00Z,0,True,CPCB,Delhi Pollution Control Committee,False
24615,8475,CO,co,µg/m³,2018-08-10T08:15:00Z,2022-10-31T00:45:00Z,0,True,CPCB,Delhi Pollution Control Committee,False
35047,8475,NO2,no2,µg/m³,2018-08-10T08:15:00Z,2022-10-31T00:45:00Z,0,True,CPCB,Delhi Pollution Control Committee,False
35048,8475,O3,o3,µg/m³,2018-08-10T08:15:00Z,2022-10-31T00:45:00Z,0,True,CPCB,Delhi Pollution Control Committee,False
35051,8475,SO2,so2,µg/m³,2018-08-10T08:15:00Z,2022-10-31T00:45:00Z,0,True,CPCB,Delhi Pollution Control Committee,False
35050,8475,PM2.5,pm25,µg/m³,2018-08-10T08:15:00Z,2022-10-31T00:45:00Z,0,True,CPCB,Delhi Pollution Control Committee,False
34732,8915,NO2,no2,µg/m³,2018-12-15T15:00:00Z,2022-10-31T00:45:00Z,0,True,CPCB,Delhi Pollution Control Committee,False
34729,8915,SO2,so2,µg/m³,2018-12-15T15:00:00Z,2022-10-31T00:45:00Z,0,True,CPCB,Delhi Pollution Control Committee,False
26026,8915,PM10,pm10,µg/m³,2018-12-15T16:00:00Z,2022-10-31T00:45:00Z,0,True,CPCB,Delhi Pollution Control Committee,False
34728,8915,CO,co,µg/m³,2018-12-15T15:00:00Z,2022-10-30T23:00:00Z,0,True,CPCB,Delhi Pollution Control Committee,False
34731,8915,PM2.5,pm25,µg/m³,2018-12-15T15:00:00Z,2022-10-31T00:45:00Z,0,True,CPCB,Delhi Pollution Control Committee,False
34730,8915,O3,o3,µg/m³,2018-12-15T15:00:00Z,2022-10-31T00:45:00Z,0,True,CPCB,Delhi Pollution Control Committee,False
12235124,8915,PM2.5,pm25,µg/m³,2025-02-18T20:15:00Z,2026-09-29T14:30:00Z,589,True,CPCB,Delhi Pollution Control Committee,True
12235127,8915,temperature,temperature,c,2025-02-18T20:15:00Z,2026-09-29T14:30:00Z,589,True,CPCB,Delhi Pollution Control Committee,True
12235125,8915,relative_humidity,relativehumidity,%,2025-02-18T20:15:00Z,2026-09-29T14:30:00Z,589,True,CPCB,Delhi Pollution Control Committee,True
12235119,8915,CO,co,ppb,2025-02-18T20:15:00Z,2026-09-29T14:30:00Z,589,True,CPCB,Delhi Pollution Control Committee,True
12235122,8915,O3,o3,µg/m³,2025-02-18T20:30:00Z,2026-09-29T14:30:00Z,589,True,CPCB,Delhi Pollution Control Committee,True
12235121,8915,NO2,no2,ppb,2025-02-18T20:15:00Z,2026-09-29T14:30:00Z,589,True,CPCB,Delhi Pollution Control Committee,True
12235123,8915,PM10,pm10,µg/m³,2025-02-18T20:15:00Z,2026-09-29T14:30:00Z,589,True,CPCB,Delhi Pollution Control Committee,True
12235126,8915,SO2,so2,ppb,2025-02-18T20:15:00Z,2026-09-29T14:30:00Z,589,True,CPCB,Delhi Pollution Control Committee,True
14340776,8915,wind_direction,wind_direction,deg,2025-10-10T18:15:00Z,2026-09-29T14:30:00Z,355,True,CPCB,Delhi Pollution Control Committee,True
14340777,8915,wind_speed,wind_speed,m/s,2025-10-10T18:15:00Z,2026-09-29T14:30:00Z,355,True,CPCB,Delhi Pollution Control Committee,True
14340775,8915,NOx,nox,ppb,2025-10-10T18:15:00Z,2026-09-29T14:30:00Z,355,True,CPCB,Delhi Pollution Control Committee,True
12235005,8917,temperature,temperature,c,2025-02-18T20:15:00Z,2026-09-29T14:30:00Z,589,True,CPCB,Delhi Pollution Control Committee,True
12234997,8917,CO,co,ppb,2025-02-18T20:15:00Z,2026-09-29T14:30:00Z,589,True,CPCB,Delhi Pollution Control Committee,True
12235000,8917,O3,o3,µg/m³,2025-02-18T20:45:00Z,2026-09-29T14:30:00Z,589,True,CPCB,Delhi Pollution Control Committee,True
12234999,8917,NO2,no2,ppb,2025-02-18T20:15:00Z,2026-09-29T14:30:00Z,589,True,CPCB,Delhi Pollution Control Committee,True
12235002,8917,PM2.5,pm25,µg/m³,2025-02-18T20:15:00Z,2026-09-29T08:15:00Z,589,True,CPCB,Delhi Pollution Control Committee,True
12235003,8917,relative_humidity,relativehumidity,%,2025-02-18T20:15:00Z,2026-09-29T14:30:00Z,589,True,CPCB,Delhi Pollution Control Committee,True
12235004,8917,SO2,so2,ppb,2025-02-18T20:15:00Z,2026-09-29T14:30:00Z,589,True,CPCB,Delhi Pollution Control Committee,True
12235001,8917,PM10,pm10,µg/m³,2025-02-18T20:15:00Z,2026-09-29T14:30:00Z,589,True,CPCB,Delhi Pollution Control Committee,True
14340737,8917,NOx,nox,ppb,2025-10-10T18:15:00Z,2026-09-29T14:30:00Z,355,True,CPCB,Delhi Pollution Control Committee,True
14340738,8917,wind_direction,wind_direction,deg,2025-10-10T18:15:00Z,2026-09-29T14:30:00Z,355,True,CPCB,Delhi Pollution Control Committee,True
14340739,8917,wind_speed,wind_speed,m/s,2025-10-10T18:15:00Z,2026-09-29T14:30:00Z,355,True,CPCB,Delhi Pollution Control Committee,True
26032,8917,PM2.5,pm25,µg/m³,2018-12-15T15:00:00Z,2022-10-31T00:45:00Z,0,True,CPCB,Delhi Pollution Control Committee,False
34762,8917,CO,co,µg/m³,2018-12-15T15:00:00Z,2022-10-30T23:00:00Z,0,True,CPCB,Delhi Pollution Control Committee,False
34785,8917,PM10,pm10,µg/m³,2018-12-15T15:00:00Z,2022-10-31T00:45:00Z,0,True,CPCB,Delhi Pollution Control Committee,False
34768,8917,NO2,no2,µg/m³,2018-12-15T15:00:00Z,2022-10-31T00:45:00Z,0,True,CPCB,Delhi Pollution Control Committee,False
34786,8917,SO2,so2,µg/m³,2018-12-15T15:00:00Z,2022-10-31T00:45:00Z,0,True,CPCB,Delhi Pollution Control Committee,False
34782,8917,O3,o3,µg/m³,2018-12-15T15:00:00Z,2022-10-31T00:45:00Z,0,True,CPCB,Delhi Pollution Control Committee,False
12235314,10484,SO2,so2,ppb,2025-02-18T20:15:00Z,2026-09-29T14:30:00Z,589,True,CPCB,Delhi Pollution Control Committee,True
12235312,10484,PM2.5,pm25,µg/m³,2025-02-18T20:15:00Z,2026-09-29T14:30:00Z,589,True,CPCB,Delhi Pollution Control Committee,True
12235313,10484,relative_humidity,relativehumidity,%,2025-02-18T20:15:00Z,2026-09-29T14:30:00Z,589,True,CPCB,Delhi Pollution Control Committee,True
12235307,10484,CO,co,ppb,2025-02-18T20:15:00Z,2026-09-29T14:30:00Z,589,True,CPCB,Delhi Pollution Control Committee,True
12235309,10484,NO2,no2,ppb,2025-02-18T20:15:00Z,2026-09-29T14:30:00Z,589,True,CPCB,Delhi Pollution Control Committee,True
12235311,10484,PM10,pm10,µg/m³,2025-02-18T20:15:00Z,2026-09-29T14:30:00Z,589,True,CPCB,Delhi Pollution Control Committee,True
12235310,10484,O3,o3,µg/m³,2025-02-18T20:30:00Z,2026-09-29T14:30:00Z,589,True,CPCB,Delhi Pollution Control Committee,True
12235315,10484,temperature,temperature,c,2025-02-18T20:15:00Z,2026-09-29T14:30:00Z,589,True,CPCB,Delhi Pollution Control Committee,True
14340814,10484,NOx,nox,ppb,2025-10-10T18:15:00Z,2026-09-29T14:30:00Z,355,True,CPCB,Delhi Pollution Control Committee,True
14340815,10484,wind_direction,wind_direction,deg,2025-10-10T18:15:00Z,2026-09-29T14:30:00Z,355,True,CPCB,Delhi Pollution Control Committee,True
14340816,10484,wind_speed,wind_speed,m/s,2025-10-10T18:15:00Z,2026-09-29T14:30:00Z,355,True,CPCB,Delhi Pollution Control Committee,True
34757,10484,O3,o3,µg/m³,2018-12-15T15:00:00Z,2022-10-31T00:45:00Z,0,True,CPCB,Delhi Pollution Control Committee,False
34772,10484,PM2.5,pm25,µg/m³,2018-12-15T16:00:00Z,2022-10-31T00:45:00Z,0,True,CPCB,Delhi Pollution Control Committee,False
34758,10484,NO2,no2,µg/m³,2018-12-15T15:00:00Z,2022-10-31T00:45:00Z,0,True,CPCB,Delhi Pollution Control Committee,False
34761,10484,CO,co,µg/m³,2018-12-15T15:00:00Z,2022-10-31T00:45:00Z,0,True,CPCB,Delhi Pollution Control Committee,False
34759,10484,SO2,so2,µg/m³,2018-12-15T15:00:00Z,2022-10-31T00:45:00Z,0,True,CPCB,Delhi Pollution Control Committee,False
34781,10484,PM10,pm10,µg/m³,2018-12-15T15:00:00Z,2022-10-31T00:45:00Z,0,True,CPCB,Delhi Pollution Control Committee,False
34792,10485,O3,o3,µg/m³,2018-08-10T05:45:00Z,2022-10-31T00:45:00Z,0,True,CPCB,Delhi Pollution Control Committee,False
34776,10485,CO,co,µg/m³,2018-08-10T05:45:00Z,2022-10-31T00:45:00Z,0,True,CPCB,Delhi Pollution Control Committee,False
34790,10485,PM2.5,pm25,µg/m³,2018-08-10T05:45:00Z,2022-10-31T00:45:00Z,0,True,CPCB,Delhi Pollution Control Committee,False
34789,10485,SO2,so2,µg/m³,2018-08-10T05:45:00Z,2022-10-31T00:45:00Z,0,True,CPCB,Delhi Pollution Control Committee,False
34760,10485,NO2,no2,µg/m³,2018-08-10T05:45:00Z,2022-10-31T00:45:00Z,0,True,CPCB,Delhi Pollution Control Committee,False
34791,10485,PM10,pm10,µg/m³,2018-08-10T05:45:00Z,2022-10-31T00:45:00Z,0,True,CPCB,Delhi Pollution Control Committee,False
12235051,10485,CO,co,ppb,2025-02-18T20:15:00Z,2026-09-29T14:30:00Z,589,True,CPCB,Delhi Pollution Control Committee,True
12235058,10485,SO2,so2,ppb,2025-02-18T20:15:00Z,2026-09-29T14:30:00Z,589,True,CPCB,Delhi Pollution Control Committee,True
12235057,10485,relative_humidity,relativehumidity,%,2025-02-18T20:15:00Z,2026-09-29T14:30:00Z,589,True,CPCB,Delhi Pollution Control Committee,True
12235059,10485,temperature,temperature,c,2025-02-18T20:15:00Z,2026-09-29T14:30:00Z,589,True,CPCB,Delhi Pollution Control Committee,True
12235055,10485,PM10,pm10,µg/m³,2025-02-18T20:15:00Z,2026-09-29T14:30:00Z,589,True,CPCB,Delhi Pollution Control Committee,True
12235053,10485,NO2,no2,ppb,2025-02-18T20:15:00Z,2026-09-29T14:30:00Z,589,True,CPCB,Delhi Pollution Control Committee,True
12235056,10485,PM2.5,pm25,µg/m³,2025-02-18T20:15:00Z,2026-09-29T14:30:00Z,589,True,CPCB,Delhi Pollution Control Committee,True
12235054,10485,O3,o3,µg/m³,2025-02-18T20:30:00Z,2026-09-29T14:30:00Z,589,True,CPCB,Delhi Pollution Control Committee,True
14340756,10485,wind_direction,wind_direction,deg,2025-10-10T18:15:00Z,2026-09-29T14:30:00Z,355,True,CPCB,Delhi Pollution Control Committee,True
14340755,10485,NOx,nox,ppb,2025-10-10T18:15:00Z,2026-09-29T14:30:00Z,355,True,CPCB,Delhi Pollution Control Committee,True
14340757,10485,wind_speed,wind_speed,m/s,2025-10-10T18:15:00Z,2026-09-29T14:30:00Z,355,True,CPCB,Delhi Pollution Control Committee,True
12235306,10486,temperature,temperature,c,2025-02-18T20:15:00Z,2026-09-29T14:30:00Z,589,True,CPCB,Delhi Pollution Control Committee,True
12235300,10486,NO2,no2,ppb,2025-02-18T20:15:00Z,2026-09-29T14:30:00Z,589,True,CPCB,Delhi Pollution Control Committee,True
12235302,10486,PM10,pm10,µg/m³,2025-02-18T20:15:00Z,2026-09-29T14:30:00Z,589,True,CPCB,Delhi Pollution Control Committee,True
12235304,10486,relative_humidity,relativehumidity,%,2025-02-18T20:15:00Z,2026-09-29T14:30:00Z,589,True,CPCB,Delhi Pollution Control Committee,True
12235305,10486,SO2,so2,ppb,2025-02-18T20:15:00Z,2026-09-29T14:30:00Z,589,True,CPCB,Delhi Pollution Control Committee,True
12235298,10486,CO,co,ppb,2025-02-18T20:15:00Z,2026-09-29T14:15:00Z,589,True,CPCB,Delhi Pollution Control Committee,True
12235303,10486,PM2.5,pm25,µg/m³,2025-02-18T20:15:00Z,2026-09-29T14:30:00Z,589,True,CPCB,Delhi Pollution Control Committee,True
12235301,10486,O3,o3,µg/m³,2025-02-18T20:45:00Z,2026-09-29T14:00:00Z,589,True,CPCB,Delhi Pollution Control Committee,True
14340811,10486,NOx,nox,ppb,2025-10-10T18:15:00Z,2026-09-29T14:30:00Z,355,True,CPCB,Delhi Pollution Control Committee,True
14340812,10486,wind_direction,wind_direction,deg,2025-10-10T18:15:00Z,2026-09-29T14:30:00Z,355,True,CPCB,Delhi Pollution Control Committee,True
14340813,10486,wind_speed,wind_speed,m/s,2025-10-10T18:15:00Z,2026-09-29T14:30:00Z,355,True,CPCB,Delhi Pollution Control Committee,True
34766,10486,PM10,pm10,µg/m³,2018-12-15T15:00:00Z,2022-10-31T00:45:00Z,0,True,CPCB,Delhi Pollution Control Committee,False
34769,10486,SO2,so2,µg/m³,2018-12-15T15:00:00Z,2022-10-31T00:45:00Z,0,True,CPCB,Delhi Pollution Control Committee,False
34764,10486,NO2,no2,µg/m³,2018-12-15T15:00:00Z,2022-10-31T00:45:00Z,0,True,CPCB,Delhi Pollution Control Committee,False
34767,10486,PM2.5,pm25,µg/m³,2018-12-15T15:00:00Z,2022-10-31T00:45:00Z,0,True,CPCB,Delhi Pollution Control Committee,False
34765,10486,O3,o3,µg/m³,2018-12-15T15:00:00Z,2022-10-31T00:45:00Z,0,True,CPCB,Delhi Pollution Control Committee,False
34763,10486,CO,co,µg/m³,2018-12-15T15:00:00Z,2022-10-31T00:45:00Z,0,True,CPCB,Delhi Pollution Control Committee,False
34780,10487,PM10,pm10,µg/m³,2018-08-13T11:00:00Z,2021-09-20T07:45:00Z,0,True,caaqm,Unknown Governmental Organization,True
34783,10487,O3,o3,µg/m³,2018-08-13T11:00:00Z,2021-09-20T07:45:00Z,0,True,caaqm,Unknown Governmental Organization,True
34784,10487,NO2,no2,µg/m³,2018-08-13T11:00:00Z,2021-09-20T07:45:00Z,0,True,caaqm,Unknown Governmental Organization,True
34771,10487,PM2.5,pm25,µg/m³,2018-08-13T11:00:00Z,2021-09-20T05:45:00Z,0,True,caaqm,Unknown Governmental Organization,True
34770,10487,SO2,so2,µg/m³,2018-08-13T11:00:00Z,2021-09-20T07:45:00Z,0,True,caaqm,Unknown Governmental Organization,True
34787,10487,CO,co,µg/m³,2018-08-13T11:30:00Z,2021-09-20T07:45:00Z,0,True,caaqm,Unknown Governmental Organization,True
12235067,10488,SO2,so2,ppb,2025-02-18T20:15:00Z,2026-09-29T14:30:00Z,589,True,CPCB,Delhi Pollution Control Committee,True
12235064,10488,PM10,pm10,µg/m³,2025-02-18T20:15:00Z,2026-09-29T14:30:00Z,589,True,CPCB,Delhi Pollution Control Committee,True
12235062,10488,NO2,no2,ppb,2025-02-18T20:15:00Z,2026-09-29T14:30:00Z,589,True,CPCB,Delhi Pollution Control Committee,True
12235066,10488,relative_humidity,relativehumidity,%,2025-02-18T20:15:00Z,2026-09-29T14:30:00Z,589,True,CPCB,Delhi Pollution Control Committee,True
12235063,10488,O3,o3,µg/m³,2025-02-18T20:30:00Z,2026-09-29T14:30:00Z,589,True,CPCB,Delhi Pollution Control Committee,True
12235060,10488,CO,co,ppb,2025-02-18T20:15:00Z,2026-09-29T14:30:00Z,589,True,CPCB,Delhi Pollution Control Committee,True
12235068,10488,temperature,temperature,c,2025-02-18T20:15:00Z,2026-09-29T14:30:00Z,589,True,CPCB,Delhi Pollution Control Committee,True
12235065,10488,PM2.5,pm25,µg/m³,2025-02-18T20:15:00Z,2026-09-29T14:30:00Z,589,True,CPCB,Delhi Pollution Control Committee,True
14340758,10488,NOx,nox,ppb,2025-10-10T18:15:00Z,2026-09-29T14:30:00Z,355,True,CPCB,Delhi Pollution Control Committee,True
14340759,10488,wind_direction,wind_direction,deg,2025-10-10T18:15:00Z,2026-09-29T14:30:00Z,355,True,CPCB,Delhi Pollution Control Committee,True
14340760,10488,wind_speed,wind_speed,m/s,2025-10-10T18:15:00Z,2026-09-29T14:30:00Z,355,True,CPCB,Delhi Pollution Control Committee,True
34775,10488,PM10,pm10,µg/m³,2018-12-15T15:00:00Z,2022-10-31T00:45:00Z,0,True,CPCB,Delhi Pollution Control Committee,False
34774,10488,PM2.5,pm25,µg/m³,2018-12-15T15:00:00Z,2022-10-31T00:45:00Z,0,True,CPCB,Delhi Pollution Control Committee,False
34777,10488,O3,o3,µg/m³,2018-12-15T15:00:00Z,2022-10-30T22:15:00Z,0,True,CPCB,Delhi Pollution Control Committee,False
34773,10488,SO2,so2,µg/m³,2018-12-20T21:15:00Z,2022-10-31T00:45:00Z,0,True,CPCB,Delhi Pollution Control Committee,False
34778,10488,NO2,no2,µg/m³,2018-12-15T15:00:00Z,2022-10-31T00:45:00Z,0,True,CPCB,Delhi Pollution Control Committee,False
34779,10488,CO,co,µg/m³,2018-12-15T15:00:00Z,2022-10-31T00:45:00Z,0,True,CPCB,Delhi Pollution Control Committee,False
35015,10489,SO2,so2,µg/m³,2020-01-20T08:15:00Z,2022-10-31T01:45:00Z,0,True,caaqm,Unknown Governmental Organization,True
34793,10489,PM10,pm10,µg/m³,2020-01-20T08:15:00Z,2022-10-31T01:45:00Z,0,True,caaqm,Unknown Governmental Organization,True
34823,10489,CO,co,µg/m³,2020-01-20T08:15:00Z,2022-10-31T01:45:00Z,0,True,caaqm,Unknown Governmental Organization,True
34821,10489,NO2,no2,µg/m³,2020-01-20T08:15:00Z,2022-10-31T01:45:00Z,0,True,caaqm,Unknown Governmental Organization,True
35016,10489,PM2.5,pm25,µg/m³,2020-01-20T08:15:00Z,2022-10-31T01:45:00Z,0,True,caaqm,Unknown Governmental Organization,True
34816,10489,O3,o3,µg/m³,2020-01-20T08:15:00Z,2022-10-31T01:45:00Z,0,True,caaqm,Unknown Governmental Organization,True
12234836,10545,CO,co,ppb,2025-02-18T20:15:00Z,2026-09-29T14:30:00Z,589,True,CPCB,Rajasthan State Pollution Control Board,True
12234840,10545,PM10,pm10,µg/m³,2025-02-18T20:15:00Z,2026-09-29T14:30:00Z,589,True,CPCB,Rajasthan State Pollution Control Board,True
12234841,10545,PM2.5,pm25,µg/m³,2025-02-18T20:15:00Z,2026-09-29T14:30:00Z,589,True,CPCB,Rajasthan State Pollution Control Board,True
12234838,10545,NO2,no2,ppb,2025-02-18T20:15:00Z,2026-09-29T14:30:00Z,589,True,CPCB,Rajasthan State Pollution Control Board,True
12234843,10545,SO2,so2,ppb,2025-02-18T20:15:00Z,2026-09-29T14:30:00Z,589,True,CPCB,Rajasthan State Pollution Control Board,True
12234839,10545,O3,o3,µg/m³,2025-02-18T20:15:00Z,2026-09-29T14:30:00Z,589,True,CPCB,Rajasthan State Pollution Control Board,True
12234842,10545,relative_humidity,relativehumidity,%,2025-02-18T20:15:00Z,2026-09-29T14:30:00Z,589,True,CPCB,Rajasthan State Pollution Control Board,True
12234844,10545,temperature,temperature,c,2025-02-18T20:15:00Z,2026-06-23T11:00:00Z,491,True,CPCB,Rajasthan State Pollution Control Board,True
14341738,10545,wind_speed,wind_speed,m/s,2025-10-10T20:15:00Z,2026-09-29T14:30:00Z,355,True,CPCB,Rajasthan State Pollution Control Board,True
14341736,10545,NOx,nox,ppb,2025-10-10T20:15:00Z,2026-09-29T14:30:00Z,355,True,CPCB,Rajasthan State Pollution Control Board,True
14341737,10545,wind_direction,wind_direction,deg,2025-10-10T20:15:00Z,2026-09-29T14:30:00Z,355,True,CPCB,Rajasthan State Pollution Control Board,True
34992,10545,PM10,pm10,µg/m³,2018-04-16T03:15:00Z,2022-10-31T01:45:00Z,0,True,CPCB,Rajasthan State Pollution Control Board,False
34993,10545,O3,o3,µg/m³,2018-08-10T06:00:00Z,2022-10-31T01:45:00Z,0,True,CPCB,Rajasthan State Pollution Control Board,False
34986,10545,SO2,so2,µg/m³,2018-04-16T03:15:00Z,2022-10-31T01:45:00Z,0,True,CPCB,Rajasthan State Pollution Control Board,False
34995,10545,CO,co,µg/m³,2018-04-16T03:15:00Z,2022-10-31T01:45:00Z,0,True,CPCB,Rajasthan State Pollution Control Board,False
34991,10545,PM2.5,pm25,µg/m³,2018-04-16T03:15:00Z,2022-10-31T01:45:00Z,0,True,CPCB,Rajasthan State Pollution Control Board,False
34994,10545,NO2,no2,µg/m³,2018-04-16T03:15:00Z,2022-10-31T01:45:00Z,0,True,CPCB,Rajasthan State Pollution Control Board,False
35765,10695,PM2.5,pm25,µg/m³,2020-01-30T10:00:00Z,2021-11-23T11:45:00Z,0,True,caaqm,Unknown Governmental Organization,True
35653,10695,NO2,no2,µg/m³,2020-01-30T10:00:00Z,2021-11-23T11:45:00Z,0,True,caaqm,Unknown Governmental Organization,True
35625,10695,CO,co,µg/m³,2020-01-30T10:00:00Z,2021-11-23T11:45:00Z,0,True,caaqm,Unknown Governmental Organization,True
35666,10695,PM10,pm10,µg/m³,2020-01-30T10:00:00Z,2021-11-23T11:45:00Z,0,True,caaqm,Unknown Governmental Organization,True
35842,10695,SO2,so2,µg/m³,2020-01-30T10:00:00Z,2021-11-23T11:45:00Z,0,True,caaqm,Unknown Governmental Organization,True
12236220,10725,SO2,so2,ppb,2025-02-18T20:15:00Z,2026-09-29T14:30:00Z,589,True,CPCB,Haryana State Pollution Control Board,True
12236221,10725,temperature,temperature,c,2025-02-18T20:15:00Z,2026-09-29T14:30:00Z,589,True,CPCB,Haryana State Pollution Control Board,True
12236216,10725,O3,o3,µg/m³,2025-02-18T20:15:00Z,2026-09-29T14:30:00Z,589,True,CPCB,Haryana State Pollution Control Board,True
12236218,10725,PM2.5,pm25,µg/m³,2025-02-18T20:15:00Z,2026-09-29T14:30:00Z,589,True,CPCB,Haryana State Pollution Control Board,True
12236219,10725,relative_humidity,relativehumidity,%,2025-02-18T20:15:00Z,2026-09-29T14:30:00Z,589,True,CPCB,Haryana State Pollution Control Board,True
12236217,10725,PM10,pm10,µg/m³,2025-02-18T20:15:00Z,2026-09-29T14:30:00Z,589,True,CPCB,Haryana State Pollution Control Board,True
12236213,10725,CO,co,ppb,2025-02-18T20:15:00Z,2026-09-29T14:30:00Z,589,True,CPCB,Haryana State Pollution Control Board,True
12236215,10725,NO2,no2,ppb,2025-02-18T20:15:00Z,2026-09-29T14:30:00Z,589,True,CPCB,Haryana State Pollution Control Board,True
14342024,10725,wind_direction,wind_direction,deg,2025-10-10T20:15:00Z,2026-09-29T14:30:00Z,355,True,CPCB,Haryana State Pollution Control Board,True
14342023,10725,NOx,nox,ppb,2025-10-10T20:15:00Z,2026-09-29T14:30:00Z,355,True,CPCB,Haryana State Pollution Control Board,True
14342025,10725,wind_speed,wind_speed,m/s,2025-10-10T20:15:00Z,2026-09-29T14:30:00Z,355,True,CPCB,Haryana State Pollution Control Board,True
35756,10725,O3,o3,µg/m³,2020-04-23T08:00:00Z,2022-10-16T16:00:00Z,0,True,CPCB,Haryana State Pollution Control Board,False
35760,10725,CO,co,µg/m³,2020-04-23T08:00:00Z,2022-10-16T16:00:00Z,0,True,CPCB,Haryana State Pollution Control Board,False
35757,10725,NO2,no2,µg/m³,2020-04-23T08:00:00Z,2022-10-16T16:00:00Z,0,True,CPCB,Haryana State Pollution Control Board,False
35755,10725,PM10,pm10,µg/m³,2020-04-23T08:00:00Z,2022-10-16T16:00:00Z,0,True,CPCB,Haryana State Pollution Control Board,False
35741,10725,PM2.5,pm25,µg/m³,2020-04-23T08:00:00Z,2022-10-16T16:00:00Z,0,True,CPCB,Haryana State Pollution Control Board,False
35739,10725,SO2,so2,µg/m³,2020-04-23T08:00:00Z,2022-10-16T16:00:00Z,0,True,CPCB,Haryana State Pollution Control Board,False
12236231,10820,CO,co,ppb,2025-02-18T20:15:00Z,2026-09-29T14:30:00Z,589,True,CPCB,Haryana State Pollution Control Board,True
12236237,10820,relative_humidity,relativehumidity,%,2025-02-18T20:15:00Z,2026-09-29T14:30:00Z,589,True,CPCB,Haryana State Pollution Control Board,True
12236239,10820,temperature,temperature,c,2025-02-18T20:15:00Z,2026-06-22T09:00:00Z,490,True,CPCB,Haryana State Pollution Control Board,True
12236235,10820,PM10,pm10,µg/m³,2025-02-18T20:15:00Z,2026-09-29T14:30:00Z,589,True,CPCB,Haryana State Pollution Control Board,True
12236238,10820,SO2,so2,ppb,2025-02-18T20:15:00Z,2026-09-29T14:30:00Z,589,True,CPCB,Haryana State Pollution Control Board,True
12236234,10820,O3,o3,µg/m³,2025-02-18T20:15:00Z,2026-09-29T14:30:00Z,589,True,CPCB,Haryana State Pollution Control Board,True
12236233,10820,NO2,no2,ppb,2025-02-18T20:15:00Z,2026-09-29T14:30:00Z,589,True,CPCB,Haryana State Pollution Control Board,True
12236236,10820,PM2.5,pm25,µg/m³,2025-02-18T20:15:00Z,2026-09-29T14:30:00Z,589,True,CPCB,Haryana State Pollution Control Board,True
14342030,10820,wind_direction,wind_direction,deg,2025-10-10T21:30:00Z,2026-09-29T14:30:00Z,355,True,CPCB,Haryana State Pollution Control Board,True
14342029,10820,NOx,nox,ppb,2025-10-10T21:30:00Z,2026-09-29T14:30:00Z,355,True,CPCB,Haryana State Pollution Control Board,True
14342031,10820,wind_speed,wind_speed,m/s,2025-10-10T20:15:00Z,2026-09-29T14:30:00Z,355,True,CPCB,Haryana State Pollution Control Board,True
12236259,10825,PM2.5,pm25,µg/m³,2025-02-18T20:15:00Z,2026-09-29T14:30:00Z,589,True,CPCB,Haryana State Pollution Control Board,True
12236261,10825,SO2,so2,ppb,2025-02-18T20:15:00Z,2026-09-29T14:30:00Z,589,True,CPCB,Haryana State Pollution Control Board,True
12236262,10825,temperature,temperature,c,2025-02-18T20:15:00Z,2026-09-29T14:30:00Z,589,True,CPCB,Haryana State Pollution Control Board,True
12236260,10825,relative_humidity,relativehumidity,%,2025-02-18T20:15:00Z,2026-09-29T14:30:00Z,589,True,CPCB,Haryana State Pollution Control Board,True
12236258,10825,PM10,pm10,µg/m³,2025-02-18T20:15:00Z,2026-09-29T14:30:00Z,589,True,CPCB,Haryana State Pollution Control Board,True
12236254,10825,CO,co,ppb,2025-02-18T20:15:00Z,2026-09-29T14:30:00Z,589,True,CPCB,Haryana State Pollution Control Board,True
12236256,10825,NO2,no2,ppb,2025-02-18T20:15:00Z,2026-09-29T14:30:00Z,589,True,CPCB,Haryana State Pollution Control Board,True
12236257,10825,O3,o3,µg/m³,2025-02-18T20:15:00Z,2026-09-29T14:30:00Z,589,True,CPCB,Haryana State Pollution Control Board,True
14342036,10825,wind_direction,wind_direction,deg,2025-10-10T20:15:00Z,2026-09-29T14:30:00Z,355,True,CPCB,Haryana State Pollution Control Board,True
14342035,10825,NOx,nox,ppb,2025-10-10T20:15:00Z,2026-09-29T14:30:00Z,355,True,CPCB,Haryana State Pollution Control Board,True
14342037,10825,wind_speed,wind_speed,m/s,2025-10-10T20:15:00Z,2026-09-29T14:30:00Z,355,True,CPCB,Haryana State Pollution Control Board,True
36180,10825,PM10,pm10,µg/m³,2020-03-11T09:00:00Z,2022-10-16T16:00:00Z,0,True,CPCB,Haryana State Pollution Control Board,False
36178,10825,NO2,no2,µg/m³,2020-03-11T09:00:00Z,2022-10-16T16:00:00Z,0,True,CPCB,Haryana State Pollution Control Board,False
36179,10825,O3,o3,µg/m³,2020-03-11T09:00:00Z,2022-10-16T16:00:00Z,0,True,CPCB,Haryana State Pollution Control Board,False
36181,10825,PM2.5,pm25,µg/m³,2020-03-11T09:00:00Z,2022-10-16T16:00:00Z,0,True,CPCB,Haryana State Pollution Control Board,False
36177,10825,CO,co,µg/m³,2020-03-11T09:00:00Z,2022-10-16T16:00:00Z,0,True,CPCB,Haryana State Pollution Control Board,False
36182,10825,SO2,so2,µg/m³,2020-03-11T09:00:00Z,2022-10-16T16:00:00Z,0,True,CPCB,Haryana State Pollution Control Board,False
12235090,10831,O3,o3,µg/m³,2025-02-18T20:45:00Z,2026-09-29T14:30:00Z,589,True,CPCB,Delhi Pollution Control Committee,True
12235091,10831,PM10,pm10,µg/m³,2025-02-18T20:15:00Z,2026-09-29T14:30:00Z,589,True,CPCB,Delhi Pollution Control Committee,True
12235087,10831,CO,co,ppb,2025-02-18T20:15:00Z,2026-09-29T14:30:00Z,589,True,CPCB,Delhi Pollution Control Committee,True
12235093,10831,relative_humidity,relativehumidity,%,2025-02-18T20:15:00Z,2026-09-29T14:30:00Z,589,True,CPCB,Delhi Pollution Control Committee,True
12235089,10831,NO2,no2,ppb,2025-02-18T20:15:00Z,2026-09-29T14:30:00Z,589,True,CPCB,Delhi Pollution Control Committee,True
12235092,10831,PM2.5,pm25,µg/m³,2025-02-18T20:30:00Z,2026-09-29T14:30:00Z,589,True,CPCB,Delhi Pollution Control Committee,True
12235094,10831,SO2,so2,ppb,2025-02-18T20:15:00Z,2026-09-29T14:30:00Z,589,True,CPCB,Delhi Pollution Control Committee,True
12235095,10831,temperature,temperature,c,2025-02-18T20:15:00Z,2026-09-29T14:30:00Z,589,True,CPCB,Delhi Pollution Control Committee,True
14340767,10831,wind_direction,wind_direction,deg,2025-10-10T18:15:00Z,2026-09-29T14:30:00Z,355,True,CPCB,Delhi Pollution Control Committee,True
14340768,10831,wind_speed,wind_speed,m/s,2025-10-10T18:15:00Z,2026-09-29T14:30:00Z,355,True,CPCB,Delhi Pollution Control Committee,True
14340766,10831,NOx,nox,ppb,2025-10-10T18:15:00Z,2026-09-29T14:30:00Z,355,True,CPCB,Delhi Pollution Control Committee,True
36399,10831,PM2.5,pm25,µg/m³,2018-08-10T06:15:00Z,2022-10-31T00:45:00Z,0,True,CPCB,Delhi Pollution Control Committee,False
36382,10831,PM10,pm10,µg/m³,2018-08-10T06:00:00Z,2022-10-31T00:45:00Z,0,True,CPCB,Delhi Pollution Control Committee,False
36208,10831,CO,co,µg/m³,2018-08-10T06:00:00Z,2022-10-30T20:30:00Z,0,True,CPCB,Delhi Pollution Control Committee,False
36209,10831,NO2,no2,µg/m³,2018-08-10T06:00:00Z,2022-10-31T00:45:00Z,0,True,CPCB,Delhi Pollution Control Committee,False
36449,10831,SO2,so2,µg/m³,2018-08-10T06:00:00Z,2022-10-31T00:45:00Z,0,True,CPCB,Delhi Pollution Control Committee,False
36213,10831,O3,o3,µg/m³,2018-08-10T06:00:00Z,2022-10-31T00:45:00Z,0,True,CPCB,Delhi Pollution Control Committee,False
12236251,10900,PM2.5,pm25,µg/m³,2025-02-18T20:15:00Z,2026-09-29T14:30:00Z,589,True,CPCB,Haryana State Pollution Control Board,True
12236249,10900,O3,o3,µg/m³,2025-02-18T20:15:00Z,2026-09-29T14:30:00Z,589,True,CPCB,Haryana State Pollution Control Board,True
12236252,10900,relative_humidity,relativehumidity,%,2025-02-18T20:15:00Z,2026-09-29T14:30:00Z,589,True,CPCB,Haryana State Pollution Control Board,True
12236250,10900,PM10,pm10,µg/m³,2025-02-18T20:15:00Z,2026-09-29T14:30:00Z,589,True,CPCB,Haryana State Pollution Control Board,True
12236253,10900,temperature,temperature,c,2025-02-18T20:15:00Z,2026-09-29T14:30:00Z,589,True,CPCB,Haryana State Pollution Control Board,True
14340983,10900,wind_direction,wind_direction,deg,2025-10-10T18:15:00Z,2026-09-29T14:30:00Z,355,True,CPCB,Haryana State Pollution Control Board,True
14340984,10900,wind_speed,wind_speed,m/s,2025-10-10T18:15:00Z,2026-09-29T14:30:00Z,355,True,CPCB,Haryana State Pollution Control Board,True
14516015,10900,CO,co,ppb,2025-10-31T12:45:00Z,2026-09-29T14:30:00Z,334,True,CPCB,Haryana State Pollution Control Board,True
14516016,10900,SO2,so2,ppb,2025-10-31T12:45:00Z,2026-09-29T14:30:00Z,334,True,CPCB,Haryana State Pollution Control Board,True
14573420,10900,NO2,no2,ppb,2025-11-07T05:30:00Z,2026-09-29T14:30:00Z,327,True,CPCB,Haryana State Pollution Control Board,True
14728528,10900,NOx,nox,ppb,2025-11-26T08:30:00Z,2026-09-29T14:30:00Z,308,True,CPCB,Haryana State Pollution Control Board,True
36539,10900,PM2.5,pm25,µg/m³,2020-03-30T16:00:00Z,2022-10-16T16:00:00Z,0,True,CPCB,Haryana State Pollution Control Board,False
36540,10900,SO2,so2,µg/m³,2020-03-30T16:00:00Z,2022-10-16T16:00:00Z,0,True,CPCB,Haryana State Pollution Control Board,False
36535,10900,NO2,no2,µg/m³,2020-03-30T16:00:00Z,2022-10-16T16:00:00Z,0,True,CPCB,Haryana State Pollution Control Board,False
36538,10900,PM10,pm10,µg/m³,2020-03-30T16:00:00Z,2022-10-16T16:00:00Z,0,True,CPCB,Haryana State Pollution Control Board,False
36534,10900,CO,co,µg/m³,2020-03-30T16:00:00Z,2022-10-16T16:00:00Z,0,True,CPCB,Haryana State Pollution Control Board,False
36536,10900,O3,o3,µg/m³,2020-03-30T16:00:00Z,2022-10-16T16:00:00Z,0,True,CPCB,Haryana State Pollution Control Board,False
36577,10905,NO2,no2,µg/m³,2019-08-07T07:00:00Z,2022-10-31T02:00:00Z,0,True,caaqm,Unknown Governmental Organization,True
36601,10905,PM2.5,pm25,µg/m³,2019-08-07T07:00:00Z,2022-10-31T02:00:00Z,0,True,caaqm,Unknown Governmental Organization,True
36552,10905,PM10,pm10,µg/m³,2019-08-07T07:00:00Z,2022-10-31T02:00:00Z,0,True,caaqm,Unknown Governmental Organization,True
36578,10905,CO,co,µg/m³,2019-08-07T07:00:00Z,2022-10-31T02:00:00Z,0,True,caaqm,Unknown Governmental Organization,True
36576,10905,O3,o3,µg/m³,2019-08-07T07:00:00Z,2022-10-31T02:00:00Z,0,True,caaqm,Unknown Governmental Organization,True
36682,10905,SO2,so2,µg/m³,2019-08-07T07:00:00Z,2022-10-31T02:00:00Z,0,True,caaqm,Unknown Governmental Organization,True
36568,10906,CO,co,µg/m³,2020-01-02T08:00:00Z,2022-10-16T16:00:00Z,0,True,caaqm,Unknown Governmental Organization,True
36556,10906,PM2.5,pm25,µg/m³,2020-01-02T08:00:00Z,2022-10-16T16:00:00Z,0,True,caaqm,Unknown Governmental Organization,True
36567,10906,NO2,no2,µg/m³,2020-01-02T08:00:00Z,2022-10-16T16:00:00Z,0,True,caaqm,Unknown Governmental Organization,True
36565,10906,O3,o3,µg/m³,2020-01-02T08:00:00Z,2022-10-16T16:00:00Z,0,True,caaqm,Unknown Governmental Organization,True
36557,10906,PM10,pm10,µg/m³,2020-01-02T08:00:00Z,2022-10-16T16:00:00Z,0,True,caaqm,Unknown Governmental Organization,True
36553,10906,SO2,so2,µg/m³,2020-01-02T08:00:00Z,2022-10-16T16:00:00Z,0,True,caaqm,Unknown Governmental Organization,True
12236152,10907,PM10,pm10,µg/m³,2025-02-18T20:15:00Z,2026-09-29T14:30:00Z,589,True,CPCB,Madhya Pradesh Pollution Control Board,True
12236154,10907,relative_humidity,relativehumidity,%,2025-02-18T20:15:00Z,2026-09-29T14:30:00Z,589,True,CPCB,Madhya Pradesh Pollution Control Board,True
12236156,10907,temperature,temperature,c,2025-02-18T20:15:00Z,2026-09-29T14:30:00Z,589,True,CPCB,Madhya Pradesh Pollution Control Board,True
12236148,10907,CO,co,ppb,2025-02-18T20:15:00Z,2026-09-29T14:30:00Z,589,True,CPCB,Madhya Pradesh Pollution Control Board,True
12236151,10907,O3,o3,µg/m³,2025-02-18T20:15:00Z,2026-09-29T14:30:00Z,589,True,CPCB,Madhya Pradesh Pollution Control Board,True
12236155,10907,SO2,so2,ppb,2025-02-18T20:15:00Z,2026-09-29T14:30:00Z,589,True,CPCB,Madhya Pradesh Pollution Control Board,True
12236153,10907,PM2.5,pm25,µg/m³,2025-02-18T20:15:00Z,2026-09-29T14:30:00Z,589,True,CPCB,Madhya Pradesh Pollution Control Board,True
12236150,10907,NO2,no2,ppb,2025-02-18T20:15:00Z,2026-09-29T14:30:00Z,589,True,CPCB,Madhya Pradesh Pollution Control Board,True
14340982,10907,wind_speed,wind_speed,m/s,2025-10-10T18:15:00Z,2026-09-29T14:30:00Z,355,True,CPCB,Madhya Pradesh Pollution Control Board,True
14340981,10907,wind_direction,wind_direction,deg,2025-10-10T18:15:00Z,2026-09-29T14:30:00Z,355,True,CPCB,Madhya Pradesh Pollution Control Board,True
14340980,10907,NOx,nox,ppb,2025-10-10T18:15:00Z,2026-09-29T14:30:00Z,355,True,CPCB,Madhya Pradesh Pollution Control Board,True
36584,10907,PM2.5,pm25,µg/m³,2020-02-03T09:00:00Z,2022-10-16T16:00:00Z,0,True,CPCB,Madhya Pradesh Pollution Control Board,False
36593,10907,SO2,so2,µg/m³,2020-02-03T09:00:00Z,2022-10-16T16:00:00Z,0,True,CPCB,Madhya Pradesh Pollution Control Board,False
36580,10907,O3,o3,µg/m³,2020-02-03T09:00:00Z,2022-10-16T16:00:00Z,0,True,CPCB,Madhya Pradesh Pollution Control Board,False
36554,10907,CO,co,µg/m³,2020-02-03T09:00:00Z,2022-10-16T16:00:00Z,0,True,CPCB,Madhya Pradesh Pollution Control Board,False
36582,10907,PM10,pm10,µg/m³,2020-02-03T09:00:00Z,2022-10-16T16:00:00Z,0,True,CPCB,Madhya Pradesh Pollution Control Board,False
36574,10907,NO2,no2,µg/m³,2020-02-04T08:00:00Z,2022-10-16T16:00:00Z,0,True,CPCB,Madhya Pradesh Pollution Control Board,False
12236247,10908,SO2,so2,ppb,2025-02-18T20:15:00Z,2026-09-28T05:15:00Z,588,True,CPCB,Haryana State Pollution Control Board,True
12236240,10908,CO,co,ppb,2025-02-18T20:15:00Z,2026-09-28T05:45:00Z,588,True,CPCB,Haryana State Pollution Control Board,True
12236245,10908,PM2.5,pm25,µg/m³,2025-02-18T20:15:00Z,2026-09-28T05:15:00Z,588,True,CPCB,Haryana State Pollution Control Board,True
12236244,10908,PM10,pm10,µg/m³,2025-02-18T20:15:00Z,2026-09-28T05:15:00Z,588,True,CPCB,Haryana State Pollution Control Board,True
12236246,10908,relative_humidity,relativehumidity,%,2025-02-18T20:15:00Z,2026-09-28T05:15:00Z,588,True,CPCB,Haryana State Pollution Control Board,True
12236243,10908,O3,o3,µg/m³,2025-02-18T20:15:00Z,2026-09-26T10:00:00Z,586,True,CPCB,Haryana State Pollution Control Board,True
12236248,10908,temperature,temperature,c,2025-02-18T20:15:00Z,2026-09-26T10:00:00Z,586,True,CPCB,Haryana State Pollution Control Board,True
12236242,10908,NO2,no2,ppb,2025-02-18T20:15:00Z,2026-09-26T10:00:00Z,586,True,CPCB,Haryana State Pollution Control Board,True
14342034,10908,wind_speed,wind_speed,m/s,2025-10-10T20:15:00Z,2026-09-26T10:00:00Z,352,True,CPCB,Haryana State Pollution Control Board,True
14342033,10908,wind_direction,wind_direction,deg,2025-10-10T20:15:00Z,2026-09-26T10:00:00Z,352,True,CPCB,Haryana State Pollution Control Board,True
14342032,10908,NOx,nox,ppb,2025-10-10T20:15:00Z,2026-09-28T05:45:00Z,354,True,CPCB,Haryana State Pollution Control Board,True
36566,10908,SO2,so2,µg/m³,2020-03-11T08:30:00Z,2022-10-16T15:45:00Z,0,True,CPCB,Haryana State Pollution Control Board,False
36564,10908,PM2.5,pm25,µg/m³,2020-03-11T08:30:00Z,2022-10-16T15:45:00Z,0,True,CPCB,Haryana State Pollution Control Board,False
36562,10908,PM10,pm10,µg/m³,2020-03-11T08:30:00Z,2022-10-16T15:45:00Z,0,True,CPCB,Haryana State Pollution Control Board,False
36561,10908,O3,o3,µg/m³,2020-03-11T08:30:00Z,2022-10-16T15:45:00Z,0,True,CPCB,Haryana State Pollution Control Board,False
36560,10908,NO2,no2,µg/m³,2020-03-11T08:30:00Z,2022-10-16T15:45:00Z,0,True,CPCB,Haryana State Pollution Control Board,False
36559,10908,CO,co,µg/m³,2020-03-11T08:30:00Z,2022-10-16T15:45:00Z,0,True,CPCB,Haryana State Pollution Control Board,False
14276481,10910,SO2,so2,ppb,2025-10-03T08:30:00Z,2026-09-29T14:30:00Z,362,True,CPCB,Haryana State Pollution Control Board,True
14276478,10910,CO,co,ppb,2025-10-03T08:30:00Z,2026-09-29T14:30:00Z,362,True,CPCB,Haryana State Pollution Control Board,True
14275737,10910,temperature,temperature,c,2025-10-03T08:15:00Z,2026-09-29T14:30:00Z,362,True,CPCB,Haryana State Pollution Control Board,True
14276480,10910,O3,o3,µg/m³,2025-10-03T08:30:00Z,2026-09-29T14:30:00Z,362,True,CPCB,Haryana State Pollution Control Board,True
14275734,10910,PM10,pm10,µg/m³,2025-10-03T08:15:00Z,2026-09-29T14:30:00Z,362,True,CPCB,Haryana State Pollution Control Board,True
14340891,10910,NOx,nox,ppb,2025-10-10T18:15:00Z,2026-09-29T14:30:00Z,355,True,CPCB,Haryana State Pollution Control Board,True
14276479,10910,NO2,no2,ppb,2025-10-03T08:30:00Z,2026-09-29T14:30:00Z,362,True,CPCB,Haryana State Pollution Control Board,True
14340892,10910,wind_speed,wind_speed,m/s,2025-10-10T18:15:00Z,2026-09-29T14:30:00Z,355,True,CPCB,Haryana State Pollution Control Board,True
14275736,10910,relative_humidity,relativehumidity,%,2025-10-03T08:15:00Z,2026-09-29T14:30:00Z,362,True,CPCB,Haryana State Pollution Control Board,True
14275735,10910,PM2.5,pm25,µg/m³,2025-10-03T08:15:00Z,2026-09-29T14:30:00Z,362,True,CPCB,Haryana State Pollution Control Board,True
14690931,10910,wind_direction,wind_direction,deg,2025-11-21T07:30:00Z,2026-09-29T14:30:00Z,313,True,CPCB,Haryana State Pollution Control Board,True
36588,10910,O3,o3,µg/m³,2019-02-13T00:15:00Z,2022-10-31T01:30:00Z,0,True,CPCB,Haryana State Pollution Control Board,False
36587,10910,NO2,no2,µg/m³,2019-02-13T00:15:00Z,2022-10-31T01:30:00Z,0,True,CPCB,Haryana State Pollution Control Board,False
36589,10910,PM10,pm10,µg/m³,2019-02-13T00:15:00Z,2022-10-31T01:30:00Z,0,True,CPCB,Haryana State Pollution Control Board,False
36585,10910,CO,co,µg/m³,2019-02-13T00:15:00Z,2022-10-31T01:30:00Z,0,True,CPCB,Haryana State Pollution Control Board,False
36591,10910,SO2,so2,µg/m³,2019-02-13T00:15:00Z,2022-10-31T01:30:00Z,0,True,CPCB,Haryana State Pollution Control Board,False
36590,10910,PM2.5,pm25,µg/m³,2019-02-13T00:15:00Z,2022-10-31T01:30:00Z,0,True,CPCB,Haryana State Pollution Control Board,False
12236164,10912,NO2,no2,ppb,2025-02-18T20:15:00Z,2025-02-20T04:45:00Z,3,True,CPCB,Mondelez India Foods,True
12236165,10912,PM10,pm10,µg/m³,2025-02-18T20:15:00Z,2025-02-20T04:45:00Z,3,True,CPCB,Mondelez India Foods,True
12236167,10912,SO2,so2,ppb,2025-02-18T20:15:00Z,2025-02-20T04:45:00Z,3,True,CPCB,Mondelez India Foods,True
12236166,10912,PM2.5,pm25,µg/m³,2025-02-18T20:15:00Z,2025-02-20T04:45:00Z,3,True,CPCB,Mondelez India Foods,True
12236162,10912,CO,co,ppb,2025-02-18T20:15:00Z,2025-02-20T04:45:00Z,3,True,CPCB,Mondelez India Foods,True
14342001,10912,NOx,nox,ppb,,,0,True,CPCB,Mondelez India Foods,True
1292565,10912,NO2,no2,µg/m³,2021-03-18T11:00:00Z,2022-09-14T22:00:00Z,0,True,CPCB,Mondelez India Foods,False
36607,10912,PM10,pm10,µg/m³,2020-02-03T08:00:00Z,2022-09-14T22:00:00Z,0,True,CPCB,Mondelez India Foods,False
36608,10912,PM2.5,pm25,µg/m³,2020-02-03T08:00:00Z,2022-09-14T22:00:00Z,0,True,CPCB,Mondelez India Foods,False
36610,10912,SO2,so2,µg/m³,2020-02-03T08:00:00Z,2022-09-14T22:00:00Z,0,True,CPCB,Mondelez India Foods,False
36606,10912,CO,co,µg/m³,2020-02-03T08:00:00Z,2022-09-14T22:00:00Z,0,True,CPCB,Mondelez India Foods,False
12235977,10914,relative_humidity,relativehumidity,%,2025-02-18T20:15:00Z,2026-09-29T14:30:00Z,589,True,CPCB,Chandigarh Pollution Control Committee,True
12235975,10914,PM10,pm10,µg/m³,2025-02-18T20:15:00Z,2026-09-29T14:30:00Z,589,True,CPCB,Chandigarh Pollution Control Committee,True
12235971,10914,CO,co,ppb,2025-02-18T20:15:00Z,2026-09-29T14:30:00Z,589,True,CPCB,Chandigarh Pollution Control Committee,True
12235973,10914,NO2,no2,ppb,2025-02-18T20:15:00Z,2026-09-29T14:30:00Z,589,True,CPCB,Chandigarh Pollution Control Committee,True
12235979,10914,temperature,temperature,c,2025-02-18T20:15:00Z,2026-09-29T14:30:00Z,589,True,CPCB,Chandigarh Pollution Control Committee,True
12235976,10914,PM2.5,pm25,µg/m³,2025-02-18T20:15:00Z,2026-09-29T14:30:00Z,589,True,CPCB,Chandigarh Pollution Control Committee,True
12235974,10914,O3,o3,µg/m³,2025-02-18T20:15:00Z,2026-09-29T14:30:00Z,589,True,CPCB,Chandigarh Pollution Control Committee,True
12235978,10914,SO2,so2,ppb,2025-02-18T20:15:00Z,2026-09-29T14:30:00Z,589,True,CPCB,Chandigarh Pollution Control Committee,True
14340952,10914,wind_speed,wind_speed,m/s,2025-10-10T18:15:00Z,2026-09-29T14:30:00Z,355,True,CPCB,Chandigarh Pollution Control Committee,True
14340951,10914,wind_direction,wind_direction,deg,2025-10-10T18:15:00Z,2026-09-29T14:30:00Z,355,True,CPCB,Chandigarh Pollution Control Committee,True
14340950,10914,NOx,nox,ppb,2025-10-10T18:15:00Z,2026-09-29T14:30:00Z,355,True,CPCB,Chandigarh Pollution Control Committee,True
12235770,10919,PM2.5,pm25,µg/m³,2025-02-18T20:15:00Z,2026-09-29T14:30:00Z,589,True,CPCB,Uttar Pradesh Pollution Control Board,True
12235769,10919,PM10,pm10,µg/m³,2025-02-18T20:15:00Z,2026-09-29T14:30:00Z,589,True,CPCB,Uttar Pradesh Pollution Control Board,True
12235771,10919,relative_humidity,relativehumidity,%,2025-02-18T20:15:00Z,2026-09-29T14:30:00Z,589,True,CPCB,Uttar Pradesh Pollution Control Board,True
12235773,10919,temperature,temperature,c,2025-02-18T20:15:00Z,2026-09-29T14:30:00Z,589,True,CPCB,Uttar Pradesh Pollution Control Board,True
12235767,10919,NO2,no2,ppb,2025-02-18T20:15:00Z,2026-09-29T14:30:00Z,589,True,CPCB,Uttar Pradesh Pollution Control Board,True
12235768,10919,O3,o3,µg/m³,2025-02-18T20:15:00Z,2026-09-29T14:30:00Z,589,True,CPCB,Uttar Pradesh Pollution Control Board,True
12235765,10919,CO,co,ppb,2025-02-18T20:15:00Z,2026-09-29T14:30:00Z,589,True,CPCB,Uttar Pradesh Pollution Control Board,True
12235772,10919,SO2,so2,ppb,2025-02-18T20:15:00Z,2026-09-29T14:30:00Z,589,True,CPCB,Uttar Pradesh Pollution Control Board,True
14340906,10919,wind_direction,wind_direction,deg,2025-10-10T18:15:00Z,2026-09-29T14:30:00Z,355,True,CPCB,Uttar Pradesh Pollution Control Board,True
14340905,10919,NOx,nox,ppb,2025-10-10T18:15:00Z,2026-09-29T14:30:00Z,355,True,CPCB,Uttar Pradesh Pollution Control Board,True
14340907,10919,wind_speed,wind_speed,m/s,2025-10-10T18:15:00Z,2026-09-29T14:30:00Z,355,True,CPCB,Uttar Pradesh Pollution Control Board,True
36660,10919,PM10,pm10,µg/m³,2019-04-27T12:00:00Z,2022-10-31T02:00:00Z,0,True,CPCB,Uttar Pradesh Pollution Control Board,False
36675,10919,PM2.5,pm25,µg/m³,2019-04-27T12:00:00Z,2022-10-31T02:00:00Z,0,True,CPCB,Uttar Pradesh Pollution Control Board,False
36676,10919,SO2,so2,µg/m³,2019-04-27T12:00:00Z,2022-10-31T02:00:00Z,0,True,CPCB,Uttar Pradesh Pollution Control Board,False
36645,10919,NO2,no2,µg/m³,2019-04-27T12:00:00Z,2022-10-31T02:00:00Z,0,True,CPCB,Uttar Pradesh Pollution Control Board,False
36646,10919,O3,o3,µg/m³,2019-04-27T12:00:00Z,2022-10-31T02:00:00Z,0,True,CPCB,Uttar Pradesh Pollution Control Board,False
36641,10919,CO,co,µg/m³,2019-04-27T12:00:00Z,2022-10-31T02:00:00Z,0,True,CPCB,Uttar Pradesh Pollution Control Board,False
12236222,10920,CO,co,ppb,2025-02-18T20:15:00Z,2026-09-28T18:00:00Z,588,True,CPCB,Haryana State Pollution Control Board,True
12236225,10920,O3,o3,µg/m³,2025-02-18T20:15:00Z,2026-09-28T09:45:00Z,588,True,CPCB,Haryana State Pollution Control Board,True
12236224,10920,NO2,no2,ppb,2025-02-18T20:15:00Z,2026-09-28T09:45:00Z,588,True,CPCB,Haryana State Pollution Control Board,True
12236228,10920,relative_humidity,relativehumidity,%,2025-02-18T20:15:00Z,2026-09-27T14:00:00Z,587,True,CPCB,Haryana State Pollution Control Board,True
12236227,10920,PM2.5,pm25,µg/m³,2025-02-18T20:15:00Z,2026-09-28T09:45:00Z,588,True,CPCB,Haryana State Pollution Control Board,True
12236230,10920,temperature,temperature,c,2025-02-18T20:15:00Z,2026-09-27T16:45:00Z,587,True,CPCB,Haryana State Pollution Control Board,True
12236226,10920,PM10,pm10,µg/m³,2025-02-18T20:15:00Z,2026-09-28T09:45:00Z,588,True,CPCB,Haryana State Pollution Control Board,True
12236229,10920,SO2,so2,ppb,2025-02-18T20:15:00Z,2026-09-28T09:45:00Z,588,True,CPCB,Haryana State Pollution Control Board,True
14342026,10920,NOx,nox,ppb,2025-10-10T20:15:00Z,2026-09-28T18:00:00Z,354,True,CPCB,Haryana State Pollution Control Board,True
14342028,10920,wind_speed,wind_speed,m/s,2025-10-10T20:15:00Z,2026-09-28T09:45:00Z,354,True,CPCB,Haryana State Pollution Control Board,True
14342027,10920,wind_direction,wind_direction,deg,2025-10-10T20:15:00Z,2026-09-28T09:45:00Z,354,True,CPCB,Haryana State Pollution Control Board,True
12235707,10921,PM2.5,pm25,µg/m³,2025-02-18T20:10:00Z,2026-09-29T14:30:00Z,589,True,CPCB,India Meteorological Department,True
12235702,10921,CO,co,ppb,2025-02-18T20:10:00Z,2026-09-29T14:30:00Z,589,True,CPCB,India Meteorological Department,True
12235704,10921,NO2,no2,ppb,2025-02-18T20:10:00Z,2026-09-29T14:30:00Z,589,True,CPCB,India Meteorological Department,True
12235705,10921,O3,o3,µg/m³,2025-02-18T20:10:00Z,2026-09-29T14:30:00Z,589,True,CPCB,India Meteorological Department,True
12235706,10921,PM10,pm10,µg/m³,2025-02-18T20:10:00Z,2026-09-29T14:30:00Z,589,True,CPCB,India Meteorological Department,True
14340885,10921,NOx,nox,ppb,2025-10-10T18:15:00Z,2026-09-29T14:30:00Z,355,True,CPCB,India Meteorological Department,True
36701,10921,PM2.5,pm25,µg/m³,2018-11-16T09:00:00Z,2022-10-14T16:15:00Z,0,True,CPCB,India Meteorological Department,False
36702,10921,NO2,no2,µg/m³,2018-11-16T09:00:00Z,2022-10-14T16:15:00Z,0,True,CPCB,India Meteorological Department,False
36703,10921,PM10,pm10,µg/m³,2018-11-16T09:00:00Z,2022-10-14T16:15:00Z,0,True,CPCB,India Meteorological Department,False
36700,10921,CO,co,µg/m³,2018-11-16T09:00:00Z,2022-10-14T16:15:00Z,0,True,CPCB,India Meteorological Department,False
12236360,11603,PM10,pm10,µg/m³,2025-02-18T20:15:00Z,2026-09-29T14:30:00Z,589,True,CPCB,Indian Institute of Tropical Meteorology,True
12236358,11603,NO2,no2,ppb,2025-02-18T20:15:00Z,2026-09-29T14:30:00Z,589,True,CPCB,Indian Institute of Tropical Meteorology,True
12236363,11603,SO2,so2,ppb,2025-02-18T20:15:00Z,2026-09-29T14:15:00Z,589,True,CPCB,Indian Institute of Tropical Meteorology,True
12236356,11603,CO,co,ppb,2025-02-18T20:15:00Z,2026-09-29T14:30:00Z,589,True,CPCB,Indian Institute of Tropical Meteorology,True
12236362,11603,relative_humidity,relativehumidity,%,2025-02-18T20:15:00Z,2026-09-29T14:30:00Z,589,True,CPCB,Indian Institute of Tropical Meteorology,True
12236364,11603,temperature,temperature,c,2025-02-18T20:15:00Z,2026-09-29T14:30:00Z,589,True,CPCB,Indian Institute of Tropical Meteorology,True
12236361,11603,PM2.5,pm25,µg/m³,2025-02-18T20:15:00Z,2026-09-29T14:30:00Z,589,True,CPCB,Indian Institute of Tropical Meteorology,True
12236359,11603,O3,o3,µg/m³,2025-02-18T20:15:00Z,2026-09-29T14:30:00Z,589,True,CPCB,Indian Institute of Tropical Meteorology,True
14342050,11603,NOx,nox,ppb,2025-10-10T20:15:00Z,2026-09-29T14:30:00Z,355,True,CPCB,Indian Institute of Tropical Meteorology,True
14342051,11603,wind_direction,wind_direction,deg,2025-10-10T20:15:00Z,2026-09-29T14:30:00Z,355,True,CPCB,Indian Institute of Tropical Meteorology,True
14342052,11603,wind_speed,wind_speed,m/s,2025-10-10T20:15:00Z,2026-09-29T14:30:00Z,355,True,CPCB,Indian Institute of Tropical Meteorology,True
39415,11603,O3,o3,µg/m³,2020-11-13T12:15:00Z,2022-08-02T10:30:00Z,0,True,CPCB,Indian Institute of Tropical Meteorology,False
39410,11603,PM2.5,pm25,µg/m³,2020-11-13T12:15:00Z,2022-08-02T10:30:00Z,0,True,CPCB,Indian Institute of Tropical Meteorology,False
39412,11603,NO2,no2,µg/m³,2020-11-13T12:15:00Z,2022-08-02T10:30:00Z,0,True,CPCB,Indian Institute of Tropical Meteorology,False
39414,11603,CO,co,µg/m³,2020-11-13T12:15:00Z,2022-08-02T10:30:00Z,0,True,CPCB,Indian Institute of Tropical Meteorology,False
39411,11603,PM10,pm10,µg/m³,2020-11-13T12:15:00Z,2022-08-02T10:30:00Z,0,True,CPCB,Indian Institute of Tropical Meteorology,False
39413,11603,SO2,so2,µg/m³,2020-11-13T12:15:00Z,2022-08-02T10:30:00Z,0,True,CPCB,Indian Institute of Tropical Meteorology,False
12236374,11607,NO2,no2,ppb,2025-02-18T20:15:00Z,2025-12-27T06:00:00Z,313,True,CPCB,Indian Institute of Tropical Meteorology,True
12236375,11607,PM10,pm10,µg/m³,2025-02-18T20:15:00Z,2025-12-27T06:00:00Z,313,True,CPCB,Indian Institute of Tropical Meteorology,True
12236379,11607,temperature,temperature,c,2025-02-18T20:15:00Z,2025-12-27T06:00:00Z,313,True,CPCB,Indian Institute of Tropical Meteorology,True
12236377,11607,relative_humidity,relativehumidity,%,2025-02-18T20:15:00Z,2025-12-27T06:00:00Z,313,True,CPCB,Indian Institute of Tropical Meteorology,True
12236376,11607,PM2.5,pm25,µg/m³,2025-02-18T20:15:00Z,2025-12-27T06:00:00Z,313,True,CPCB,Indian Institute of Tropical Meteorology,True
12236378,11607,SO2,so2,ppb,2025-02-18T20:15:00Z,2025-12-27T06:00:00Z,313,True,CPCB,Indian Institute of Tropical Meteorology,True
14342054,11607,wind_direction,wind_direction,deg,2025-10-10T20:15:00Z,2025-12-27T05:30:00Z,79,True,CPCB,Indian Institute of Tropical Meteorology,True
14342055,11607,wind_speed,wind_speed,m/s,2025-10-10T20:15:00Z,2025-12-27T05:30:00Z,79,True,CPCB,Indian Institute of Tropical Meteorology,True
39437,11607,CO,co,µg/m³,2020-11-13T12:00:00Z,2022-08-02T09:30:00Z,0,True,CPCB,Indian Institute of Tropical Meteorology,True
39436,11607,SO2,so2,µg/m³,2020-11-13T12:00:00Z,2022-08-02T09:30:00Z,0,True,CPCB,Indian Institute of Tropical Meteorology,False
39434,11607,PM10,pm10,µg/m³,2020-11-13T12:00:00Z,2022-08-02T09:30:00Z,0,True,CPCB,Indian Institute of Tropical Meteorology,False
39433,11607,PM2.5,pm25,µg/m³,2020-11-13T12:00:00Z,2022-08-02T09:30:00Z,0,True,CPCB,Indian Institute of Tropical Meteorology,False
39435,11607,NO2,no2,µg/m³,2020-11-13T12:00:00Z,2022-08-02T09:30:00Z,0,True,CPCB,Indian Institute of Tropical Meteorology,False
39438,11607,O3,o3,µg/m³,2020-11-13T12:00:00Z,2022-08-02T09:30:00Z,0,True,CPCB,Indian Institute of Tropical Meteorology,True
12236650,227535,SO2,so2,ppb,2025-02-18T20:15:00Z,2026-09-29T14:30:00Z,589,True,CPCB,Uttar Pradesh Pollution Control Board,True
12236645,227535,NO2,no2,ppb,2025-02-18T20:15:00Z,2026-09-29T14:30:00Z,589,True,CPCB,Uttar Pradesh Pollution Control Board,True
12236643,227535,CO,co,ppb,2025-02-18T20:15:00Z,2026-09-29T14:30:00Z,589,True,CPCB,Uttar Pradesh Pollution Control Board,True
12236651,227535,temperature,temperature,c,2025-02-18T20:15:00Z,2026-09-29T14:30:00Z,589,True,CPCB,Uttar Pradesh Pollution Control Board,True
12236646,227535,O3,o3,µg/m³,2025-02-18T20:15:00Z,2026-09-29T14:30:00Z,589,True,CPCB,Uttar Pradesh Pollution Control Board,True
12236647,227535,PM10,pm10,µg/m³,2025-02-18T20:15:00Z,2026-09-29T14:30:00Z,589,True,CPCB,Uttar Pradesh Pollution Control Board,True
12236649,227535,relative_humidity,relativehumidity,%,2025-02-18T20:15:00Z,2026-09-29T14:30:00Z,589,True,CPCB,Uttar Pradesh Pollution Control Board,True
12236648,227535,PM2.5,pm25,µg/m³,2025-02-18T20:15:00Z,2026-09-29T14:30:00Z,589,True,CPCB,Uttar Pradesh Pollution Control Board,True
14341058,227535,wind_speed,wind_speed,m/s,2025-10-10T18:15:00Z,2026-09-29T14:30:00Z,355,True,CPCB,Uttar Pradesh Pollution Control Board,True
14341056,227535,NOx,nox,ppb,2025-10-10T18:15:00Z,2026-09-29T14:30:00Z,355,True,CPCB,Uttar Pradesh Pollution Control Board,True
14341057,227535,wind_direction,wind_direction,deg,2025-10-10T18:15:00Z,2026-09-29T14:30:00Z,355,True,CPCB,Uttar Pradesh Pollution Control Board,True
1312461,227535,NO2,no2,µg/m³,2021-06-04T18:00:00Z,2022-10-31T02:00:00Z,0,True,CPCB,Uttar Pradesh Pollution Control Board,False
1312465,227535,PM2.5,pm25,µg/m³,2021-06-04T18:00:00Z,2022-10-31T02:00:00Z,0,True,CPCB,Uttar Pradesh Pollution Control Board,False
1312459,227535,CO,co,µg/m³,2021-06-04T18:00:00Z,2022-10-31T02:00:00Z,0,True,CPCB,Uttar Pradesh Pollution Control Board,False
1312458,227535,PM10,pm10,µg/m³,2021-06-04T18:00:00Z,2022-10-31T02:00:00Z,0,True,CPCB,Uttar Pradesh Pollution Control Board,False
1312471,227535,O3,o3,µg/m³,2021-06-04T18:00:00Z,2022-10-31T02:00:00Z,0,True,CPCB,Uttar Pradesh Pollution Control Board,False
1312454,227535,SO2,so2,µg/m³,2021-06-04T18:00:00Z,2022-10-31T02:00:00Z,0,True,CPCB,Uttar Pradesh Pollution Control Board,False
12236656,227931,PM10,pm10,µg/m³,2025-02-18T20:15:00Z,2026-09-29T14:30:00Z,589,True,CPCB,Uttar Pradesh Pollution Control Board,True
12236652,227931,CO,co,ppb,2025-02-18T20:15:00Z,2026-09-29T14:30:00Z,589,True,CPCB,Uttar Pradesh Pollution Control Board,True
12236659,227931,SO2,so2,ppb,2025-02-18T20:15:00Z,2026-09-29T14:30:00Z,589,True,CPCB,Uttar Pradesh Pollution Control Board,True
12236660,227931,temperature,temperature,c,2025-02-18T20:15:00Z,2026-09-29T14:30:00Z,589,True,CPCB,Uttar Pradesh Pollution Control Board,True
12236654,227931,NO2,no2,ppb,2025-02-18T20:15:00Z,2026-09-29T14:30:00Z,589,True,CPCB,Uttar Pradesh Pollution Control Board,True
12236658,227931,relative_humidity,relativehumidity,%,2025-02-18T20:15:00Z,2026-09-29T14:30:00Z,589,True,CPCB,Uttar Pradesh Pollution Control Board,True
12236655,227931,O3,o3,µg/m³,2025-02-18T20:15:00Z,2026-09-29T14:30:00Z,589,True,CPCB,Uttar Pradesh Pollution Control Board,True
12236657,227931,PM2.5,pm25,µg/m³,2025-02-18T20:15:00Z,2026-09-29T14:30:00Z,589,True,CPCB,Uttar Pradesh Pollution Control Board,True
14341060,227931,wind_direction,wind_direction,deg,2025-10-10T18:15:00Z,2026-09-29T14:30:00Z,355,True,CPCB,Uttar Pradesh Pollution Control Board,True
14341059,227931,NOx,nox,ppb,2025-10-10T18:15:00Z,2026-09-29T14:30:00Z,355,True,CPCB,Uttar Pradesh Pollution Control Board,True
14341061,227931,wind_speed,wind_speed,m/s,2025-10-10T18:15:00Z,2026-09-29T14:30:00Z,355,True,CPCB,Uttar Pradesh Pollution Control Board,True
1314231,227931,SO2,so2,µg/m³,2021-06-12T16:00:00Z,2022-10-16T16:00:00Z,0,True,CPCB,Uttar Pradesh Pollution Control Board,False
1314233,227931,CO,co,µg/m³,2021-06-12T16:00:00Z,2022-10-16T16:00:00Z,0,True,CPCB,Uttar Pradesh Pollution Control Board,False
1314232,227931,O3,o3,µg/m³,2021-06-12T16:00:00Z,2022-10-16T16:00:00Z,0,True,CPCB,Uttar Pradesh Pollution Control Board,False
1314234,227931,PM2.5,pm25,µg/m³,2021-06-12T16:00:00Z,2022-10-16T16:00:00Z,0,True,CPCB,Uttar Pradesh Pollution Control Board,False
1314235,227931,NO2,no2,µg/m³,2021-06-12T16:00:00Z,2022-10-16T16:00:00Z,0,True,CPCB,Uttar Pradesh Pollution Control Board,False
1314230,227931,PM10,pm10,µg/m³,2021-06-12T16:00:00Z,2022-10-16T16:00:00Z,0,True,CPCB,Uttar Pradesh Pollution Control Board,False
12236636,228352,NO2,no2,ppb,2025-02-18T20:15:00Z,2026-09-29T14:30:00Z,589,True,CPCB,Uttar Pradesh Pollution Control Board,True
12236642,228352,temperature,temperature,c,2025-02-18T20:15:00Z,2026-09-29T14:30:00Z,589,True,CPCB,Uttar Pradesh Pollution Control Board,True
12236641,228352,SO2,so2,ppb,2025-02-18T20:15:00Z,2026-09-29T14:30:00Z,589,True,CPCB,Uttar Pradesh Pollution Control Board,True
12236634,228352,CO,co,ppb,2025-02-18T20:15:00Z,2026-09-29T14:30:00Z,589,True,CPCB,Uttar Pradesh Pollution Control Board,True
12236639,228352,PM2.5,pm25,µg/m³,2025-02-18T20:15:00Z,2026-09-29T14:30:00Z,589,True,CPCB,Uttar Pradesh Pollution Control Board,True
12236637,228352,O3,o3,µg/m³,2025-02-18T20:15:00Z,2026-09-29T14:30:00Z,589,True,CPCB,Uttar Pradesh Pollution Control Board,True
12236640,228352,relative_humidity,relativehumidity,%,2025-02-18T20:15:00Z,2026-09-29T14:30:00Z,589,True,CPCB,Uttar Pradesh Pollution Control Board,True
12236638,228352,PM10,pm10,µg/m³,2025-02-18T20:15:00Z,2026-09-29T14:30:00Z,589,True,CPCB,Uttar Pradesh Pollution Control Board,True
14341053,228352,NOx,nox,ppb,2025-10-10T18:15:00Z,2026-09-29T14:30:00Z,355,True,CPCB,Uttar Pradesh Pollution Control Board,True
14341055,228352,wind_speed,wind_speed,m/s,2025-10-10T18:15:00Z,2026-09-29T14:30:00Z,355,True,CPCB,Uttar Pradesh Pollution Control Board,True
14341054,228352,wind_direction,wind_direction,deg,2025-10-10T18:15:00Z,2026-09-29T14:30:00Z,355,True,CPCB,Uttar Pradesh Pollution Control Board,True
1316050,228352,PM10,pm10,µg/m³,2021-06-20T21:00:00Z,2022-10-16T16:00:00Z,0,True,CPCB,Uttar Pradesh Pollution Control Board,False
1316053,228352,O3,o3,µg/m³,2021-06-20T21:00:00Z,2022-10-16T16:00:00Z,0,True,CPCB,Uttar Pradesh Pollution Control Board,False
1316054,228352,PM2.5,pm25,µg/m³,2021-06-20T21:00:00Z,2022-10-16T16:00:00Z,0,True,CPCB,Uttar Pradesh Pollution Control Board,False
1316051,228352,NO2,no2,µg/m³,2021-06-20T21:00:00Z,2022-10-16T16:00:00Z,0,True,CPCB,Uttar Pradesh Pollution Control Board,False
1316049,228352,CO,co,µg/m³,2021-06-20T21:00:00Z,2022-10-16T16:00:00Z,0,True,CPCB,Uttar Pradesh Pollution Control Board,False
1316052,228352,SO2,so2,µg/m³,2021-06-20T21:00:00Z,2022-10-16T16:00:00Z,0,True,CPCB,Uttar Pradesh Pollution Control Board,False
12236733,229729,O3,o3,µg/m³,2025-02-18T20:15:00Z,2026-09-29T14:30:00Z,589,True,CPCB,Uttar Pradesh Pollution Control Board,True
12236736,229729,relative_humidity,relativehumidity,%,2025-02-18T20:15:00Z,2026-09-29T14:30:00Z,589,True,CPCB,Uttar Pradesh Pollution Control Board,True
12236730,229729,CO,co,ppb,2025-02-18T20:15:00Z,2026-09-29T14:30:00Z,589,True,CPCB,Uttar Pradesh Pollution Control Board,True
12236738,229729,temperature,temperature,c,2025-02-18T20:15:00Z,2026-09-29T14:30:00Z,589,True,CPCB,Uttar Pradesh Pollution Control Board,True
12236735,229729,PM2.5,pm25,µg/m³,2025-02-18T20:15:00Z,2026-09-29T14:30:00Z,589,True,CPCB,Uttar Pradesh Pollution Control Board,True
12236737,229729,SO2,so2,ppb,2025-02-18T20:15:00Z,2026-09-29T14:30:00Z,589,True,CPCB,Uttar Pradesh Pollution Control Board,True
12236732,229729,NO2,no2,ppb,2025-02-18T20:15:00Z,2026-09-29T14:30:00Z,589,True,CPCB,Uttar Pradesh Pollution Control Board,True
12236734,229729,PM10,pm10,µg/m³,2025-02-18T20:15:00Z,2026-09-29T14:30:00Z,589,True,CPCB,Uttar Pradesh Pollution Control Board,True
14341088,229729,wind_speed,wind_speed,m/s,2025-10-10T18:15:00Z,2026-09-29T14:30:00Z,355,True,CPCB,Uttar Pradesh Pollution Control Board,True
14341087,229729,wind_direction,wind_direction,deg,2025-10-10T18:15:00Z,2026-09-29T14:30:00Z,355,True,CPCB,Uttar Pradesh Pollution Control Board,True
14341086,229729,NOx,nox,ppb,2025-10-10T18:15:00Z,2026-09-29T14:30:00Z,355,True,CPCB,Uttar Pradesh Pollution Control Board,True
1323091,229729,O3,o3,µg/m³,2021-07-17T23:00:00Z,2022-10-31T02:00:00Z,0,True,CPCB,Uttar Pradesh Pollution Control Board,False
1323084,229729,PM10,pm10,µg/m³,2021-07-17T23:00:00Z,2022-10-31T02:00:00Z,0,True,CPCB,Uttar Pradesh Pollution Control Board,False
1323076,229729,NO2,no2,µg/m³,2021-07-17T23:00:00Z,2022-10-31T02:00:00Z,0,True,CPCB,Uttar Pradesh Pollution Control Board,False
1323081,229729,SO2,so2,µg/m³,2021-07-17T23:00:00Z,2022-10-31T02:00:00Z,0,True,CPCB,Uttar Pradesh Pollution Control Board,False
1323075,229729,CO,co,µg/m³,2021-07-17T23:00:00Z,2022-10-31T02:00:00Z,0,True,CPCB,Uttar Pradesh Pollution Control Board,False
1323092,229729,PM2.5,pm25,µg/m³,2021-07-17T23:00:00Z,2022-10-31T02:00:00Z,0,True,CPCB,Uttar Pradesh Pollution Control Board,False
1342950,233414,NO2,no2,µg/m³,2021-08-25T17:00:00Z,2022-10-31T02:00:00Z,0,True,CPCB,Uttar Pradesh Pollution Control Board,False
1342951,233414,O3,o3,µg/m³,2021-08-25T17:00:00Z,2022-10-31T02:00:00Z,0,True,CPCB,Uttar Pradesh Pollution Control Board,False
1342941,233414,PM2.5,pm25,µg/m³,2021-08-25T17:00:00Z,2022-10-31T02:00:00Z,0,True,CPCB,Uttar Pradesh Pollution Control Board,False
1342948,233414,SO2,so2,µg/m³,2021-08-25T17:00:00Z,2022-10-31T02:00:00Z,0,True,CPCB,Uttar Pradesh Pollution Control Board,False
1342946,233414,CO,co,µg/m³,2021-08-25T17:00:00Z,2022-10-31T02:00:00Z,0,True,CPCB,Uttar Pradesh Pollution Control Board,False
1342939,233414,PM10,pm10,µg/m³,2021-08-25T17:00:00Z,2022-10-31T02:00:00Z,0,True,CPCB,Uttar Pradesh Pollution Control Board,False
12236756,233414,CO,co,ppb,2025-02-18T20:15:00Z,2026-09-29T14:30:00Z,589,True,CPCB,Uttar Pradesh Pollution Control Board,True
12236763,233414,SO2,so2,ppb,2025-02-18T20:15:00Z,2026-09-29T14:30:00Z,589,True,CPCB,Uttar Pradesh Pollution Control Board,True
12236762,233414,relative_humidity,relativehumidity,%,2025-02-18T20:15:00Z,2026-09-29T14:30:00Z,589,True,CPCB,Uttar Pradesh Pollution Control Board,True
12236761,233414,PM2.5,pm25,µg/m³,2025-02-18T20:15:00Z,2026-09-29T14:30:00Z,589,True,CPCB,Uttar Pradesh Pollution Control Board,True
12236760,233414,PM10,pm10,µg/m³,2025-02-18T20:15:00Z,2026-09-29T14:30:00Z,589,True,CPCB,Uttar Pradesh Pollution Control Board,True
12236759,233414,O3,o3,µg/m³,2025-02-18T20:15:00Z,2026-09-29T14:30:00Z,589,True,CPCB,Uttar Pradesh Pollution Control Board,True
12236764,233414,temperature,temperature,c,2025-02-18T20:15:00Z,2026-09-29T14:30:00Z,589,True,CPCB,Uttar Pradesh Pollution Control Board,True
12236758,233414,NO2,no2,ppb,2025-02-18T20:15:00Z,2026-09-29T14:30:00Z,589,True,CPCB,Uttar Pradesh Pollution Control Board,True
14341097,233414,wind_speed,wind_speed,m/s,2025-10-10T18:15:00Z,2026-09-29T14:30:00Z,355,True,CPCB,Uttar Pradesh Pollution Control Board,True
14341096,233414,wind_direction,wind_direction,deg,2025-10-10T18:15:00Z,2026-09-29T14:30:00Z,355,True,CPCB,Uttar Pradesh Pollution Control Board,True
14341095,233414,NOx,nox,ppb,2025-10-10T18:15:00Z,2026-09-29T14:30:00Z,355,True,CPCB,Uttar Pradesh Pollution Control Board,True
12236808,233415,SO2,so2,ppb,2025-02-18T21:00:00Z,2026-09-29T14:30:00Z,589,True,CPCB,Chandigarh Pollution Control Committee,True
12236801,233415,CO,co,ppb,2025-02-18T21:00:00Z,2026-09-29T14:30:00Z,589,True,CPCB,Chandigarh Pollution Control Committee,True
12236803,233415,NO2,no2,ppb,2025-02-18T21:00:00Z,2026-09-29T14:30:00Z,589,True,CPCB,Chandigarh Pollution Control Committee,True
12236809,233415,temperature,temperature,c,2025-02-18T20:15:00Z,2026-09-29T14:30:00Z,589,True,CPCB,Chandigarh Pollution Control Committee,True
12236805,233415,PM10,pm10,µg/m³,2025-02-18T20:15:00Z,2026-09-29T14:30:00Z,589,True,CPCB,Chandigarh Pollution Control Committee,True
12236807,233415,relative_humidity,relativehumidity,%,2025-02-18T20:15:00Z,2026-09-29T14:30:00Z,589,True,CPCB,Chandigarh Pollution Control Committee,True
12236804,233415,O3,o3,µg/m³,2025-02-18T20:15:00Z,2026-09-29T14:30:00Z,589,True,CPCB,Chandigarh Pollution Control Committee,True
12236806,233415,PM2.5,pm25,µg/m³,2025-02-18T20:15:00Z,2026-09-29T14:30:00Z,589,True,CPCB,Chandigarh Pollution Control Committee,True
14341112,233415,wind_speed,wind_speed,m/s,2025-10-10T18:15:00Z,2026-09-29T14:30:00Z,355,True,CPCB,Chandigarh Pollution Control Committee,True
14341110,233415,NOx,nox,ppb,2025-10-10T18:15:00Z,2026-09-29T14:30:00Z,355,True,CPCB,Chandigarh Pollution Control Committee,True
14341111,233415,wind_direction,wind_direction,deg,2025-10-10T18:15:00Z,2026-09-29T14:30:00Z,355,True,CPCB,Chandigarh Pollution Control Committee,True
1342947,233415,O3,o3,µg/m³,2021-08-25T16:30:00Z,2022-10-31T01:45:00Z,0,True,CPCB,Chandigarh Pollution Control Committee,False
1342944,233415,PM10,pm10,µg/m³,2021-08-25T16:30:00Z,2022-10-31T01:45:00Z,0,True,CPCB,Chandigarh Pollution Control Committee,False
1342943,233415,SO2,so2,µg/m³,2021-08-25T16:30:00Z,2022-10-31T01:45:00Z,0,True,CPCB,Chandigarh Pollution Control Committee,False
1342953,233415,PM2.5,pm25,µg/m³,2021-08-25T16:30:00Z,2022-10-31T01:45:00Z,0,True,CPCB,Chandigarh Pollution Control Committee,False
1342949,233415,CO,co,µg/m³,2021-08-25T16:30:00Z,2022-10-31T01:45:00Z,0,True,CPCB,Chandigarh Pollution Control Committee,False
1342954,233415,NO2,no2,µg/m³,2021-08-25T16:30:00Z,2022-10-31T01:45:00Z,0,True,CPCB,Chandigarh Pollution Control Committee,False
12236826,234997,SO2,so2,ppb,2025-02-18T20:15:00Z,2026-09-29T14:30:00Z,589,True,CPCB,Uttar Pradesh Pollution Control Board,True
12236824,234997,PM2.5,pm25,µg/m³,2025-02-18T20:15:00Z,2026-09-29T14:30:00Z,589,True,CPCB,Uttar Pradesh Pollution Control Board,True
12236825,234997,relative_humidity,relativehumidity,%,2025-02-18T20:15:00Z,2026-09-29T14:30:00Z,589,True,CPCB,Uttar Pradesh Pollution Control Board,True
12236822,234997,O3,o3,µg/m³,2025-02-18T20:15:00Z,2026-09-29T14:15:00Z,589,True,CPCB,Uttar Pradesh Pollution Control Board,True
12236819,234997,CO,co,ppb,2025-02-18T20:15:00Z,2026-09-29T14:30:00Z,589,True,CPCB,Uttar Pradesh Pollution Control Board,True
12236823,234997,PM10,pm10,µg/m³,2025-02-18T20:15:00Z,2026-09-29T14:30:00Z,589,True,CPCB,Uttar Pradesh Pollution Control Board,True
12236827,234997,temperature,temperature,c,2025-02-18T20:15:00Z,2026-09-29T14:30:00Z,589,True,CPCB,Uttar Pradesh Pollution Control Board,True
12236821,234997,NO2,no2,ppb,2025-02-18T20:15:00Z,2026-09-29T14:30:00Z,589,True,CPCB,Uttar Pradesh Pollution Control Board,True
14341118,234997,wind_speed,wind_speed,m/s,2025-10-10T18:15:00Z,2026-09-29T14:30:00Z,355,True,CPCB,Uttar Pradesh Pollution Control Board,True
14341116,234997,NOx,nox,ppb,2025-10-10T18:15:00Z,2026-09-29T14:30:00Z,355,True,CPCB,Uttar Pradesh Pollution Control Board,True
14341117,234997,wind_direction,wind_direction,deg,2025-10-10T18:15:00Z,2026-09-29T14:30:00Z,355,True,CPCB,Uttar Pradesh Pollution Control Board,True
1351510,234997,PM2.5,pm25,µg/m³,2021-09-07T08:00:00Z,2022-10-31T02:00:00Z,0,True,CPCB,Uttar Pradesh Pollution Control Board,False
1351507,234997,CO,co,µg/m³,2021-09-07T08:00:00Z,2022-10-31T02:00:00Z,0,True,CPCB,Uttar Pradesh Pollution Control Board,False
1351508,234997,PM10,pm10,µg/m³,2021-09-07T08:00:00Z,2022-10-31T02:00:00Z,0,True,CPCB,Uttar Pradesh Pollution Control Board,False
1351506,234997,NO2,no2,µg/m³,2021-09-07T08:00:00Z,2022-10-31T02:00:00Z,0,True,CPCB,Uttar Pradesh Pollution Control Board,False
1351509,234997,SO2,so2,µg/m³,2021-09-07T08:00:00Z,2022-10-31T02:00:00Z,0,True,CPCB,Uttar Pradesh Pollution Control Board,False
1351511,234997,O3,o3,µg/m³,2021-09-07T08:00:00Z,2022-10-31T02:00:00Z,0,True,CPCB,Uttar Pradesh Pollution Control Board,False
1561911,270697,CO,co,µg/m³,2021-11-10T12:00:00Z,2022-10-31T02:00:00Z,0,True,CPCB,Uttar Pradesh Pollution Control Board,False
1561909,270697,SO2,so2,µg/m³,2021-11-10T12:00:00Z,2022-10-31T02:00:00Z,0,True,CPCB,Uttar Pradesh Pollution Control Board,False
1561910,270697,PM10,pm10,µg/m³,2021-11-10T12:00:00Z,2022-10-31T02:00:00Z,0,True,CPCB,Uttar Pradesh Pollution Control Board,False
1561914,270697,O3,o3,µg/m³,2021-11-10T12:00:00Z,2022-10-31T02:00:00Z,0,True,CPCB,Uttar Pradesh Pollution Control Board,False
1561913,270697,PM2.5,pm25,µg/m³,2021-11-10T12:00:00Z,2022-10-31T02:00:00Z,0,True,CPCB,Uttar Pradesh Pollution Control Board,False
1561912,270697,NO2,no2,µg/m³,2021-11-10T12:00:00Z,2022-10-31T02:00:00Z,0,True,CPCB,Uttar Pradesh Pollution Control Board,False
12241399,270697,NO2,no2,ppb,2025-02-19T02:45:00Z,2026-09-29T14:30:00Z,588,True,CPCB,Uttar Pradesh Pollution Control Board,True
12241402,270697,PM2.5,pm25,µg/m³,2025-02-19T02:45:00Z,2026-09-29T14:30:00Z,588,True,CPCB,Uttar Pradesh Pollution Control Board,True
12241404,270697,SO2,so2,ppb,2025-02-19T02:45:00Z,2026-09-29T14:30:00Z,588,True,CPCB,Uttar Pradesh Pollution Control Board,True
14341122,270697,NOx,nox,ppb,2025-10-10T18:15:00Z,2026-09-29T14:30:00Z,355,True,CPCB,Uttar Pradesh Pollution Control Board,True
12241405,270697,temperature,temperature,c,2025-02-19T02:45:00Z,2026-09-29T14:30:00Z,588,True,CPCB,Uttar Pradesh Pollution Control Board,True
14341124,270697,wind_speed,wind_speed,m/s,2025-10-10T18:15:00Z,2026-09-29T14:30:00Z,355,True,CPCB,Uttar Pradesh Pollution Control Board,True
12241397,270697,CO,co,ppb,2025-02-19T02:45:00Z,2026-09-29T14:30:00Z,588,True,CPCB,Uttar Pradesh Pollution Control Board,True
14341123,270697,wind_direction,wind_direction,deg,2025-10-10T18:15:00Z,2026-09-29T14:30:00Z,355,True,CPCB,Uttar Pradesh Pollution Control Board,True
12241403,270697,relative_humidity,relativehumidity,%,2025-02-19T02:45:00Z,2026-09-29T14:30:00Z,588,True,CPCB,Uttar Pradesh Pollution Control Board,True
12241400,270697,O3,o3,µg/m³,2025-02-19T02:45:00Z,2026-09-29T14:30:00Z,588,True,CPCB,Uttar Pradesh Pollution Control Board,True
12241401,270697,PM10,pm10,µg/m³,2025-02-19T02:45:00Z,2026-09-29T14:30:00Z,588,True,CPCB,Uttar Pradesh Pollution Control Board,True
12236976,270771,CO,co,ppb,2025-02-18T20:15:00Z,2026-09-29T14:30:00Z,589,True,CPCB,Uttar Pradesh Pollution Control Board,True
12236981,270771,PM2.5,pm25,µg/m³,2025-02-18T20:15:00Z,2026-09-29T14:30:00Z,589,True,CPCB,Uttar Pradesh Pollution Control Board,True
12236983,270771,SO2,so2,ppb,2025-02-18T20:15:00Z,2026-09-29T14:30:00Z,589,True,CPCB,Uttar Pradesh Pollution Control Board,True
12236978,270771,NO2,no2,ppb,2025-02-18T20:15:00Z,2026-09-29T14:30:00Z,589,True,CPCB,Uttar Pradesh Pollution Control Board,True
12236980,270771,PM10,pm10,µg/m³,2025-02-18T20:15:00Z,2026-09-29T14:30:00Z,589,True,CPCB,Uttar Pradesh Pollution Control Board,True
12236979,270771,O3,o3,µg/m³,2025-02-18T20:15:00Z,2026-09-29T14:30:00Z,589,True,CPCB,Uttar Pradesh Pollution Control Board,True
12236984,270771,temperature,temperature,c,2025-02-18T20:15:00Z,2026-09-29T14:30:00Z,589,True,CPCB,Uttar Pradesh Pollution Control Board,True
12236982,270771,relative_humidity,relativehumidity,%,2025-02-18T20:15:00Z,2026-09-29T14:30:00Z,589,True,CPCB,Uttar Pradesh Pollution Control Board,True
14341164,270771,NOx,nox,ppb,2025-10-10T18:15:00Z,2026-09-29T14:30:00Z,355,True,CPCB,Uttar Pradesh Pollution Control Board,True
14341166,270771,wind_speed,wind_speed,m/s,2025-10-10T18:15:00Z,2026-09-29T14:30:00Z,355,True,CPCB,Uttar Pradesh Pollution Control Board,True
14341165,270771,wind_direction,wind_direction,deg,2025-10-10T18:15:00Z,2026-09-29T14:30:00Z,355,True,CPCB,Uttar Pradesh Pollution Control Board,True
1562186,270771,PM10,pm10,µg/m³,2021-12-10T12:00:00Z,2022-10-16T16:00:00Z,0,True,CPCB,Uttar Pradesh Pollution Control Board,False
1562187,270771,PM2.5,pm25,µg/m³,2021-12-10T12:00:00Z,2022-10-16T16:00:00Z,0,True,CPCB,Uttar Pradesh Pollution Control Board,False
1562188,270771,CO,co,µg/m³,2021-12-10T12:00:00Z,2022-10-16T16:00:00Z,0,True,CPCB,Uttar Pradesh Pollution Control Board,False
1562185,270771,O3,o3,µg/m³,2021-12-10T12:00:00Z,2022-10-16T16:00:00Z,0,True,CPCB,Uttar Pradesh Pollution Control Board,False
1562184,270771,NO2,no2,µg/m³,2021-12-10T12:00:00Z,2022-10-16T16:00:00Z,0,True,CPCB,Uttar Pradesh Pollution Control Board,False
1562183,270771,SO2,so2,µg/m³,2021-12-10T12:00:00Z,2022-10-16T16:00:00Z,0,True,CPCB,Uttar Pradesh Pollution Control Board,False
12236991,270777,relative_humidity,relativehumidity,%,2025-02-18T20:15:00Z,2026-09-29T14:30:00Z,589,True,CPCB,Uttar Pradesh Pollution Control Board,True
12236988,270777,O3,o3,µg/m³,2025-02-18T20:15:00Z,2026-09-29T14:30:00Z,589,True,CPCB,Uttar Pradesh Pollution Control Board,True
12236990,270777,PM2.5,pm25,µg/m³,2025-02-18T20:15:00Z,2026-09-29T14:30:00Z,589,True,CPCB,Uttar Pradesh Pollution Control Board,True
12236993,270777,temperature,temperature,c,2025-02-18T20:15:00Z,2026-09-29T14:30:00Z,589,True,CPCB,Uttar Pradesh Pollution Control Board,True
12236985,270777,CO,co,ppb,2025-02-18T20:15:00Z,2026-09-29T14:30:00Z,589,True,CPCB,Uttar Pradesh Pollution Control Board,True
12236992,270777,SO2,so2,ppb,2025-02-18T20:15:00Z,2026-09-29T14:30:00Z,589,True,CPCB,Uttar Pradesh Pollution Control Board,True
12236989,270777,PM10,pm10,µg/m³,2025-02-18T20:15:00Z,2026-09-29T14:30:00Z,589,True,CPCB,Uttar Pradesh Pollution Control Board,True
12236987,270777,NO2,no2,ppb,2025-02-18T20:15:00Z,2026-09-29T14:30:00Z,589,True,CPCB,Uttar Pradesh Pollution Control Board,True
14341167,270777,NOx,nox,ppb,2025-10-10T18:15:00Z,2026-09-29T14:30:00Z,355,True,CPCB,Uttar Pradesh Pollution Control Board,True
14341168,270777,wind_direction,wind_direction,deg,2025-10-10T18:15:00Z,2026-09-29T14:30:00Z,355,True,CPCB,Uttar Pradesh Pollution Control Board,True
14341169,270777,wind_speed,wind_speed,m/s,2025-10-10T18:15:00Z,2026-09-29T14:30:00Z,355,True,CPCB,Uttar Pradesh Pollution Control Board,True
1562226,270777,SO2,so2,µg/m³,2021-12-18T08:00:00Z,2022-10-31T02:00:00Z,0,True,CPCB,Uttar Pradesh Pollution Control Board,False
1562223,270777,PM10,pm10,µg/m³,2021-12-18T08:00:00Z,2022-10-31T02:00:00Z,0,True,CPCB,Uttar Pradesh Pollution Control Board,False
1562221,270777,PM2.5,pm25,µg/m³,2021-12-18T08:00:00Z,2022-10-31T02:00:00Z,0,True,CPCB,Uttar Pradesh Pollution Control Board,False
1562222,270777,O3,o3,µg/m³,2021-12-18T08:00:00Z,2022-10-31T02:00:00Z,0,True,CPCB,Uttar Pradesh Pollution Control Board,False
1562225,270777,NO2,no2,µg/m³,2021-12-18T08:00:00Z,2022-10-31T02:00:00Z,0,True,CPCB,Uttar Pradesh Pollution Control Board,False
1562224,270777,CO,co,µg/m³,2021-12-18T08:00:00Z,2022-10-31T02:00:00Z,0,True,CPCB,Uttar Pradesh Pollution Control Board,False
12237000,270877,relative_humidity,relativehumidity,%,2025-02-18T20:15:00Z,2026-09-29T14:30:00Z,589,True,CPCB,Uttar Pradesh Pollution Control Board,True
12236994,270877,CO,co,ppb,2025-02-18T20:15:00Z,2026-09-29T13:15:00Z,589,True,CPCB,Uttar Pradesh Pollution Control Board,True
12237001,270877,SO2,so2,ppb,2025-02-18T21:45:00Z,2026-09-29T14:30:00Z,589,True,CPCB,Uttar Pradesh Pollution Control Board,True
12236998,270877,PM10,pm10,µg/m³,2025-02-18T20:15:00Z,2026-09-29T13:45:00Z,589,True,CPCB,Uttar Pradesh Pollution Control Board,True
12236999,270877,PM2.5,pm25,µg/m³,2025-02-18T20:15:00Z,2026-09-29T13:45:00Z,589,True,CPCB,Uttar Pradesh Pollution Control Board,True
12236997,270877,O3,o3,µg/m³,2025-02-18T20:15:00Z,2026-09-29T14:30:00Z,589,True,CPCB,Uttar Pradesh Pollution Control Board,True
12237002,270877,temperature,temperature,c,2025-02-18T20:15:00Z,2026-09-29T14:30:00Z,589,True,CPCB,Uttar Pradesh Pollution Control Board,True
12236996,270877,NO2,no2,ppb,2025-02-18T20:15:00Z,2026-09-29T14:30:00Z,589,True,CPCB,Uttar Pradesh Pollution Control Board,True
14341171,270877,wind_direction,wind_direction,deg,2025-10-10T18:15:00Z,2026-09-29T14:30:00Z,355,True,CPCB,Uttar Pradesh Pollution Control Board,True
14341172,270877,wind_speed,wind_speed,m/s,2025-10-10T18:15:00Z,2026-09-29T14:30:00Z,355,True,CPCB,Uttar Pradesh Pollution Control Board,True
14341170,270877,NOx,nox,ppb,2025-10-10T18:15:00Z,2026-09-29T14:30:00Z,355,True,CPCB,Uttar Pradesh Pollution Control Board,True
1562628,270877,SO2,so2,µg/m³,2022-01-20T11:00:00Z,2022-10-31T02:00:00Z,0,True,CPCB,Uttar Pradesh Pollution Control Board,False
1562624,270877,PM10,pm10,µg/m³,2022-01-20T11:00:00Z,2022-10-31T02:00:00Z,0,True,CPCB,Uttar Pradesh Pollution Control Board,False
1562627,270877,NO2,no2,µg/m³,2022-01-20T11:00:00Z,2022-10-31T02:00:00Z,0,True,CPCB,Uttar Pradesh Pollution Control Board,False
1562625,270877,CO,co,µg/m³,2022-01-20T11:00:00Z,2022-10-31T02:00:00Z,0,True,CPCB,Uttar Pradesh Pollution Control Board,False
1562629,270877,PM2.5,pm25,µg/m³,2022-01-20T11:00:00Z,2022-10-31T02:00:00Z,0,True,CPCB,Uttar Pradesh Pollution Control Board,False
1562626,270877,O3,o3,µg/m³,2022-01-20T11:00:00Z,2022-10-31T02:00:00Z,0,True,CPCB,Uttar Pradesh Pollution Control Board,False
12236754,278159,SO2,so2,ppb,2025-02-18T20:15:00Z,2026-09-29T14:30:00Z,589,True,CPCB,Uttar Pradesh Pollution Control Board,True
12236750,278159,O3,o3,µg/m³,2025-02-18T20:15:00Z,2026-09-29T14:30:00Z,589,True,CPCB,Uttar Pradesh Pollution Control Board,True
12236749,278159,NO2,no2,ppb,2025-02-18T20:15:00Z,2026-09-29T14:30:00Z,589,True,CPCB,Uttar Pradesh Pollution Control Board,True
12236747,278159,CO,co,ppb,2025-02-18T20:15:00Z,2026-09-29T14:30:00Z,589,True,CPCB,Uttar Pradesh Pollution Control Board,True
12236753,278159,relative_humidity,relativehumidity,%,2025-02-18T20:15:00Z,2026-09-29T14:30:00Z,589,True,CPCB,Uttar Pradesh Pollution Control Board,True
12236755,278159,temperature,temperature,c,2025-02-18T20:15:00Z,2026-09-29T14:30:00Z,589,True,CPCB,Uttar Pradesh Pollution Control Board,True
12236751,278159,PM10,pm10,µg/m³,2025-02-18T20:15:00Z,2026-09-29T14:30:00Z,589,True,CPCB,Uttar Pradesh Pollution Control Board,True
12236752,278159,PM2.5,pm25,µg/m³,2025-02-18T20:15:00Z,2026-09-29T14:30:00Z,589,True,CPCB,Uttar Pradesh Pollution Control Board,True
14341093,278159,wind_direction,wind_direction,deg,2025-10-10T18:15:00Z,2026-09-29T14:30:00Z,355,True,CPCB,Uttar Pradesh Pollution Control Board,True
14341092,278159,NOx,nox,ppb,2025-10-10T18:15:00Z,2026-09-29T14:30:00Z,355,True,CPCB,Uttar Pradesh Pollution Control Board,True
14341094,278159,wind_speed,wind_speed,m/s,2025-10-10T18:15:00Z,2026-09-29T14:30:00Z,355,True,CPCB,Uttar Pradesh Pollution Control Board,True
1583415,278159,SO2,so2,µg/m³,2022-01-28T05:00:00Z,2022-10-31T02:00:00Z,0,True,CPCB,Uttar Pradesh Pollution Control Board,False
1583418,278159,CO,co,µg/m³,2022-01-28T05:00:00Z,2022-10-31T02:00:00Z,0,True,CPCB,Uttar Pradesh Pollution Control Board,False
1583419,278159,NO2,no2,µg/m³,2022-01-28T05:00:00Z,2022-10-31T02:00:00Z,0,True,CPCB,Uttar Pradesh Pollution Control Board,False
1583417,278159,O3,o3,µg/m³,2022-01-28T05:00:00Z,2022-10-31T02:00:00Z,0,True,CPCB,Uttar Pradesh Pollution Control Board,False
1583420,278159,PM10,pm10,µg/m³,2022-01-28T05:00:00Z,2022-10-31T02:00:00Z,0,True,CPCB,Uttar Pradesh Pollution Control Board,False
1583416,278159,PM2.5,pm25,µg/m³,2022-01-28T05:00:00Z,2022-10-31T02:00:00Z,0,True,CPCB,Uttar Pradesh Pollution Control Board,False
12237009,278418,relative_humidity,relativehumidity,%,2025-02-18T20:15:00Z,2026-09-28T05:30:00Z,588,True,CPCB,Chandigarh Pollution Control Committee,True
12237003,278418,CO,co,ppb,2025-02-18T20:15:00Z,2026-09-28T05:30:00Z,588,True,CPCB,Chandigarh Pollution Control Committee,True
12237008,278418,PM2.5,pm25,µg/m³,2025-02-18T20:15:00Z,2026-09-28T05:30:00Z,588,True,CPCB,Chandigarh Pollution Control Committee,True
12237011,278418,temperature,temperature,c,2025-02-18T20:15:00Z,2026-09-28T05:30:00Z,588,True,CPCB,Chandigarh Pollution Control Committee,True
12237010,278418,SO2,so2,ppb,2025-02-18T20:15:00Z,2026-09-28T05:30:00Z,588,True,CPCB,Chandigarh Pollution Control Committee,True
12237006,278418,O3,o3,µg/m³,2025-02-18T20:15:00Z,2026-09-28T05:30:00Z,588,True,CPCB,Chandigarh Pollution Control Committee,True
12237005,278418,NO2,no2,ppb,2025-02-18T20:15:00Z,2026-09-28T05:30:00Z,588,True,CPCB,Chandigarh Pollution Control Committee,True
12237007,278418,PM10,pm10,µg/m³,2025-02-18T20:15:00Z,2026-09-28T05:30:00Z,588,True,CPCB,Chandigarh Pollution Control Committee,True
14341173,278418,wind_direction,wind_direction,deg,2025-10-10T18:15:00Z,2026-09-28T05:30:00Z,354,True,CPCB,Chandigarh Pollution Control Committee,True
14341174,278418,wind_speed,wind_speed,m/s,2025-10-10T18:15:00Z,2026-09-28T05:30:00Z,354,True,CPCB,Chandigarh Pollution Control Committee,True
14342150,278418,NOx,nox,ppb,2025-10-11T05:00:00Z,2026-09-28T05:30:00Z,353,True,CPCB,Chandigarh Pollution Control Committee,True
1584283,278418,PM10,pm10,µg/m³,2022-01-31T07:30:00Z,2022-10-31T01:45:00Z,0,True,CPCB,Chandigarh Pollution Control Committee,False
1584287,278418,O3,o3,µg/m³,2022-01-31T07:30:00Z,2022-10-31T01:45:00Z,0,True,CPCB,Chandigarh Pollution Control Committee,False
1584286,278418,CO,co,µg/m³,2022-01-31T07:30:00Z,2022-10-31T01:45:00Z,0,True,CPCB,Chandigarh Pollution Control Committee,False
1584284,278418,PM2.5,pm25,µg/m³,2022-01-31T07:30:00Z,2022-10-31T01:45:00Z,0,True,CPCB,Chandigarh Pollution Control Committee,False
1584285,278418,NO2,no2,µg/m³,2022-01-31T07:30:00Z,2022-10-31T01:45:00Z,0,True,CPCB,Chandigarh Pollution Control Committee,False
1584282,278418,SO2,so2,µg/m³,2022-01-31T07:30:00Z,2022-10-31T01:45:00Z,0,True,CPCB,Chandigarh Pollution Control Committee,False
12237038,301388,temperature,temperature,c,2025-02-18T20:15:00Z,2026-09-29T14:30:00Z,589,True,CPCB,Uttar Pradesh Pollution Control Board,True
12237034,301388,PM10,pm10,µg/m³,2025-02-18T20:15:00Z,2026-09-29T14:30:00Z,589,True,CPCB,Uttar Pradesh Pollution Control Board,True
12237030,301388,CO,co,ppb,2025-02-18T20:15:00Z,2026-09-29T14:30:00Z,589,True,CPCB,Uttar Pradesh Pollution Control Board,True
12237036,301388,relative_humidity,relativehumidity,%,2025-02-18T20:15:00Z,2026-09-29T14:30:00Z,589,True,CPCB,Uttar Pradesh Pollution Control Board,True
12237032,301388,NO2,no2,ppb,2025-02-18T20:15:00Z,2026-09-29T14:30:00Z,589,True,CPCB,Uttar Pradesh Pollution Control Board,True
12237033,301388,O3,o3,µg/m³,2025-02-18T20:15:00Z,2026-09-29T14:30:00Z,589,True,CPCB,Uttar Pradesh Pollution Control Board,True
12237035,301388,PM2.5,pm25,µg/m³,2025-02-18T20:15:00Z,2026-09-29T14:30:00Z,589,True,CPCB,Uttar Pradesh Pollution Control Board,True
12237037,301388,SO2,so2,ppb,2025-02-18T20:15:00Z,2026-09-29T14:30:00Z,589,True,CPCB,Uttar Pradesh Pollution Control Board,True
14341182,301388,wind_direction,wind_direction,deg,2025-10-10T18:15:00Z,2026-09-29T14:30:00Z,355,True,CPCB,Uttar Pradesh Pollution Control Board,True
14341183,301388,wind_speed,wind_speed,m/s,2025-10-10T18:15:00Z,2026-09-29T14:30:00Z,355,True,CPCB,Uttar Pradesh Pollution Control Board,True
14341181,301388,NOx,nox,ppb,2025-10-10T18:15:00Z,2026-09-29T14:30:00Z,355,True,CPCB,Uttar Pradesh Pollution Control Board,True
1713358,301388,PM10,pm10,µg/m³,2022-03-24T21:00:00Z,2022-10-31T02:00:00Z,0,True,CPCB,Uttar Pradesh Pollution Control Board,False
1713356,301388,O3,o3,µg/m³,2022-03-24T21:00:00Z,2022-10-31T02:00:00Z,0,True,CPCB,Uttar Pradesh Pollution Control Board,False
1713367,301388,PM2.5,pm25,µg/m³,2022-03-24T21:00:00Z,2022-10-31T02:00:00Z,0,True,CPCB,Uttar Pradesh Pollution Control Board,False
1719188,301388,SO2,so2,µg/m³,2022-03-25T13:00:00Z,2022-10-31T02:00:00Z,0,True,CPCB,Uttar Pradesh Pollution Control Board,False
1719189,301388,NO2,no2,µg/m³,2022-03-25T13:00:00Z,2022-10-31T02:00:00Z,0,True,CPCB,Uttar Pradesh Pollution Control Board,False
1854533,301388,CO,co,µg/m³,2022-04-29T08:00:00Z,2022-10-26T07:30:00Z,0,True,CPCB,Uttar Pradesh Pollution Control Board,False
12237045,301389,relative_humidity,relativehumidity,%,2025-02-18T20:15:00Z,2026-09-29T14:30:00Z,589,True,CPCB,H.P. State Pollution Control Board,True
12237046,301389,SO2,so2,ppb,2025-02-18T20:15:00Z,2026-09-27T02:30:00Z,587,True,CPCB,H.P. State Pollution Control Board,True
12237041,301389,NO2,no2,ppb,2025-02-18T20:15:00Z,2026-09-29T14:30:00Z,589,True,CPCB,H.P. State Pollution Control Board,True
12237044,301389,PM2.5,pm25,µg/m³,2025-02-18T20:15:00Z,2026-09-29T14:30:00Z,589,True,CPCB,H.P. State Pollution Control Board,True
12237042,301389,O3,o3,µg/m³,2025-02-18T20:15:00Z,2026-09-29T14:30:00Z,589,True,CPCB,H.P. State Pollution Control Board,True
12237047,301389,temperature,temperature,c,2025-02-18T20:15:00Z,2026-09-29T14:30:00Z,589,True,CPCB,H.P. State Pollution Control Board,True
12237039,301389,CO,co,ppb,2025-02-18T20:15:00Z,2026-09-29T14:30:00Z,589,True,CPCB,H.P. State Pollution Control Board,True
12237043,301389,PM10,pm10,µg/m³,2025-02-18T20:15:00Z,2026-09-29T14:30:00Z,589,True,CPCB,H.P. State Pollution Control Board,True
14341185,301389,wind_direction,wind_direction,deg,2025-10-10T18:15:00Z,2026-09-29T14:30:00Z,355,True,CPCB,H.P. State Pollution Control Board,True
14341184,301389,NOx,nox,ppb,2025-10-10T18:15:00Z,2026-09-29T14:30:00Z,355,True,CPCB,H.P. State Pollution Control Board,True
14341186,301389,wind_speed,wind_speed,m/s,2025-10-10T18:15:00Z,2026-09-29T14:30:00Z,355,True,CPCB,H.P. State Pollution Control Board,True
1713371,301389,SO2,so2,µg/m³,2022-03-24T20:45:00Z,2022-10-31T01:45:00Z,0,True,CPCB,H.P. State Pollution Control Board,False
1719187,301389,O3,o3,µg/m³,2022-03-25T12:45:00Z,2022-10-31T01:45:00Z,0,True,CPCB,H.P. State Pollution Control Board,False
1713362,301389,PM10,pm10,µg/m³,2022-03-24T20:45:00Z,2022-10-31T01:45:00Z,0,True,CPCB,H.P. State Pollution Control Board,False
1713364,301389,NO2,no2,µg/m³,2022-03-24T20:45:00Z,2022-10-31T01:45:00Z,0,True,CPCB,H.P. State Pollution Control Board,False
1713366,301389,PM2.5,pm25,µg/m³,2022-03-24T20:45:00Z,2022-10-31T01:45:00Z,0,True,CPCB,H.P. State Pollution Control Board,False
1713370,301389,CO,co,µg/m³,2022-03-24T20:45:00Z,2022-10-31T01:45:00Z,0,True,CPCB,H.P. State Pollution Control Board,False
12237077,317035,NO2,no2,ppb,2025-02-18T20:15:00Z,2026-09-29T14:30:00Z,589,True,CPCB,Uttarakhand Pollution Control Board,True
12237081,317035,relative_humidity,relativehumidity,%,2025-02-18T20:15:00Z,2026-09-29T14:30:00Z,589,True,CPCB,Uttarakhand Pollution Control Board,True
12237078,317035,O3,o3,µg/m³,2025-02-18T20:15:00Z,2026-09-29T14:30:00Z,589,True,CPCB,Uttarakhand Pollution Control Board,True
12237083,317035,temperature,temperature,c,2025-02-18T20:15:00Z,2026-09-29T14:30:00Z,589,True,CPCB,Uttarakhand Pollution Control Board,True
12237079,317035,PM10,pm10,µg/m³,2025-02-18T20:15:00Z,2026-09-29T14:00:00Z,589,True,CPCB,Uttarakhand Pollution Control Board,True
12237075,317035,CO,co,ppb,2025-02-18T20:15:00Z,2026-09-29T14:30:00Z,589,True,CPCB,Uttarakhand Pollution Control Board,True
12237082,317035,SO2,so2,ppb,2025-02-18T20:15:00Z,2026-09-29T14:30:00Z,589,True,CPCB,Uttarakhand Pollution Control Board,True
12237080,317035,PM2.5,pm25,µg/m³,2025-02-18T20:15:00Z,2026-09-29T14:00:00Z,589,True,CPCB,Uttarakhand Pollution Control Board,True
14341196,317035,NOx,nox,ppb,2025-10-10T18:15:00Z,2026-09-29T14:30:00Z,355,True,CPCB,Uttarakhand Pollution Control Board,True
14341198,317035,wind_speed,wind_speed,m/s,2025-10-10T18:15:00Z,2026-09-29T14:30:00Z,355,True,CPCB,Uttarakhand Pollution Control Board,True
14341197,317035,wind_direction,wind_direction,deg,2025-10-10T18:15:00Z,2026-09-29T14:30:00Z,355,True,CPCB,Uttarakhand Pollution Control Board,True
1799319,317035,SO2,so2,µg/m³,2022-04-22T13:00:00Z,2022-10-16T15:45:00Z,0,True,CPCB,Uttarakhand Pollution Control Board,False
1799315,317035,O3,o3,µg/m³,2022-04-22T13:00:00Z,2022-10-16T15:45:00Z,0,True,CPCB,Uttarakhand Pollution Control Board,False
1799317,317035,PM10,pm10,µg/m³,2022-04-22T13:00:00Z,2022-10-16T15:45:00Z,0,True,CPCB,Uttarakhand Pollution Control Board,False
1799318,317035,CO,co,µg/m³,2022-04-22T13:00:00Z,2022-10-16T15:45:00Z,0,True,CPCB,Uttarakhand Pollution Control Board,False
1799320,317035,NO2,no2,µg/m³,2022-04-22T13:00:00Z,2022-10-16T15:45:00Z,0,True,CPCB,Uttarakhand Pollution Control Board,False
1799316,317035,PM2.5,pm25,µg/m³,2022-04-22T13:00:00Z,2022-10-16T15:45:00Z,0,True,CPCB,Uttarakhand Pollution Control Board,False
12237029,330021,temperature,temperature,c,2025-02-18T20:15:00Z,2026-06-26T07:30:00Z,494,True,CPCB,Uttar Pradesh Pollution Control Board,True
12237024,330021,O3,o3,µg/m³,2025-02-18T20:15:00Z,2026-09-29T14:30:00Z,589,True,CPCB,Uttar Pradesh Pollution Control Board,True
12237021,330021,CO,co,ppb,2025-02-18T20:15:00Z,2026-09-29T14:30:00Z,589,True,CPCB,Uttar Pradesh Pollution Control Board,True
12237027,330021,relative_humidity,relativehumidity,%,2025-02-18T20:15:00Z,2026-08-21T05:30:00Z,550,True,CPCB,Uttar Pradesh Pollution Control Board,True
12237028,330021,SO2,so2,ppb,2025-02-18T20:15:00Z,2026-09-29T14:30:00Z,589,True,CPCB,Uttar Pradesh Pollution Control Board,True
12237026,330021,PM2.5,pm25,µg/m³,2025-02-18T20:15:00Z,2026-09-29T14:30:00Z,589,True,CPCB,Uttar Pradesh Pollution Control Board,True
12237025,330021,PM10,pm10,µg/m³,2025-02-18T20:15:00Z,2026-09-29T14:30:00Z,589,True,CPCB,Uttar Pradesh Pollution Control Board,True
12237023,330021,NO2,no2,ppb,2025-02-18T20:15:00Z,2026-09-29T14:30:00Z,589,True,CPCB,Uttar Pradesh Pollution Control Board,True
14341179,330021,wind_direction,wind_direction,deg,2025-10-10T18:15:00Z,2026-09-29T14:30:00Z,355,True,CPCB,Uttar Pradesh Pollution Control Board,True
14341178,330021,NOx,nox,ppb,2025-10-10T18:15:00Z,2026-09-29T14:30:00Z,355,True,CPCB,Uttar Pradesh Pollution Control Board,True
14341180,330021,wind_speed,wind_speed,m/s,2025-10-10T18:15:00Z,2026-09-29T14:30:00Z,355,True,CPCB,Uttar Pradesh Pollution Control Board,True
1877852,330021,NO2,no2,µg/m³,2022-05-04T07:00:00Z,2022-10-31T02:00:00Z,0,True,CPCB,Uttar Pradesh Pollution Control Board,False
1877856,330021,SO2,so2,µg/m³,2022-05-04T07:00:00Z,2022-10-31T02:00:00Z,0,True,CPCB,Uttar Pradesh Pollution Control Board,False
1877851,330021,PM2.5,pm25,µg/m³,2022-05-04T07:00:00Z,2022-10-31T02:00:00Z,0,True,CPCB,Uttar Pradesh Pollution Control Board,False
1877855,330021,PM10,pm10,µg/m³,2022-05-04T07:00:00Z,2022-10-31T02:00:00Z,0,True,CPCB,Uttar Pradesh Pollution Control Board,False
1877853,330021,O3,o3,µg/m³,2022-05-04T07:00:00Z,2022-10-31T02:00:00Z,0,True,CPCB,Uttar Pradesh Pollution Control Board,False
1877854,330021,CO,co,µg/m³,2022-05-04T07:00:00Z,2022-10-31T02:00:00Z,0,True,CPCB,Uttar Pradesh Pollution Control Board,False
12237144,346438,relative_humidity,relativehumidity,%,2025-02-18T20:15:00Z,2026-09-29T14:30:00Z,589,True,CPCB,Uttar Pradesh Pollution Control Board,True
12237145,346438,SO2,so2,ppb,2025-02-18T20:15:00Z,2026-09-29T14:30:00Z,589,True,CPCB,Uttar Pradesh Pollution Control Board,True
12237142,346438,PM10,pm10,µg/m³,2025-02-18T20:15:00Z,2026-09-29T14:30:00Z,589,True,CPCB,Uttar Pradesh Pollution Control Board,True
12237141,346438,O3,o3,µg/m³,2025-02-18T20:15:00Z,2026-09-29T09:30:00Z,589,True,CPCB,Uttar Pradesh Pollution Control Board,True
12237143,346438,PM2.5,pm25,µg/m³,2025-02-18T20:15:00Z,2026-09-29T14:30:00Z,589,True,CPCB,Uttar Pradesh Pollution Control Board,True
12237146,346438,temperature,temperature,c,2025-02-18T20:15:00Z,2026-09-29T14:30:00Z,589,True,CPCB,Uttar Pradesh Pollution Control Board,True
12237140,346438,NO2,no2,ppb,2025-02-18T20:15:00Z,2026-09-29T14:30:00Z,589,True,CPCB,Uttar Pradesh Pollution Control Board,True
12237138,346438,CO,co,ppb,2025-02-18T20:15:00Z,2026-09-29T14:30:00Z,589,True,CPCB,Uttar Pradesh Pollution Control Board,True
14341216,346438,wind_speed,wind_speed,m/s,2025-10-10T18:15:00Z,2026-09-29T14:30:00Z,355,True,CPCB,Uttar Pradesh Pollution Control Board,True
14341214,346438,NOx,nox,ppb,2025-10-10T18:15:00Z,2026-09-29T14:30:00Z,355,True,CPCB,Uttar Pradesh Pollution Control Board,True
14341215,346438,wind_direction,wind_direction,deg,2025-10-10T18:15:00Z,2026-09-29T14:30:00Z,355,True,CPCB,Uttar Pradesh Pollution Control Board,True
1971902,346438,O3,o3,µg/m³,2022-06-02T12:00:00Z,2022-10-31T02:00:00Z,0,True,CPCB,Uttar Pradesh Pollution Control Board,False
1971906,346438,CO,co,µg/m³,2022-06-02T12:00:00Z,2022-10-31T02:00:00Z,0,True,CPCB,Uttar Pradesh Pollution Control Board,False
1971903,346438,SO2,so2,µg/m³,2022-06-02T12:00:00Z,2022-10-31T02:00:00Z,0,True,CPCB,Uttar Pradesh Pollution Control Board,False
1971909,346438,NO2,no2,µg/m³,2022-06-02T12:00:00Z,2022-10-31T02:00:00Z,0,True,CPCB,Uttar Pradesh Pollution Control Board,False
1971905,346438,PM10,pm10,µg/m³,2022-06-02T12:00:00Z,2022-10-31T02:00:00Z,0,True,CPCB,Uttar Pradesh Pollution Control Board,False
1971907,346438,PM2.5,pm25,µg/m³,2022-06-02T12:00:00Z,2022-10-31T02:00:00Z,0,True,CPCB,Uttar Pradesh Pollution Control Board,False
12237155,346439,temperature,temperature,c,2025-02-18T20:15:00Z,2026-09-29T14:30:00Z,589,True,CPCB,Uttar Pradesh Pollution Control Board,True
12237154,346439,SO2,so2,ppb,2025-02-18T20:15:00Z,2026-09-29T14:30:00Z,589,True,CPCB,Uttar Pradesh Pollution Control Board,True
12237152,346439,PM2.5,pm25,µg/m³,2025-02-18T20:15:00Z,2026-09-29T14:30:00Z,589,True,CPCB,Uttar Pradesh Pollution Control Board,True
12237151,346439,PM10,pm10,µg/m³,2025-02-18T20:15:00Z,2026-09-29T14:30:00Z,589,True,CPCB,Uttar Pradesh Pollution Control Board,True
12237150,346439,O3,o3,µg/m³,2025-02-18T20:15:00Z,2026-09-29T14:30:00Z,589,True,CPCB,Uttar Pradesh Pollution Control Board,True
12237147,346439,CO,co,ppb,2025-02-18T20:15:00Z,2026-09-29T14:30:00Z,589,True,CPCB,Uttar Pradesh Pollution Control Board,True
12237153,346439,relative_humidity,relativehumidity,%,2025-02-18T20:15:00Z,2026-09-29T14:30:00Z,589,True,CPCB,Uttar Pradesh Pollution Control Board,True
12237149,346439,NO2,no2,ppb,2025-02-18T20:15:00Z,2026-09-29T14:30:00Z,589,True,CPCB,Uttar Pradesh Pollution Control Board,True
14341222,346439,wind_speed,wind_speed,m/s,2025-10-10T18:15:00Z,2026-09-29T14:30:00Z,355,True,CPCB,Uttar Pradesh Pollution Control Board,True
14341221,346439,wind_direction,wind_direction,deg,2025-10-10T18:15:00Z,2026-09-29T14:30:00Z,355,True,CPCB,Uttar Pradesh Pollution Control Board,True
14341220,346439,NOx,nox,ppb,2025-10-10T18:15:00Z,2026-09-29T14:30:00Z,355,True,CPCB,Uttar Pradesh Pollution Control Board,True
1971901,346439,O3,o3,µg/m³,2022-06-02T12:00:00Z,2022-10-31T01:45:00Z,0,True,CPCB,Uttar Pradesh Pollution Control Board,False
1971899,346439,CO,co,µg/m³,2022-06-02T12:00:00Z,2022-10-31T01:45:00Z,0,True,CPCB,Uttar Pradesh Pollution Control Board,False
1971908,346439,PM2.5,pm25,µg/m³,2022-06-02T12:00:00Z,2022-10-31T01:45:00Z,0,True,CPCB,Uttar Pradesh Pollution Control Board,False
1971900,346439,SO2,so2,µg/m³,2022-06-02T12:00:00Z,2022-10-31T01:45:00Z,0,True,CPCB,Uttar Pradesh Pollution Control Board,False
1971904,346439,PM10,pm10,µg/m³,2022-06-02T12:00:00Z,2022-10-31T01:45:00Z,0,True,CPCB,Uttar Pradesh Pollution Control Board,False
1971910,346439,NO2,no2,µg/m³,2022-06-02T12:00:00Z,2022-10-31T01:45:00Z,0,True,CPCB,Uttar Pradesh Pollution Control Board,False
12237268,352777,NO2,no2,ppb,2025-02-18T20:15:00Z,2026-09-29T14:30:00Z,589,True,CPCB,Uttar Pradesh Pollution Control Board,True
12237272,352777,relative_humidity,relativehumidity,%,2025-02-18T20:15:00Z,2026-09-29T14:30:00Z,589,True,CPCB,Uttar Pradesh Pollution Control Board,True
12237269,352777,O3,o3,µg/m³,2025-02-18T20:15:00Z,2026-09-29T14:30:00Z,589,True,CPCB,Uttar Pradesh Pollution Control Board,True
12237266,352777,CO,co,ppb,2025-02-18T20:15:00Z,2026-09-29T14:30:00Z,589,True,CPCB,Uttar Pradesh Pollution Control Board,True
12237273,352777,SO2,so2,ppb,2025-02-18T20:15:00Z,2026-09-29T14:30:00Z,589,True,CPCB,Uttar Pradesh Pollution Control Board,True
12237271,352777,PM2.5,pm25,µg/m³,2025-02-18T20:15:00Z,2026-09-29T14:30:00Z,589,True,CPCB,Uttar Pradesh Pollution Control Board,True
12237270,352777,PM10,pm10,µg/m³,2025-02-18T20:15:00Z,2026-09-29T14:30:00Z,589,True,CPCB,Uttar Pradesh Pollution Control Board,True
12237274,352777,temperature,temperature,c,2025-02-18T20:15:00Z,2026-09-29T14:30:00Z,589,True,CPCB,Uttar Pradesh Pollution Control Board,True
14341250,352777,wind_speed,wind_speed,m/s,2025-10-10T18:15:00Z,2026-09-29T14:30:00Z,355,True,CPCB,Uttar Pradesh Pollution Control Board,True
14341249,352777,wind_direction,wind_direction,deg,2025-10-10T18:15:00Z,2026-09-29T14:30:00Z,355,True,CPCB,Uttar Pradesh Pollution Control Board,True
14341248,352777,NOx,nox,ppb,2025-10-10T18:15:00Z,2026-09-29T14:30:00Z,355,True,CPCB,Uttar Pradesh Pollution Control Board,True
2003323,352777,NO2,no2,µg/m³,2022-06-20T09:00:00Z,2022-10-31T02:00:00Z,0,True,CPCB,Uttar Pradesh Pollution Control Board,False
2003326,352777,PM2.5,pm25,µg/m³,2022-06-20T09:00:00Z,2022-10-31T02:00:00Z,0,True,CPCB,Uttar Pradesh Pollution Control Board,False
2003325,352777,O3,o3,µg/m³,2022-06-20T09:00:00Z,2022-10-31T02:00:00Z,0,True,CPCB,Uttar Pradesh Pollution Control Board,False
2003328,352777,PM10,pm10,µg/m³,2022-06-20T09:00:00Z,2022-10-31T02:00:00Z,0,True,CPCB,Uttar Pradesh Pollution Control Board,False
2003327,352777,CO,co,µg/m³,2022-06-20T09:00:00Z,2022-10-31T02:00:00Z,0,True,CPCB,Uttar Pradesh Pollution Control Board,False
2003324,352777,SO2,so2,µg/m³,2022-06-20T09:00:00Z,2022-10-31T02:00:00Z,0,True,CPCB,Uttar Pradesh Pollution Control Board,False
12237217,353715,NO2,no2,ppb,2025-02-18T20:15:00Z,2026-09-29T14:30:00Z,589,True,CPCB,Uttar Pradesh Pollution Control Board,True
12237218,353715,O3,o3,µg/m³,2025-02-18T20:15:00Z,2026-09-29T14:30:00Z,589,True,CPCB,Uttar Pradesh Pollution Control Board,True
12237219,353715,PM10,pm10,µg/m³,2025-02-18T20:15:00Z,2026-09-26T01:00:00Z,586,True,CPCB,Uttar Pradesh Pollution Control Board,True
12237222,353715,SO2,so2,ppb,2025-02-18T20:15:00Z,2026-09-29T14:30:00Z,589,True,CPCB,Uttar Pradesh Pollution Control Board,True
12237223,353715,temperature,temperature,c,2025-02-18T20:15:00Z,2026-09-29T14:30:00Z,589,True,CPCB,Uttar Pradesh Pollution Control Board,True
12237215,353715,CO,co,ppb,2025-02-18T20:15:00Z,2026-09-29T14:30:00Z,589,True,CPCB,Uttar Pradesh Pollution Control Board,True
12237221,353715,relative_humidity,relativehumidity,%,2025-02-18T20:15:00Z,2026-09-29T14:30:00Z,589,True,CPCB,Uttar Pradesh Pollution Control Board,True
12237220,353715,PM2.5,pm25,µg/m³,2025-02-18T20:15:00Z,2026-09-26T01:00:00Z,586,True,CPCB,Uttar Pradesh Pollution Control Board,True
14341241,353715,wind_direction,wind_direction,deg,2025-10-10T18:15:00Z,2026-09-29T14:30:00Z,355,True,CPCB,Uttar Pradesh Pollution Control Board,True
14341242,353715,wind_speed,wind_speed,m/s,2025-10-10T18:15:00Z,2026-09-29T14:30:00Z,355,True,CPCB,Uttar Pradesh Pollution Control Board,True
14341240,353715,NOx,nox,ppb,2025-10-10T18:15:00Z,2026-09-29T14:30:00Z,355,True,CPCB,Uttar Pradesh Pollution Control Board,True
2007707,353715,PM2.5,pm25,µg/m³,2022-07-04T07:00:00Z,2022-10-31T02:00:00Z,0,True,CPCB,Uttar Pradesh Pollution Control Board,False
2007705,353715,SO2,so2,µg/m³,2022-07-04T07:00:00Z,2022-10-31T02:00:00Z,0,True,CPCB,Uttar Pradesh Pollution Control Board,False
2007706,353715,O3,o3,µg/m³,2022-07-04T07:00:00Z,2022-10-31T02:00:00Z,0,True,CPCB,Uttar Pradesh Pollution Control Board,False
2007702,353715,NO2,no2,µg/m³,2022-07-04T07:00:00Z,2022-10-31T02:00:00Z,0,True,CPCB,Uttar Pradesh Pollution Control Board,False
2007701,353715,PM10,pm10,µg/m³,2022-07-04T07:00:00Z,2022-10-31T02:00:00Z,0,True,CPCB,Uttar Pradesh Pollution Control Board,False
2007704,353715,CO,co,µg/m³,2022-07-04T07:00:00Z,2022-10-31T02:00:00Z,0,True,CPCB,Uttar Pradesh Pollution Control Board,False
12237328,358467,temperature,temperature,c,2025-02-18T20:15:00Z,2026-09-29T05:30:00Z,589,True,CPCB,Uttar Pradesh Pollution Control Board,True
12237327,358467,SO2,so2,ppb,2025-02-18T20:15:00Z,2026-09-29T05:30:00Z,589,True,CPCB,Uttar Pradesh Pollution Control Board,True
12237323,358467,O3,o3,µg/m³,2025-02-18T20:15:00Z,2026-09-29T04:45:00Z,589,True,CPCB,Uttar Pradesh Pollution Control Board,True
12237322,358467,NO2,no2,ppb,2025-02-18T20:15:00Z,2026-09-29T05:30:00Z,589,True,CPCB,Uttar Pradesh Pollution Control Board,True
12237325,358467,PM2.5,pm25,µg/m³,2025-02-18T20:15:00Z,2026-09-29T05:30:00Z,589,True,CPCB,Uttar Pradesh Pollution Control Board,True
12237326,358467,relative_humidity,relativehumidity,%,2025-02-18T20:15:00Z,2026-09-29T05:30:00Z,589,True,CPCB,Uttar Pradesh Pollution Control Board,True
12237324,358467,PM10,pm10,µg/m³,2025-02-18T20:15:00Z,2026-09-29T05:30:00Z,589,True,CPCB,Uttar Pradesh Pollution Control Board,True
12237320,358467,CO,co,ppb,2025-02-18T20:15:00Z,2026-09-29T05:30:00Z,589,True,CPCB,Uttar Pradesh Pollution Control Board,True
14341266,358467,NOx,nox,ppb,2025-10-10T18:15:00Z,2026-09-29T05:30:00Z,355,True,CPCB,Uttar Pradesh Pollution Control Board,True
14341268,358467,wind_speed,wind_speed,m/s,2025-10-10T18:15:00Z,2026-09-29T05:30:00Z,355,True,CPCB,Uttar Pradesh Pollution Control Board,True
14341267,358467,wind_direction,wind_direction,deg,2025-10-10T18:15:00Z,2026-09-29T05:30:00Z,355,True,CPCB,Uttar Pradesh Pollution Control Board,True
2028462,358467,PM10,pm10,µg/m³,2022-09-13T13:00:00Z,2022-10-31T02:00:00Z,0,True,CPCB,Uttar Pradesh Pollution Control Board,False
2028455,358467,SO2,so2,µg/m³,2022-09-13T13:00:00Z,2022-10-31T02:00:00Z,0,True,CPCB,Uttar Pradesh Pollution Control Board,False
2028490,358467,NO2,no2,µg/m³,2022-09-13T13:00:00Z,2022-10-31T02:00:00Z,0,True,CPCB,Uttar Pradesh Pollution Control Board,False
2028498,358467,PM2.5,pm25,µg/m³,2022-09-13T13:00:00Z,2022-10-31T02:00:00Z,0,True,CPCB,Uttar Pradesh Pollution Control Board,False
2028470,358467,O3,o3,µg/m³,2022-09-13T13:00:00Z,2022-10-31T02:00:00Z,0,True,CPCB,Uttar Pradesh Pollution Control Board,False
2028471,358467,CO,co,µg/m³,2022-09-13T13:00:00Z,2022-10-31T02:00:00Z,0,True,CPCB,Uttar Pradesh Pollution Control Board,False
9320350,2860223,relative_humidity,relativehumidity,%,2024-05-22T11:00:00Z,2026-09-30T03:00:00Z,862,False,AirGradient,Unknown Person,True
9320356,2860223,temperature,temperature,c,2024-05-22T11:00:00Z,2026-09-30T03:00:00Z,862,False,AirGradient,Unknown Person,True
9320367,2860223,PM2.5,pm25,µg/m³,2024-05-22T11:00:00Z,2026-09-30T03:00:00Z,862,False,AirGradient,Unknown Person,True
9320368,2860223,PM10,pm10,µg/m³,2024-05-22T11:00:00Z,2025-01-13T23:00:00Z,237,False,AirGradient,Unknown Person,True
10326358,3024966,PM2.5,pm25,µg/m³,2024-08-20T06:43:12Z,2026-09-30T02:58:05Z,772,False,Clarity,Clarity,True
13857024,3409309,CO,co,ppb,2025-08-14T05:15:00Z,2025-08-14T05:30:00Z,1,False,CPCB,Uttar Pradesh Pollution Control Board,True
13857026,3409309,NO2,no2,ppb,2025-08-14T05:15:00Z,2025-08-14T05:30:00Z,1,False,CPCB,Uttar Pradesh Pollution Control Board,True
13857027,3409309,O3,o3,µg/m³,2025-08-14T05:15:00Z,2025-08-14T05:15:00Z,1,False,CPCB,Uttar Pradesh Pollution Control Board,True
13857028,3409309,PM10,pm10,µg/m³,2025-08-14T05:15:00Z,2025-08-14T05:30:00Z,1,False,CPCB,Uttar Pradesh Pollution Control Board,True
13857030,3409309,relative_humidity,relativehumidity,%,2025-08-14T05:15:00Z,2025-08-14T05:30:00Z,1,False,CPCB,Uttar Pradesh Pollution Control Board,True
13857031,3409309,SO2,so2,ppb,2025-08-14T05:15:00Z,2025-08-14T05:30:00Z,1,False,CPCB,Uttar Pradesh Pollution Control Board,True
13857032,3409309,temperature,temperature,c,2025-08-14T05:15:00Z,2025-08-14T05:30:00Z,1,False,CPCB,Uttar Pradesh Pollution Control Board,True
14341754,3409309,NOx,nox,ppb,,,0,False,CPCB,Uttar Pradesh Pollution Control Board,True
14341756,3409309,wind_speed,wind_speed,m/s,,,0,False,CPCB,Uttar Pradesh Pollution Control Board,True
14341755,3409309,wind_direction,wind_direction,deg,,,0,False,CPCB,Uttar Pradesh Pollution Control Board,True
13857029,3409309,PM2.5,pm25,µg/m³,2025-08-14T05:15:00Z,2025-08-14T05:30:00Z,1,False,CPCB,Uttar Pradesh Pollution Control Board,True
12237439,3409369,relative_humidity,relativehumidity,%,2025-02-18T20:15:00Z,2026-09-29T14:30:00Z,589,True,CPCB,Madhya Pradesh Pollution Control Board,True
12237437,3409369,PM10,pm10,µg/m³,2025-02-18T20:15:00Z,2026-09-29T14:30:00Z,589,True,CPCB,Madhya Pradesh Pollution Control Board,True
12237438,3409369,PM2.5,pm25,µg/m³,2025-02-18T20:15:00Z,2026-09-29T14:30:00Z,589,True,CPCB,Madhya Pradesh Pollution Control Board,True
12237440,3409369,SO2,so2,ppb,2025-02-18T20:15:00Z,2026-09-29T14:30:00Z,589,True,CPCB,Madhya Pradesh Pollution Control Board,True
12237435,3409369,NO2,no2,ppb,2025-02-18T20:15:00Z,2026-09-29T14:30:00Z,589,True,CPCB,Madhya Pradesh Pollution Control Board,True
12237436,3409369,O3,o3,µg/m³,2025-02-18T20:15:00Z,2026-09-29T14:30:00Z,589,True,CPCB,Madhya Pradesh Pollution Control Board,True
12237441,3409369,temperature,temperature,c,2025-02-18T20:15:00Z,2026-09-29T14:30:00Z,589,True,CPCB,Madhya Pradesh Pollution Control Board,True
12239612,3409369,CO,co,ppb,2025-02-19T00:00:00Z,2026-09-29T14:30:00Z,588,True,CPCB,Madhya Pradesh Pollution Control Board,True
14341310,3409369,wind_direction,wind_direction,deg,2025-10-10T18:15:00Z,2026-09-29T14:30:00Z,355,True,CPCB,Madhya Pradesh Pollution Control Board,True
14341311,3409369,wind_speed,wind_speed,m/s,2025-10-10T18:15:00Z,2026-09-29T14:30:00Z,355,True,CPCB,Madhya Pradesh Pollution Control Board,True
14341309,3409369,NOx,nox,ppb,2025-10-10T18:15:00Z,2026-09-29T14:30:00Z,355,True,CPCB,Madhya Pradesh Pollution Control Board,True
12237479,3409374,temperature,temperature,c,2025-02-18T20:15:00Z,2026-09-29T14:30:00Z,589,True,CPCB,Madhya Pradesh Pollution Control Board,True
12237473,3409374,NO2,no2,ppb,2025-02-18T20:15:00Z,2026-09-29T14:30:00Z,589,True,CPCB,Madhya Pradesh Pollution Control Board,True
12237475,3409374,PM10,pm10,µg/m³,2025-02-18T20:15:00Z,2026-09-29T14:30:00Z,589,True,CPCB,Madhya Pradesh Pollution Control Board,True
12237476,3409374,PM2.5,pm25,µg/m³,2025-02-18T20:15:00Z,2026-09-29T14:30:00Z,589,True,CPCB,Madhya Pradesh Pollution Control Board,True
12237474,3409374,O3,o3,µg/m³,2025-02-18T20:15:00Z,2026-09-29T14:30:00Z,589,True,CPCB,Madhya Pradesh Pollution Control Board,True
12237471,3409374,CO,co,ppb,2025-02-18T20:15:00Z,2026-09-29T14:30:00Z,589,True,CPCB,Madhya Pradesh Pollution Control Board,True
12237477,3409374,relative_humidity,relativehumidity,%,2025-02-18T20:15:00Z,2026-09-29T14:30:00Z,589,True,CPCB,Madhya Pradesh Pollution Control Board,True
12237478,3409374,SO2,so2,ppb,2025-02-18T20:15:00Z,2026-09-29T14:30:00Z,589,True,CPCB,Madhya Pradesh Pollution Control Board,True
14342185,3409374,NOx,nox,ppb,2025-10-11T11:00:00Z,2026-09-29T14:30:00Z,354,True,CPCB,Madhya Pradesh Pollution Control Board,True
14342186,3409374,wind_direction,wind_direction,deg,2025-10-17T08:15:00Z,2026-09-29T14:30:00Z,348,True,CPCB,Madhya Pradesh Pollution Control Board,True
14342187,3409374,wind_speed,wind_speed,m/s,2025-10-17T08:15:00Z,2026-09-29T14:30:00Z,348,True,CPCB,Madhya Pradesh Pollution Control Board,True
12237720,3409402,PM10,pm10,µg/m³,2025-02-18T20:15:00Z,2026-09-29T14:30:00Z,589,True,CPCB,Rajasthan State Pollution Control Board,True
12237722,3409402,relative_humidity,relativehumidity,%,2025-02-18T20:15:00Z,2026-09-29T14:30:00Z,589,True,CPCB,Rajasthan State Pollution Control Board,True
12237721,3409402,PM2.5,pm25,µg/m³,2025-02-18T20:15:00Z,2026-09-29T14:30:00Z,589,True,CPCB,Rajasthan State Pollution Control Board,True
12237724,3409402,temperature,temperature,c,2025-02-18T20:15:00Z,2026-09-29T14:30:00Z,589,True,CPCB,Rajasthan State Pollution Control Board,True
12237718,3409402,NO2,no2,ppb,2025-02-18T20:15:00Z,2026-09-29T14:30:00Z,589,True,CPCB,Rajasthan State Pollution Control Board,True
12237716,3409402,CO,co,ppb,2025-02-18T20:15:00Z,2026-09-29T14:30:00Z,589,True,CPCB,Rajasthan State Pollution Control Board,True
12237719,3409402,O3,o3,µg/m³,2025-02-18T20:15:00Z,2026-09-29T14:30:00Z,589,True,CPCB,Rajasthan State Pollution Control Board,True
12237723,3409402,SO2,so2,ppb,2025-02-18T20:15:00Z,2026-09-29T14:30:00Z,589,True,CPCB,Rajasthan State Pollution Control Board,True
14341373,3409402,wind_speed,wind_speed,m/s,2025-10-10T18:15:00Z,2026-09-29T14:30:00Z,355,True,CPCB,Rajasthan State Pollution Control Board,True
14341372,3409402,wind_direction,wind_direction,deg,2025-10-10T18:15:00Z,2026-09-29T14:30:00Z,355,True,CPCB,Rajasthan State Pollution Control Board,True
14341371,3409402,NOx,nox,ppb,2025-10-10T18:15:00Z,2026-09-29T14:30:00Z,355,True,CPCB,Rajasthan State Pollution Control Board,True
12237741,3409404,SO2,so2,ppb,2025-02-18T20:15:00Z,2026-09-29T14:30:00Z,589,True,CPCB,Rajasthan State Pollution Control Board,True
12237736,3409404,NO2,no2,ppb,2025-02-18T20:15:00Z,2026-09-29T14:30:00Z,589,True,CPCB,Rajasthan State Pollution Control Board,True
12237742,3409404,temperature,temperature,c,2025-02-18T20:15:00Z,2026-09-29T14:30:00Z,589,True,CPCB,Rajasthan State Pollution Control Board,True
12237739,3409404,PM2.5,pm25,µg/m³,2025-02-18T20:15:00Z,2026-09-29T14:30:00Z,589,True,CPCB,Rajasthan State Pollution Control Board,True
12237734,3409404,CO,co,ppb,2025-02-18T20:15:00Z,2026-09-29T14:30:00Z,589,True,CPCB,Rajasthan State Pollution Control Board,True
12237740,3409404,relative_humidity,relativehumidity,%,2025-02-18T20:15:00Z,2026-09-29T14:30:00Z,589,True,CPCB,Rajasthan State Pollution Control Board,True
12237738,3409404,PM10,pm10,µg/m³,2025-02-18T20:15:00Z,2026-09-29T14:30:00Z,589,True,CPCB,Rajasthan State Pollution Control Board,True
12237737,3409404,O3,o3,µg/m³,2025-02-18T20:15:00Z,2026-09-29T14:30:00Z,589,True,CPCB,Rajasthan State Pollution Control Board,True
14342220,3409404,wind_direction,wind_direction,deg,2025-10-10T20:15:00Z,2026-09-29T14:30:00Z,355,True,CPCB,Rajasthan State Pollution Control Board,True
14342219,3409404,NOx,nox,ppb,2025-10-10T20:15:00Z,2026-09-29T14:30:00Z,355,True,CPCB,Rajasthan State Pollution Control Board,True
14342221,3409404,wind_speed,wind_speed,m/s,2025-10-10T20:15:00Z,2026-09-29T14:30:00Z,355,True,CPCB,Rajasthan State Pollution Control Board,True
12237745,3409405,NO2,no2,ppb,2025-02-18T20:15:00Z,2026-09-29T14:30:00Z,589,True,CPCB,Rajasthan State Pollution Control Board,True
12237747,3409405,PM10,pm10,µg/m³,2025-02-18T20:15:00Z,2026-09-29T14:30:00Z,589,True,CPCB,Rajasthan State Pollution Control Board,True
12237751,3409405,temperature,temperature,c,2025-02-18T20:15:00Z,2026-09-29T14:30:00Z,589,True,CPCB,Rajasthan State Pollution Control Board,True
12237743,3409405,CO,co,ppb,2025-02-18T20:15:00Z,2026-09-29T14:30:00Z,589,True,CPCB,Rajasthan State Pollution Control Board,True
12237748,3409405,PM2.5,pm25,µg/m³,2025-02-18T20:15:00Z,2026-09-29T14:30:00Z,589,True,CPCB,Rajasthan State Pollution Control Board,True
12237749,3409405,relative_humidity,relativehumidity,%,2025-02-18T20:15:00Z,2026-09-29T14:30:00Z,589,True,CPCB,Rajasthan State Pollution Control Board,True
12237746,3409405,O3,o3,µg/m³,2025-02-18T20:15:00Z,2026-09-29T14:30:00Z,589,True,CPCB,Rajasthan State Pollution Control Board,True
12237750,3409405,SO2,so2,ppb,2025-02-18T20:15:00Z,2026-09-29T14:30:00Z,589,True,CPCB,Rajasthan State Pollution Control Board,True
14341377,3409405,NOx,nox,ppb,2025-10-10T18:15:00Z,2026-09-29T14:30:00Z,355,True,CPCB,Rajasthan State Pollution Control Board,True
14341379,3409405,wind_speed,wind_speed,m/s,2025-10-10T18:15:00Z,2026-09-29T14:30:00Z,355,True,CPCB,Rajasthan State Pollution Control Board,True
14341378,3409405,wind_direction,wind_direction,deg,2025-10-10T18:15:00Z,2026-09-29T14:30:00Z,355,True,CPCB,Rajasthan State Pollution Control Board,True
12237761,3409407,CO,co,ppb,2025-02-18T20:15:00Z,2026-09-29T14:30:00Z,589,True,CPCB,Rajasthan State Pollution Control Board,True
12237767,3409407,relative_humidity,relativehumidity,%,2025-02-18T20:15:00Z,2026-09-29T14:30:00Z,589,True,CPCB,Rajasthan State Pollution Control Board,True
12237764,3409407,O3,o3,µg/m³,2025-02-18T20:15:00Z,2026-09-29T14:00:00Z,589,True,CPCB,Rajasthan State Pollution Control Board,True
12237765,3409407,PM10,pm10,µg/m³,2025-02-18T20:15:00Z,2026-09-29T14:30:00Z,589,True,CPCB,Rajasthan State Pollution Control Board,True
12237768,3409407,SO2,so2,ppb,2025-02-18T20:15:00Z,2026-09-29T14:30:00Z,589,True,CPCB,Rajasthan State Pollution Control Board,True
12237766,3409407,PM2.5,pm25,µg/m³,2025-02-18T20:15:00Z,2026-09-29T14:30:00Z,589,True,CPCB,Rajasthan State Pollution Control Board,True
12237769,3409407,temperature,temperature,c,2025-02-18T20:15:00Z,2026-09-29T14:30:00Z,589,True,CPCB,Rajasthan State Pollution Control Board,True
12237763,3409407,NO2,no2,ppb,2025-02-18T20:15:00Z,2026-09-29T14:30:00Z,589,True,CPCB,Rajasthan State Pollution Control Board,True
14341384,3409407,wind_speed,wind_speed,m/s,2025-10-10T18:15:00Z,2026-09-29T14:30:00Z,355,True,CPCB,Rajasthan State Pollution Control Board,True
14341382,3409407,NOx,nox,ppb,2025-10-10T18:15:00Z,2026-09-29T14:30:00Z,355,True,CPCB,Rajasthan State Pollution Control Board,True
14341383,3409407,wind_direction,wind_direction,deg,2025-10-10T18:15:00Z,2026-09-29T14:30:00Z,355,True,CPCB,Rajasthan State Pollution Control Board,True
12237773,3409408,O3,o3,µg/m³,2025-02-18T20:15:00Z,2026-09-29T14:30:00Z,589,True,CPCB,Uttarakhand Pollution Control Board,True
12237778,3409408,temperature,temperature,c,2025-02-18T20:15:00Z,2026-06-23T11:15:00Z,491,True,CPCB,Uttarakhand Pollution Control Board,True
12237776,3409408,relative_humidity,relativehumidity,%,2025-02-18T20:15:00Z,2026-09-29T14:30:00Z,589,True,CPCB,Uttarakhand Pollution Control Board,True
12237772,3409408,NO2,no2,ppb,2025-02-18T20:15:00Z,2026-09-29T14:30:00Z,589,True,CPCB,Uttarakhand Pollution Control Board,True
12237774,3409408,PM10,pm10,µg/m³,2025-02-18T20:15:00Z,2026-09-29T14:30:00Z,589,True,CPCB,Uttarakhand Pollution Control Board,True
12237770,3409408,CO,co,ppb,2025-02-18T20:15:00Z,2026-09-29T14:30:00Z,589,True,CPCB,Uttarakhand Pollution Control Board,True
12237777,3409408,SO2,so2,ppb,2025-02-18T20:15:00Z,2026-09-29T14:30:00Z,589,True,CPCB,Uttarakhand Pollution Control Board,True
12237775,3409408,PM2.5,pm25,µg/m³,2025-02-18T20:15:00Z,2026-09-29T14:30:00Z,589,True,CPCB,Uttarakhand Pollution Control Board,True
14342224,3409408,wind_direction,wind_direction,deg,2025-10-11T09:45:00Z,2026-09-29T14:30:00Z,354,True,CPCB,Uttarakhand Pollution Control Board,True
14342223,3409408,NOx,nox,ppb,2025-10-11T09:45:00Z,2026-09-29T14:30:00Z,354,True,CPCB,Uttarakhand Pollution Control Board,True
14342225,3409408,wind_speed,wind_speed,m/s,2025-10-11T09:45:00Z,2026-09-29T14:30:00Z,354,True,CPCB,Uttarakhand Pollution Control Board,True
12242987,3409409,CO,co,ppb,2025-02-19T07:00:00Z,2026-09-28T20:15:00Z,587,False,CPCB,Uttarakhand Pollution Control Board,True
14341386,3409409,wind_direction,wind_direction,deg,2025-10-10T18:15:00Z,2026-09-28T20:15:00Z,354,False,CPCB,Uttarakhand Pollution Control Board,True
12242994,3409409,SO2,so2,ppb,2025-02-19T07:00:00Z,2026-09-28T09:45:00Z,587,False,CPCB,Uttarakhand Pollution Control Board,True
12242992,3409409,PM2.5,pm25,µg/m³,2025-02-19T06:45:00Z,2026-09-28T09:45:00Z,587,False,CPCB,Uttarakhand Pollution Control Board,True
12242995,3409409,temperature,temperature,c,2025-02-19T06:45:00Z,2026-09-28T20:15:00Z,587,False,CPCB,Uttarakhand Pollution Control Board,True
12242990,3409409,O3,o3,µg/m³,2025-02-19T07:00:00Z,2026-09-28T09:45:00Z,587,False,CPCB,Uttarakhand Pollution Control Board,True
14341385,3409409,NOx,nox,ppb,2025-10-10T18:15:00Z,2026-09-28T20:15:00Z,354,False,CPCB,Uttarakhand Pollution Control Board,True
12242993,3409409,relative_humidity,relativehumidity,%,2025-02-19T06:45:00Z,2026-09-28T20:15:00Z,587,False,CPCB,Uttarakhand Pollution Control Board,True
12242991,3409409,PM10,pm10,µg/m³,2025-02-19T06:45:00Z,2026-09-28T09:45:00Z,587,False,CPCB,Uttarakhand Pollution Control Board,True
12242989,3409409,NO2,no2,ppb,2025-02-19T07:00:00Z,2026-09-28T20:15:00Z,587,False,CPCB,Uttarakhand Pollution Control Board,True
14341387,3409409,wind_speed,wind_speed,m/s,2025-10-10T18:15:00Z,2026-09-28T20:15:00Z,354,False,CPCB,Uttarakhand Pollution Control Board,True
12237841,3409418,O3,o3,µg/m³,2025-02-18T20:15:00Z,2026-09-29T14:30:00Z,589,True,CPCB,Rajasthan State Pollution Control Board,True
12237842,3409418,PM10,pm10,µg/m³,2025-02-18T20:15:00Z,2026-09-29T14:30:00Z,589,True,CPCB,Rajasthan State Pollution Control Board,True
12237844,3409418,relative_humidity,relativehumidity,%,2025-02-18T20:15:00Z,2026-09-29T14:30:00Z,589,True,CPCB,Rajasthan State Pollution Control Board,True
12237845,3409418,SO2,so2,ppb,2025-02-18T20:15:00Z,2026-09-29T14:30:00Z,589,True,CPCB,Rajasthan State Pollution Control Board,True
12237846,3409418,temperature,temperature,c,2025-02-18T20:15:00Z,2026-09-29T14:30:00Z,589,True,CPCB,Rajasthan State Pollution Control Board,True
12237840,3409418,NO2,no2,ppb,2025-02-18T20:15:00Z,2026-09-29T14:30:00Z,589,True,CPCB,Rajasthan State Pollution Control Board,True
12237838,3409418,CO,co,ppb,2025-02-18T20:15:00Z,2026-09-29T14:30:00Z,589,True,CPCB,Rajasthan State Pollution Control Board,True
12237843,3409418,PM2.5,pm25,µg/m³,2025-02-18T20:15:00Z,2026-09-29T14:30:00Z,589,True,CPCB,Rajasthan State Pollution Control Board,True
14342229,3409418,wind_direction,wind_direction,deg,2025-10-11T03:45:00Z,2026-09-29T14:30:00Z,354,True,CPCB,Rajasthan State Pollution Control Board,True
14342228,3409418,NOx,nox,ppb,2025-10-11T03:45:00Z,2026-09-29T14:30:00Z,354,True,CPCB,Rajasthan State Pollution Control Board,True
14342230,3409418,wind_speed,wind_speed,m/s,2025-10-11T03:45:00Z,2026-09-29T14:30:00Z,354,True,CPCB,Rajasthan State Pollution Control Board,True
12237862,3409420,relative_humidity,relativehumidity,%,2025-02-18T20:15:00Z,2026-09-29T14:30:00Z,589,True,CPCB,Rajasthan State Pollution Control Board,True
12237860,3409420,PM10,pm10,µg/m³,2025-02-18T20:15:00Z,2026-09-29T14:30:00Z,589,True,CPCB,Rajasthan State Pollution Control Board,True
12237864,3409420,temperature,temperature,c,2025-02-18T20:15:00Z,2026-09-29T14:30:00Z,589,True,CPCB,Rajasthan State Pollution Control Board,True
12237859,3409420,O3,o3,µg/m³,2025-02-18T20:15:00Z,2026-09-29T14:30:00Z,589,True,CPCB,Rajasthan State Pollution Control Board,True
12237856,3409420,CO,co,ppb,2025-02-18T20:15:00Z,2026-09-29T03:30:00Z,589,True,CPCB,Rajasthan State Pollution Control Board,True
12237863,3409420,SO2,so2,ppb,2025-02-18T20:15:00Z,2026-09-29T14:30:00Z,589,True,CPCB,Rajasthan State Pollution Control Board,True
12237861,3409420,PM2.5,pm25,µg/m³,2025-02-18T20:15:00Z,2026-09-29T14:30:00Z,589,True,CPCB,Rajasthan State Pollution Control Board,True
12237858,3409420,NO2,no2,ppb,2025-02-18T20:15:00Z,2026-09-29T14:30:00Z,589,True,CPCB,Rajasthan State Pollution Control Board,True
14342231,3409420,wind_direction,wind_direction,deg,2025-10-10T20:30:00Z,2026-09-29T14:30:00Z,355,True,CPCB,Rajasthan State Pollution Control Board,True
14341410,3409420,wind_speed,wind_speed,m/s,2025-10-10T18:15:00Z,2026-09-29T14:30:00Z,355,True,CPCB,Rajasthan State Pollution Control Board,True
14341409,3409420,NOx,nox,ppb,2025-10-10T18:15:00Z,2026-09-29T14:30:00Z,355,True,CPCB,Rajasthan State Pollution Control Board,True
12237865,3409421,CO,co,ppb,2025-02-18T20:15:00Z,2026-09-29T14:30:00Z,589,True,CPCB,Rajasthan State Pollution Control Board,True
12237867,3409421,NO2,no2,ppb,2025-02-18T20:15:00Z,2026-09-29T14:30:00Z,589,True,CPCB,Rajasthan State Pollution Control Board,True
12237871,3409421,relative_humidity,relativehumidity,%,2025-02-18T20:15:00Z,2026-09-29T14:30:00Z,589,True,CPCB,Rajasthan State Pollution Control Board,True
12237873,3409421,temperature,temperature,c,2025-02-18T20:15:00Z,2026-09-29T14:30:00Z,589,True,CPCB,Rajasthan State Pollution Control Board,True
12237870,3409421,PM2.5,pm25,µg/m³,2025-02-18T20:15:00Z,2026-09-29T14:30:00Z,589,True,CPCB,Rajasthan State Pollution Control Board,True
12237869,3409421,PM10,pm10,µg/m³,2025-02-18T20:15:00Z,2026-09-29T07:45:00Z,589,True,CPCB,Rajasthan State Pollution Control Board,True
12237872,3409421,SO2,so2,ppb,2025-02-18T20:15:00Z,2026-09-29T14:30:00Z,589,True,CPCB,Rajasthan State Pollution Control Board,True
12237868,3409421,O3,o3,µg/m³,2025-02-18T20:15:00Z,2026-09-29T14:30:00Z,589,True,CPCB,Rajasthan State Pollution Control Board,True
14341413,3409421,wind_speed,wind_speed,m/s,2025-10-10T18:15:00Z,2026-09-29T14:30:00Z,355,True,CPCB,Rajasthan State Pollution Control Board,True
14341411,3409421,NOx,nox,ppb,2025-10-10T18:15:00Z,2026-09-29T14:30:00Z,355,True,CPCB,Rajasthan State Pollution Control Board,True
14341412,3409421,wind_direction,wind_direction,deg,2025-10-10T18:15:00Z,2026-09-29T14:30:00Z,355,True,CPCB,Rajasthan State Pollution Control Board,True
12237874,3409422,CO,co,ppb,2025-02-18T20:15:00Z,2026-09-29T14:30:00Z,589,True,CPCB,Rajasthan State Pollution Control Board,True
12237882,3409422,temperature,temperature,c,2025-02-18T20:15:00Z,2026-09-29T14:30:00Z,589,True,CPCB,Rajasthan State Pollution Control Board,True
12237876,3409422,NO2,no2,ppb,2025-02-18T20:15:00Z,2026-09-29T14:30:00Z,589,True,CPCB,Rajasthan State Pollution Control Board,True
12237880,3409422,relative_humidity,relativehumidity,%,2025-02-18T20:15:00Z,2026-09-29T14:30:00Z,589,True,CPCB,Rajasthan State Pollution Control Board,True
12237878,3409422,PM10,pm10,µg/m³,2025-02-18T20:15:00Z,2026-09-29T14:30:00Z,589,True,CPCB,Rajasthan State Pollution Control Board,True
12237879,3409422,PM2.5,pm25,µg/m³,2025-02-18T20:15:00Z,2026-09-29T14:30:00Z,589,True,CPCB,Rajasthan State Pollution Control Board,True
12237881,3409422,SO2,so2,ppb,2025-02-18T20:15:00Z,2026-09-29T14:30:00Z,589,True,CPCB,Rajasthan State Pollution Control Board,True
12237877,3409422,O3,o3,µg/m³,2025-02-18T20:15:00Z,2026-09-29T14:30:00Z,589,True,CPCB,Rajasthan State Pollution Control Board,True
14341415,3409422,wind_direction,wind_direction,deg,2025-10-10T18:15:00Z,2026-09-29T14:30:00Z,355,True,CPCB,Rajasthan State Pollution Control Board,True
14341414,3409422,NOx,nox,ppb,2025-10-10T18:15:00Z,2026-09-29T14:30:00Z,355,True,CPCB,Rajasthan State Pollution Control Board,True
14341416,3409422,wind_speed,wind_speed,m/s,2025-10-10T18:15:00Z,2026-09-29T14:30:00Z,355,True,CPCB,Rajasthan State Pollution Control Board,True
12237926,3409427,SO2,so2,ppb,2025-02-18T20:15:00Z,2026-09-29T14:30:00Z,589,True,CPCB,Rajasthan State Pollution Control Board,True
12237925,3409427,relative_humidity,relativehumidity,%,2025-02-18T20:15:00Z,2026-09-29T14:30:00Z,589,True,CPCB,Rajasthan State Pollution Control Board,True
12237923,3409427,PM10,pm10,µg/m³,2025-02-18T20:15:00Z,2026-09-29T14:30:00Z,589,True,CPCB,Rajasthan State Pollution Control Board,True
12237922,3409427,O3,o3,µg/m³,2025-02-18T20:15:00Z,2026-09-29T14:30:00Z,589,True,CPCB,Rajasthan State Pollution Control Board,True
12237919,3409427,CO,co,ppb,2025-02-18T20:15:00Z,2026-09-29T14:30:00Z,589,True,CPCB,Rajasthan State Pollution Control Board,True
12237921,3409427,NO2,no2,ppb,2025-02-18T20:15:00Z,2026-09-29T10:00:00Z,589,True,CPCB,Rajasthan State Pollution Control Board,True
12237924,3409427,PM2.5,pm25,µg/m³,2025-02-18T20:15:00Z,2026-09-29T14:30:00Z,589,True,CPCB,Rajasthan State Pollution Control Board,True
12237927,3409427,temperature,temperature,c,2025-02-18T20:15:00Z,2026-09-29T14:30:00Z,589,True,CPCB,Rajasthan State Pollution Control Board,True
14341431,3409427,wind_speed,wind_speed,m/s,2025-10-10T18:15:00Z,2026-09-29T14:30:00Z,355,True,CPCB,Rajasthan State Pollution Control Board,True
14341430,3409427,wind_direction,wind_direction,deg,2025-10-10T18:15:00Z,2026-09-29T14:30:00Z,355,True,CPCB,Rajasthan State Pollution Control Board,True
14341429,3409427,NOx,nox,ppb,2025-10-10T18:15:00Z,2026-09-29T10:00:00Z,355,True,CPCB,Rajasthan State Pollution Control Board,True
12237930,3409428,NO2,no2,ppb,2025-02-18T20:15:00Z,2026-09-29T14:30:00Z,589,True,CPCB,Rajasthan State Pollution Control Board,True
12237932,3409428,PM10,pm10,µg/m³,2025-02-18T20:15:00Z,2026-09-29T14:30:00Z,589,True,CPCB,Rajasthan State Pollution Control Board,True
12237931,3409428,O3,o3,µg/m³,2025-02-18T20:15:00Z,2026-09-29T14:30:00Z,589,True,CPCB,Rajasthan State Pollution Control Board,True
12237935,3409428,SO2,so2,ppb,2025-02-18T20:15:00Z,2026-09-29T14:30:00Z,589,True,CPCB,Rajasthan State Pollution Control Board,True
12237936,3409428,temperature,temperature,c,2025-02-18T20:15:00Z,2026-09-29T14:30:00Z,589,True,CPCB,Rajasthan State Pollution Control Board,True
12237933,3409428,PM2.5,pm25,µg/m³,2025-02-18T20:15:00Z,2026-09-29T14:30:00Z,589,True,CPCB,Rajasthan State Pollution Control Board,True
12237928,3409428,CO,co,ppb,2025-02-18T20:15:00Z,2026-09-29T14:30:00Z,589,True,CPCB,Rajasthan State Pollution Control Board,True
12237934,3409428,relative_humidity,relativehumidity,%,2025-02-18T20:15:00Z,2026-09-29T14:15:00Z,589,True,CPCB,Rajasthan State Pollution Control Board,True
14341433,3409428,wind_direction,wind_direction,deg,2025-10-10T18:15:00Z,2026-09-29T14:30:00Z,355,True,CPCB,Rajasthan State Pollution Control Board,True
14341432,3409428,NOx,nox,ppb,2025-10-10T18:15:00Z,2026-09-29T14:30:00Z,355,True,CPCB,Rajasthan State Pollution Control Board,True
14341434,3409428,wind_speed,wind_speed,m/s,2025-10-10T18:15:00Z,2026-09-29T14:30:00Z,355,True,CPCB,Rajasthan State Pollution Control Board,True
12237949,3409430,O3,o3,µg/m³,2025-02-18T20:15:00Z,2026-09-29T14:30:00Z,589,True,CPCB,Rajasthan State Pollution Control Board,True
12237951,3409430,PM2.5,pm25,µg/m³,2025-02-18T20:15:00Z,2026-09-29T14:30:00Z,589,True,CPCB,Rajasthan State Pollution Control Board,True
12237954,3409430,temperature,temperature,c,2025-02-18T20:15:00Z,2026-09-29T14:15:00Z,589,True,CPCB,Rajasthan State Pollution Control Board,True
12237953,3409430,SO2,so2,ppb,2025-02-18T20:15:00Z,2026-09-29T14:30:00Z,589,True,CPCB,Rajasthan State Pollution Control Board,True
12237950,3409430,PM10,pm10,µg/m³,2025-02-18T20:15:00Z,2026-09-29T14:30:00Z,589,True,CPCB,Rajasthan State Pollution Control Board,True
12237946,3409430,CO,co,ppb,2025-02-18T20:15:00Z,2026-09-29T14:30:00Z,589,True,CPCB,Rajasthan State Pollution Control Board,True
12237952,3409430,relative_humidity,relativehumidity,%,2025-02-18T20:15:00Z,2026-09-29T14:30:00Z,589,True,CPCB,Rajasthan State Pollution Control Board,True
12237948,3409430,NO2,no2,ppb,2025-02-18T20:15:00Z,2026-09-29T14:30:00Z,589,True,CPCB,Rajasthan State Pollution Control Board,True
14341438,3409430,NOx,nox,ppb,2025-10-10T18:15:00Z,2026-09-29T14:30:00Z,355,True,CPCB,Rajasthan State Pollution Control Board,True
14341440,3409430,wind_speed,wind_speed,m/s,2025-10-10T18:15:00Z,2026-09-29T14:30:00Z,355,True,CPCB,Rajasthan State Pollution Control Board,True
14341439,3409430,wind_direction,wind_direction,deg,2025-10-10T18:15:00Z,2026-09-29T14:30:00Z,355,True,CPCB,Rajasthan State Pollution Control Board,True
12237967,3409432,O3,o3,µg/m³,2025-02-18T20:15:00Z,2026-09-29T14:30:00Z,589,True,CPCB,Rajasthan State Pollution Control Board,True
12237972,3409432,temperature,temperature,c,2025-02-18T20:15:00Z,2026-09-29T14:30:00Z,589,True,CPCB,Rajasthan State Pollution Control Board,True
12237970,3409432,relative_humidity,relativehumidity,%,2025-02-18T20:15:00Z,2026-09-29T14:30:00Z,589,True,CPCB,Rajasthan State Pollution Control Board,True
12237969,3409432,PM2.5,pm25,µg/m³,2025-02-18T20:15:00Z,2026-09-29T14:30:00Z,589,True,CPCB,Rajasthan State Pollution Control Board,True
12237968,3409432,PM10,pm10,µg/m³,2025-02-18T20:15:00Z,2026-09-29T14:30:00Z,589,True,CPCB,Rajasthan State Pollution Control Board,True
12237966,3409432,NO2,no2,ppb,2025-02-18T20:15:00Z,2026-09-29T14:30:00Z,589,True,CPCB,Rajasthan State Pollution Control Board,True
12237971,3409432,SO2,so2,ppb,2025-02-18T20:15:00Z,2026-09-29T14:30:00Z,589,True,CPCB,Rajasthan State Pollution Control Board,True
12237964,3409432,CO,co,ppb,2025-02-18T20:15:00Z,2026-09-29T14:30:00Z,589,True,CPCB,Rajasthan State Pollution Control Board,True
14342232,3409432,NOx,nox,ppb,2025-10-10T20:15:00Z,2026-09-29T14:30:00Z,355,True,CPCB,Rajasthan State Pollution Control Board,True
14342234,3409432,wind_speed,wind_speed,m/s,2025-10-10T20:15:00Z,2026-09-29T14:30:00Z,355,True,CPCB,Rajasthan State Pollution Control Board,True
14342233,3409432,wind_direction,wind_direction,deg,2025-10-10T20:15:00Z,2026-09-29T14:30:00Z,355,True,CPCB,Rajasthan State Pollution Control Board,True
12237980,3409433,SO2,so2,ppb,2025-02-18T20:15:00Z,2026-09-29T14:30:00Z,589,True,CPCB,Rajasthan State Pollution Control Board,True
12237977,3409433,PM10,pm10,µg/m³,2025-02-18T20:15:00Z,2026-09-29T14:30:00Z,589,True,CPCB,Rajasthan State Pollution Control Board,True
12237975,3409433,NO2,no2,ppb,2025-02-18T20:15:00Z,2026-09-29T14:30:00Z,589,True,CPCB,Rajasthan State Pollution Control Board,True
12237978,3409433,PM2.5,pm25,µg/m³,2025-02-18T20:15:00Z,2026-09-29T14:30:00Z,589,True,CPCB,Rajasthan State Pollution Control Board,True
12237973,3409433,CO,co,ppb,2025-02-18T20:15:00Z,2026-09-29T14:30:00Z,589,True,CPCB,Rajasthan State Pollution Control Board,True
12237979,3409433,relative_humidity,relativehumidity,%,2025-02-18T20:15:00Z,2026-09-29T14:30:00Z,589,True,CPCB,Rajasthan State Pollution Control Board,True
12237981,3409433,temperature,temperature,c,2025-02-18T20:15:00Z,2026-09-29T14:30:00Z,589,True,CPCB,Rajasthan State Pollution Control Board,True
12237976,3409433,O3,o3,µg/m³,2025-02-18T20:15:00Z,2026-09-29T14:30:00Z,589,True,CPCB,Rajasthan State Pollution Control Board,True
14341444,3409433,NOx,nox,ppb,2025-10-10T18:15:00Z,2026-09-29T14:30:00Z,355,True,CPCB,Rajasthan State Pollution Control Board,True
14341445,3409433,wind_direction,wind_direction,deg,2025-10-10T18:15:00Z,2026-09-29T14:30:00Z,355,True,CPCB,Rajasthan State Pollution Control Board,True
14341446,3409433,wind_speed,wind_speed,m/s,2025-10-10T18:15:00Z,2026-09-29T14:30:00Z,355,True,CPCB,Rajasthan State Pollution Control Board,True
15646331,3409496,CO,co,ppb,2026-03-10T10:30:00Z,2026-06-13T09:15:00Z,96,False,CPCB,OpenAQ admin,True
15646333,3409496,NO2,no2,ppb,2026-03-10T10:30:00Z,2026-06-13T09:15:00Z,96,False,CPCB,OpenAQ admin,True
15646334,3409496,NOx,nox,ppb,2026-03-10T10:30:00Z,2026-06-13T09:15:00Z,96,False,CPCB,OpenAQ admin,True
15646335,3409496,PM2.5,pm25,µg/m³,2026-03-10T10:30:00Z,2026-06-13T09:15:00Z,96,False,CPCB,OpenAQ admin,True
15646336,3409496,relative_humidity,relativehumidity,%,2026-03-10T10:30:00Z,2026-06-13T09:15:00Z,96,False,CPCB,OpenAQ admin,True
15646337,3409496,temperature,temperature,c,2026-03-10T10:30:00Z,2026-06-13T09:15:00Z,96,False,CPCB,OpenAQ admin,True
15646338,3409496,wind_direction,wind_direction,deg,2026-03-10T10:30:00Z,2026-06-13T09:15:00Z,96,False,CPCB,OpenAQ admin,True
15646339,3409496,wind_speed,wind_speed,m/s,2026-03-10T10:30:00Z,2026-06-13T09:15:00Z,96,False,CPCB,OpenAQ admin,True
12238635,3409519,CO,co,ppb,2025-02-18T20:15:00Z,2026-09-29T14:30:00Z,589,True,CPCB,Rajasthan State Pollution Control Board,True
12238639,3409519,PM10,pm10,µg/m³,2025-02-18T20:15:00Z,2026-09-29T14:30:00Z,589,True,CPCB,Rajasthan State Pollution Control Board,True
12238641,3409519,relative_humidity,relativehumidity,%,2025-02-18T20:15:00Z,2026-09-29T14:30:00Z,589,True,CPCB,Rajasthan State Pollution Control Board,True
12238643,3409519,temperature,temperature,c,2025-02-18T20:15:00Z,2026-09-29T14:30:00Z,589,True,CPCB,Rajasthan State Pollution Control Board,True
12238637,3409519,NO2,no2,ppb,2025-02-18T20:15:00Z,2026-09-29T14:30:00Z,589,True,CPCB,Rajasthan State Pollution Control Board,True
12238640,3409519,PM2.5,pm25,µg/m³,2025-02-18T20:15:00Z,2026-09-29T14:30:00Z,589,True,CPCB,Rajasthan State Pollution Control Board,True
12238642,3409519,SO2,so2,ppb,2025-02-18T20:15:00Z,2026-09-29T14:30:00Z,589,True,CPCB,Rajasthan State Pollution Control Board,True
12238638,3409519,O3,o3,µg/m³,2025-02-18T20:30:00Z,2026-09-29T14:30:00Z,589,True,CPCB,Rajasthan State Pollution Control Board,True
14341656,3409519,wind_direction,wind_direction,deg,2025-10-10T18:15:00Z,2026-09-29T14:30:00Z,355,True,CPCB,Rajasthan State Pollution Control Board,True
14341657,3409519,wind_speed,wind_speed,m/s,2025-10-10T18:15:00Z,2026-09-29T14:30:00Z,355,True,CPCB,Rajasthan State Pollution Control Board,True
14341655,3409519,NOx,nox,ppb,2025-10-10T18:15:00Z,2026-09-29T14:30:00Z,355,True,CPCB,Rajasthan State Pollution Control Board,True
12238727,3410004,SO2,so2,ppb,2025-02-18T20:15:00Z,2026-09-29T14:30:00Z,589,True,N/A,OpenAQ admin,True
12238728,3410004,temperature,temperature,c,2025-02-18T20:15:00Z,2026-09-29T14:30:00Z,589,True,N/A,OpenAQ admin,True
12238720,3410004,CO,co,ppb,2025-02-18T20:15:00Z,2026-09-07T07:00:00Z,567,True,N/A,OpenAQ admin,True
12238722,3410004,NO2,no2,ppb,2025-02-18T20:15:00Z,2026-09-29T14:30:00Z,589,True,N/A,OpenAQ admin,True
12238725,3410004,PM2.5,pm25,µg/m³,2025-02-18T20:15:00Z,2026-09-29T14:30:00Z,589,True,N/A,OpenAQ admin,True
12238723,3410004,O3,o3,µg/m³,2025-02-18T20:15:00Z,2026-09-29T14:30:00Z,589,True,N/A,OpenAQ admin,True
12238724,3410004,PM10,pm10,µg/m³,2025-02-18T20:15:00Z,2026-09-29T14:30:00Z,589,True,N/A,OpenAQ admin,True
12238726,3410004,relative_humidity,relativehumidity,%,2025-02-18T20:15:00Z,2026-09-29T14:30:00Z,589,True,N/A,OpenAQ admin,True
14342286,3410004,wind_speed,wind_speed,m/s,2025-10-10T20:15:00Z,2026-09-29T14:30:00Z,355,True,N/A,OpenAQ admin,True
14342285,3410004,wind_direction,wind_direction,deg,2025-10-10T20:15:00Z,2026-09-29T14:30:00Z,355,True,N/A,OpenAQ admin,True
14342284,3410004,NOx,nox,ppb,2025-10-10T20:15:00Z,2026-09-29T14:30:00Z,355,True,N/A,OpenAQ admin,True
13273790,4663956,PM2.5,pm25,µg/m³,2025-06-08T09:00:00Z,2026-09-30T03:00:00Z,480,False,AirGradient,Rafi,True
13273791,4663956,relative_humidity,relativehumidity,%,2025-06-08T09:00:00Z,2026-09-30T03:00:00Z,480,False,AirGradient,Rafi,True
13273792,4663956,temperature,temperature,c,2025-06-08T09:00:00Z,2026-09-30T03:00:00Z,480,False,AirGradient,Rafi,True
15289075,4712609,PM2.5,pm25,µg/m³,2026-01-28T11:00:00Z,2026-09-30T03:00:00Z,246,False,AirGradient,AirGradient,True
15289076,4712609,relative_humidity,relativehumidity,%,2026-01-28T11:00:00Z,2026-09-30T03:00:00Z,246,False,AirGradient,AirGradient,True
15289077,4712609,temperature,temperature,c,2026-01-28T11:00:00Z,2026-09-30T03:00:00Z,246,False,AirGradient,AirGradient,True
13478101,4916349,PM2.5,pm25,µg/m³,2025-07-01T01:00:00Z,2026-09-30T03:00:00Z,457,False,AirGradient,Jai Prakash,True
13478102,4916349,relative_humidity,relativehumidity,%,2025-07-01T01:00:00Z,2026-09-30T03:00:00Z,457,False,AirGradient,Jai Prakash,True
13478103,4916349,temperature,temperature,c,2025-07-01T01:00:00Z,2026-09-30T03:00:00Z,457,False,AirGradient,Jai Prakash,True
14453757,6105800,PM2.5,pm25,µg/m³,2025-10-23T18:00:00Z,2026-09-30T03:00:00Z,343,False,AirGradient,AirGradient,True
14453758,6105800,relative_humidity,relativehumidity,%,2025-10-23T18:00:00Z,2026-09-30T03:00:00Z,343,False,AirGradient,AirGradient,True
14453759,6105800,temperature,temperature,c,2025-10-23T18:00:00Z,2026-09-30T03:00:00Z,343,False,AirGradient,AirGradient,True
14551755,6119272,PM2.5,pm25,µg/m³,2025-11-04T15:00:00Z,2026-03-26T05:00:00Z,143,False,AirGradient,AirGradient,True
14551756,6119272,relative_humidity,relativehumidity,%,2025-11-04T15:00:00Z,2026-03-26T05:00:00Z,143,False,AirGradient,AirGradient,True
14551757,6119272,temperature,temperature,c,2025-11-04T15:00:00Z,2026-03-26T05:00:00Z,143,False,AirGradient,AirGradient,True
14598776,6125489,PM2.5,pm25,µg/m³,2025-11-10T09:00:00Z,2026-09-30T03:00:00Z,325,False,AirGradient,AirGradient,True
14598777,6125489,relative_humidity,relativehumidity,%,2025-11-10T09:00:00Z,2026-09-30T03:00:00Z,325,False,AirGradient,AirGradient,True
14598778,6125489,temperature,temperature,c,2025-11-10T09:00:00Z,2026-09-30T03:00:00Z,325,False,AirGradient,AirGradient,True
14745878,6145551,PM2.5,pm25,µg/m³,2025-11-28T11:00:00Z,2026-09-30T03:00:00Z,307,False,AirGradient,AirGradient,True
14745879,6145551,relative_humidity,relativehumidity,%,2025-11-28T11:00:00Z,2026-09-30T03:00:00Z,307,False,AirGradient,AirGradient,True
14745880,6145551,temperature,temperature,c,2025-11-28T11:00:00Z,2026-09-30T03:00:00Z,307,False,AirGradient,AirGradient,True
14769471,6148686,NOx,nox,ppb,2025-12-01T11:30:00Z,2026-09-29T14:30:00Z,303,False,N/A,OpenAQ admin,True
14769473,6148686,PM10,pm10,µg/m³,2025-12-01T11:45:00Z,2026-09-29T14:30:00Z,303,False,N/A,OpenAQ admin,True
14769468,6148686,CO,co,ppb,2025-12-01T11:30:00Z,2026-09-29T14:30:00Z,303,False,N/A,OpenAQ admin,True
14769470,6148686,NO2,no2,ppb,2025-12-01T11:45:00Z,2026-09-29T14:30:00Z,303,False,N/A,OpenAQ admin,True
14769472,6148686,O3,o3,µg/m³,2025-12-01T11:30:00Z,2026-09-29T14:30:00Z,303,False,N/A,OpenAQ admin,True
14769474,6148686,PM2.5,pm25,µg/m³,2025-12-01T11:45:00Z,2026-09-29T14:30:00Z,303,False,N/A,OpenAQ admin,True
15554202,6254594,CO,co,ppb,2026-02-27T15:30:00Z,2026-09-29T14:30:00Z,215,False,N/A,OpenAQ admin,True
15554204,6254594,NO2,no2,ppb,2026-02-27T15:30:00Z,2026-09-29T14:30:00Z,215,False,N/A,OpenAQ admin,True
15554205,6254594,NOx,nox,ppb,2026-02-27T15:30:00Z,2026-09-29T14:30:00Z,215,False,N/A,OpenAQ admin,True
15554206,6254594,O3,o3,µg/m³,2026-02-27T15:30:00Z,2026-09-29T14:30:00Z,215,False,N/A,OpenAQ admin,True
15554207,6254594,PM10,pm10,µg/m³,2026-02-27T15:30:00Z,2026-09-29T14:30:00Z,215,False,N/A,OpenAQ admin,True
15554208,6254594,PM2.5,pm25,µg/m³,2026-02-27T15:30:00Z,2026-09-29T14:30:00Z,215,False,N/A,OpenAQ admin,True
15554209,6254594,relative_humidity,relativehumidity,%,2026-02-27T15:30:00Z,2026-09-29T14:15:00Z,215,False,N/A,OpenAQ admin,True
15554210,6254594,SO2,so2,ppb,2026-02-27T15:30:00Z,2026-09-29T14:30:00Z,215,False,N/A,OpenAQ admin,True
15554211,6254594,temperature,temperature,c,2026-02-27T15:30:00Z,2026-09-29T14:15:00Z,215,False,N/A,OpenAQ admin,True
15554212,6254594,wind_direction,wind_direction,deg,2026-02-27T15:30:00Z,2026-09-29T14:15:00Z,215,False,N/A,OpenAQ admin,True
15554213,6254594,wind_speed,wind_speed,m/s,2026-02-27T15:30:00Z,2026-09-29T14:15:00Z,215,False,N/A,OpenAQ admin,True
15554698,6254663,CO,co,ppb,2026-02-27T17:00:00Z,2026-09-29T14:30:00Z,215,False,N/A,OpenAQ admin,True
15554709,6254663,wind_speed,wind_speed,m/s,2026-02-27T17:00:00Z,2026-09-29T14:00:00Z,215,False,N/A,OpenAQ admin,True
15554703,6254663,PM10,pm10,µg/m³,2026-02-27T17:00:00Z,2026-09-29T14:30:00Z,215,False,N/A,OpenAQ admin,True
15554700,6254663,NO2,no2,ppb,2026-02-27T17:00:00Z,2026-09-29T14:30:00Z,215,False,N/A,OpenAQ admin,True
15554702,6254663,O3,o3,µg/m³,2026-02-27T17:00:00Z,2026-09-29T14:30:00Z,215,False,N/A,OpenAQ admin,True
15554705,6254663,relative_humidity,relativehumidity,%,2026-02-27T17:00:00Z,2026-09-29T14:30:00Z,215,False,N/A,OpenAQ admin,True
15554708,6254663,wind_direction,wind_direction,deg,2026-02-27T17:00:00Z,2026-09-29T14:30:00Z,215,False,N/A,OpenAQ admin,True
15554707,6254663,temperature,temperature,c,2026-02-27T17:00:00Z,2026-09-29T14:30:00Z,215,False,N/A,OpenAQ admin,True
15554706,6254663,SO2,so2,ppb,2026-02-27T17:00:00Z,2026-09-29T14:30:00Z,215,False,N/A,OpenAQ admin,True
15554704,6254663,PM2.5,pm25,µg/m³,2026-02-27T17:00:00Z,2026-09-29T14:30:00Z,215,False,N/A,OpenAQ admin,True
15554701,6254663,NOx,nox,ppb,2026-02-27T17:00:00Z,2026-09-29T14:30:00Z,215,False,N/A,OpenAQ admin,True
15554718,6254664,SO2,so2,ppb,2026-02-27T17:00:00Z,2026-09-29T14:30:00Z,215,False,N/A,OpenAQ admin,True
15554719,6254664,temperature,temperature,c,2026-02-27T17:00:00Z,2026-09-29T14:30:00Z,215,False,N/A,OpenAQ admin,True
15554720,6254664,wind_direction,wind_direction,deg,2026-02-27T17:00:00Z,2026-09-29T14:30:00Z,215,False,N/A,OpenAQ admin,True
15554721,6254664,wind_speed,wind_speed,m/s,2026-02-27T17:00:00Z,2026-09-29T12:00:00Z,215,False,N/A,OpenAQ admin,True
15554714,6254664,O3,o3,µg/m³,2026-02-27T17:00:00Z,2026-09-29T14:30:00Z,215,False,N/A,OpenAQ admin,True
15554710,6254664,CO,co,ppb,2026-02-27T17:00:00Z,2026-09-29T14:30:00Z,215,False,N/A,OpenAQ admin,True
15554713,6254664,NOx,nox,ppb,2026-02-27T17:00:00Z,2026-09-29T14:30:00Z,215,False,N/A,OpenAQ admin,True
15554717,6254664,relative_humidity,relativehumidity,%,2026-02-27T17:00:00Z,2026-09-29T14:30:00Z,215,False,N/A,OpenAQ admin,True
15554716,6254664,PM2.5,pm25,µg/m³,2026-02-27T17:00:00Z,2026-09-29T14:30:00Z,215,False,N/A,OpenAQ admin,True
15554712,6254664,NO2,no2,ppb,2026-02-27T17:00:00Z,2026-09-29T14:30:00Z,215,False,N/A,OpenAQ admin,True
15554715,6254664,PM10,pm10,µg/m³,2026-02-27T17:00:00Z,2026-09-29T14:30:00Z,215,False,N/A,OpenAQ admin,True
15554722,6254665,CO,co,ppb,2026-02-27T17:00:00Z,2026-09-29T14:30:00Z,215,False,N/A,OpenAQ admin,True
15554724,6254665,NO2,no2,ppb,2026-02-27T17:00:00Z,2026-09-29T14:30:00Z,215,False,N/A,OpenAQ admin,True
15554725,6254665,NOx,nox,ppb,2026-02-27T17:00:00Z,2026-09-29T14:30:00Z,215,False,N/A,OpenAQ admin,True
15554726,6254665,O3,o3,µg/m³,2026-02-27T17:00:00Z,2026-09-29T14:30:00Z,215,False,N/A,OpenAQ admin,True
15554727,6254665,PM10,pm10,µg/m³,2026-02-27T17:00:00Z,2026-09-29T14:30:00Z,215,False,N/A,OpenAQ admin,True
15554728,6254665,PM2.5,pm25,µg/m³,2026-02-27T17:00:00Z,2026-09-29T14:30:00Z,215,False,N/A,OpenAQ admin,True
15554729,6254665,relative_humidity,relativehumidity,%,2026-02-27T17:00:00Z,2026-09-29T14:30:00Z,215,False,N/A,OpenAQ admin,True
15554730,6254665,SO2,so2,ppb,2026-02-27T17:00:00Z,2026-09-29T14:30:00Z,215,False,N/A,OpenAQ admin,True
15554731,6254665,temperature,temperature,c,2026-02-27T17:00:00Z,2026-09-29T14:30:00Z,215,False,N/A,OpenAQ admin,True
15554732,6254665,wind_direction,wind_direction,deg,2026-02-27T17:00:00Z,2026-09-29T14:30:00Z,215,False,N/A,OpenAQ admin,True
15554733,6254665,wind_speed,wind_speed,m/s,2026-02-27T17:00:00Z,2026-09-29T12:15:00Z,215,False,N/A,OpenAQ admin,True
15554734,6254666,CO,co,ppb,2026-02-27T17:00:00Z,2026-09-29T14:30:00Z,215,False,N/A,OpenAQ admin,True
15554736,6254666,NO2,no2,ppb,2026-02-27T17:00:00Z,2026-09-29T14:30:00Z,215,False,N/A,OpenAQ admin,True
15554737,6254666,NOx,nox,ppb,2026-02-27T17:00:00Z,2026-09-29T14:30:00Z,215,False,N/A,OpenAQ admin,True
15554738,6254666,O3,o3,µg/m³,2026-02-27T17:00:00Z,2026-09-29T14:30:00Z,215,False,N/A,OpenAQ admin,True
15554739,6254666,PM10,pm10,µg/m³,2026-02-27T17:00:00Z,2026-09-29T14:30:00Z,215,False,N/A,OpenAQ admin,True
15554740,6254666,PM2.5,pm25,µg/m³,2026-02-27T17:00:00Z,2026-09-29T14:30:00Z,215,False,N/A,OpenAQ admin,True
15554741,6254666,relative_humidity,relativehumidity,%,2026-02-27T16:45:00Z,2026-09-29T14:30:00Z,215,False,N/A,OpenAQ admin,True
15554742,6254666,SO2,so2,ppb,2026-02-27T16:45:00Z,2026-09-29T14:30:00Z,215,False,N/A,OpenAQ admin,True
15554743,6254666,temperature,temperature,c,2026-02-27T16:45:00Z,2026-09-29T14:30:00Z,215,False,N/A,OpenAQ admin,True
15554744,6254666,wind_direction,wind_direction,deg,2026-02-27T16:45:00Z,2026-09-29T11:15:00Z,215,False,N/A,OpenAQ admin,True
15554745,6254666,wind_speed,wind_speed,m/s,2026-02-27T16:45:00Z,2026-09-29T11:45:00Z,215,False,N/A,OpenAQ admin,True
15578289,6257818,O3,o3,µg/m³,2026-03-02T13:00:00Z,2026-09-29T14:30:00Z,212,False,N/A,OpenAQ admin,True
15578291,6257818,PM2.5,pm25,µg/m³,2026-03-02T13:00:00Z,2026-09-29T14:30:00Z,212,False,N/A,OpenAQ admin,True
15578292,6257818,relative_humidity,relativehumidity,%,2026-03-02T13:00:00Z,2026-09-29T14:30:00Z,212,False,N/A,OpenAQ admin,True
15578287,6257818,NO2,no2,ppb,2026-03-02T13:00:00Z,2026-09-29T14:30:00Z,212,False,N/A,OpenAQ admin,True
15578288,6257818,NOx,nox,ppb,2026-03-02T13:00:00Z,2026-09-29T14:30:00Z,212,False,N/A,OpenAQ admin,True
15578294,6257818,temperature,temperature,c,2026-03-02T13:00:00Z,2026-09-29T14:30:00Z,212,False,N/A,OpenAQ admin,True
15578296,6257818,wind_speed,wind_speed,m/s,2026-03-02T13:00:00Z,2026-09-29T13:00:00Z,212,False,N/A,OpenAQ admin,True
15578295,6257818,wind_direction,wind_direction,deg,2026-03-02T13:00:00Z,2026-09-29T14:30:00Z,212,False,N/A,OpenAQ admin,True
15578293,6257818,SO2,so2,ppb,2026-03-02T13:00:00Z,2026-09-29T14:30:00Z,212,False,N/A,OpenAQ admin,True
15578285,6257818,CO,co,ppb,2026-03-02T13:00:00Z,2026-09-29T14:30:00Z,212,False,N/A,OpenAQ admin,True
15578290,6257818,PM10,pm10,µg/m³,2026-03-02T13:00:00Z,2026-09-29T14:30:00Z,212,False,N/A,OpenAQ admin,True
15888912,6299494,CO,co,ppb,2026-04-07T12:45:00Z,2026-09-29T14:30:00Z,176,False,N/A,OpenAQ admin,True
15888917,6299494,PM10,pm10,µg/m³,2026-04-07T12:45:00Z,2026-09-29T14:30:00Z,176,False,N/A,OpenAQ admin,True
15888922,6299494,wind_direction,wind_direction,deg,2026-04-07T12:45:00Z,2026-09-29T14:30:00Z,176,False,N/A,OpenAQ admin,True
15888923,6299494,wind_speed,wind_speed,m/s,2026-04-07T12:45:00Z,2026-09-29T14:30:00Z,176,False,N/A,OpenAQ admin,True
15888914,6299494,NO2,no2,ppb,2026-04-07T12:45:00Z,2026-09-29T14:30:00Z,176,False,N/A,OpenAQ admin,True
15888916,6299494,O3,o3,µg/m³,2026-04-07T12:45:00Z,2026-09-29T14:30:00Z,176,False,N/A,OpenAQ admin,True
15888915,6299494,NOx,nox,ppb,2026-04-07T12:45:00Z,2026-09-29T14:30:00Z,176,False,N/A,OpenAQ admin,True
15888919,6299494,relative_humidity,relativehumidity,%,2026-04-07T12:45:00Z,2026-09-29T14:30:00Z,176,False,N/A,OpenAQ admin,True
15888920,6299494,SO2,so2,ppb,2026-04-07T12:45:00Z,2026-09-29T14:30:00Z,176,False,N/A,OpenAQ admin,True
15888921,6299494,temperature,temperature,c,2026-04-07T12:45:00Z,2026-09-29T14:30:00Z,176,False,N/A,OpenAQ admin,True
15888918,6299494,PM2.5,pm25,µg/m³,2026-04-07T12:45:00Z,2026-09-29T14:30:00Z,176,False,N/A,OpenAQ admin,True
15889773,6299603,temperature,temperature,c,2026-04-07T15:30:00Z,2026-09-29T14:30:00Z,176,False,N/A,OpenAQ admin,True
15889767,6299603,NOx,nox,ppb,2026-04-07T15:30:00Z,2026-09-29T14:30:00Z,176,False,N/A,OpenAQ admin,True
15889771,6299603,relative_humidity,relativehumidity,%,2026-04-07T15:30:00Z,2026-09-29T14:30:00Z,176,False,N/A,OpenAQ admin,True
15889770,6299603,PM2.5,pm25,µg/m³,2026-04-07T15:30:00Z,2026-09-29T14:30:00Z,176,False,N/A,OpenAQ admin,True
15889769,6299603,PM10,pm10,µg/m³,2026-04-07T15:30:00Z,2026-09-29T14:30:00Z,176,False,N/A,OpenAQ admin,True
15889768,6299603,O3,o3,µg/m³,2026-04-07T15:30:00Z,2026-09-29T14:30:00Z,176,False,N/A,OpenAQ admin,True
15889766,6299603,NO2,no2,ppb,2026-04-07T15:30:00Z,2026-09-29T14:30:00Z,176,False,N/A,OpenAQ admin,True
15889775,6299603,wind_speed,wind_speed,m/s,2026-04-07T15:30:00Z,2026-09-29T14:30:00Z,176,False,N/A,OpenAQ admin,True
15889764,6299603,CO,co,ppb,2026-04-07T15:30:00Z,2026-09-29T14:30:00Z,176,False,N/A,OpenAQ admin,True
15889774,6299603,wind_direction,wind_direction,deg,2026-04-07T15:30:00Z,2026-09-29T14:30:00Z,176,False,N/A,OpenAQ admin,True
15889772,6299603,SO2,so2,ppb,2026-04-07T15:30:00Z,2026-09-29T14:30:00Z,176,False,N/A,OpenAQ admin,True
15890338,6299678,NOx,nox,ppb,2026-04-07T17:00:00Z,2026-09-29T14:30:00Z,176,False,N/A,OpenAQ admin,True
15890339,6299678,O3,o3,µg/m³,2026-04-07T17:15:00Z,2026-09-29T14:30:00Z,176,False,N/A,OpenAQ admin,True
15890340,6299678,PM10,pm10,µg/m³,2026-04-07T17:00:00Z,2026-09-29T14:30:00Z,176,False,N/A,OpenAQ admin,True
15890341,6299678,PM2.5,pm25,µg/m³,2026-04-07T17:00:00Z,2026-09-29T14:30:00Z,176,False,N/A,OpenAQ admin,True
15890342,6299678,relative_humidity,relativehumidity,%,2026-04-07T17:00:00Z,2026-09-29T14:30:00Z,176,False,N/A,OpenAQ admin,True
15890343,6299678,SO2,so2,ppb,2026-04-07T17:00:00Z,2026-09-29T14:30:00Z,176,False,N/A,OpenAQ admin,True
15890344,6299678,temperature,temperature,c,2026-04-07T17:00:00Z,2026-09-29T14:30:00Z,176,False,N/A,OpenAQ admin,True
15890345,6299678,wind_direction,wind_direction,deg,2026-04-07T17:00:00Z,2026-09-29T14:30:00Z,176,False,N/A,OpenAQ admin,True
15890346,6299678,wind_speed,wind_speed,m/s,2026-04-07T17:00:00Z,2026-09-29T14:30:00Z,176,False,N/A,OpenAQ admin,True
15890335,6299678,CO,co,ppb,2026-04-07T17:15:00Z,2026-09-29T14:30:00Z,176,False,N/A,OpenAQ admin,True
15890337,6299678,NO2,no2,ppb,2026-04-07T17:15:00Z,2026-09-29T14:30:00Z,176,False,N/A,OpenAQ admin,True
15978427,6311324,CO,co,ppb,2026-04-17T13:15:00Z,2026-09-29T14:30:00Z,166,False,N/A,OpenAQ admin,True
15978430,6311324,NOx,nox,ppb,2026-04-17T13:15:00Z,2026-09-29T14:30:00Z,166,False,N/A,OpenAQ admin,True
15978438,6311324,wind_speed,wind_speed,m/s,2026-04-17T13:15:00Z,2026-09-29T14:30:00Z,166,False,N/A,OpenAQ admin,True
15978432,6311324,PM10,pm10,µg/m³,2026-04-17T13:15:00Z,2026-09-29T14:30:00Z,166,False,N/A,OpenAQ admin,True
15978433,6311324,PM2.5,pm25,µg/m³,2026-04-17T13:15:00Z,2026-09-29T14:30:00Z,166,False,N/A,OpenAQ admin,True
15978435,6311324,SO2,so2,ppb,2026-04-17T13:15:00Z,2026-09-29T14:30:00Z,166,False,N/A,OpenAQ admin,True
15978431,6311324,O3,o3,µg/m³,2026-04-17T13:15:00Z,2026-09-29T14:30:00Z,166,False,N/A,OpenAQ admin,True
15978434,6311324,relative_humidity,relativehumidity,%,2026-04-17T13:15:00Z,2026-09-29T14:30:00Z,166,False,N/A,OpenAQ admin,True
15978436,6311324,temperature,temperature,c,2026-04-17T13:15:00Z,2026-09-29T14:30:00Z,166,False,N/A,OpenAQ admin,True
15978437,6311324,wind_direction,wind_direction,deg,2026-04-17T13:15:00Z,2026-09-29T14:30:00Z,166,False,N/A,OpenAQ admin,True
15978429,6311324,NO2,no2,ppb,2026-04-17T13:15:00Z,2026-09-29T14:30:00Z,166,False,N/A,OpenAQ admin,True
15978443,6311325,O3,o3,µg/m³,2026-04-17T13:15:00Z,2026-09-29T13:45:00Z,166,False,N/A,OpenAQ admin,True
15978450,6311325,wind_speed,wind_speed,m/s,2026-04-17T13:15:00Z,2026-09-29T14:30:00Z,166,False,N/A,OpenAQ admin,True
15978449,6311325,wind_direction,wind_direction,deg,2026-04-17T13:15:00Z,2026-09-28T15:15:00Z,165,False,N/A,OpenAQ admin,True
15978444,6311325,PM10,pm10,µg/m³,2026-04-17T13:15:00Z,2026-09-29T14:30:00Z,166,False,N/A,OpenAQ admin,True
15978439,6311325,CO,co,ppb,2026-04-17T13:15:00Z,2026-09-29T14:30:00Z,166,False,N/A,OpenAQ admin,True
15978448,6311325,temperature,temperature,c,2026-04-17T13:15:00Z,2026-09-29T14:30:00Z,166,False,N/A,OpenAQ admin,True
15978442,6311325,NOx,nox,ppb,2026-04-17T13:15:00Z,2026-09-29T14:30:00Z,166,False,N/A,OpenAQ admin,True
15978441,6311325,NO2,no2,ppb,2026-04-17T13:15:00Z,2026-09-29T14:30:00Z,166,False,N/A,OpenAQ admin,True
15978445,6311325,PM2.5,pm25,µg/m³,2026-04-17T13:15:00Z,2026-09-29T14:30:00Z,166,False,N/A,OpenAQ admin,True
15978446,6311325,relative_humidity,relativehumidity,%,2026-04-17T13:15:00Z,2026-09-29T14:30:00Z,166,False,N/A,OpenAQ admin,True
15978447,6311325,SO2,so2,ppb,2026-04-17T13:15:00Z,2026-09-29T14:30:00Z,166,False,N/A,OpenAQ admin,True
